﻿<dropbox xmlns:d2l_2p0="http://desire2learn.com/xsd/d2lcp_v2p0"><folder name="Assignment 1" id="33" submission_type="0" allow_text_submission="False" completion_type="0" allowable_file_type="0" folder_type="2" sort_order="1" out_of="10.000000000" folder_is_retricted="false" files_per_submission="0" submissions="2" resource_code="FCF4E421-A020-454B-979C-FE41E4E97EDB-2244917" is_hidden="false"><instructions text_type="text/html"><text /></instructions><date_due>2023-10-03T21:00:00</date_due><attachment_set><links /></attachment_set></folder><folder name="Assignment 2" id="34" submission_type="0" allow_text_submission="False" completion_type="0" allowable_file_type="0" folder_type="2" sort_order="2" out_of="10.000000000" folder_is_retricted="false" files_per_submission="0" submissions="2" resource_code="FCF4E421-A020-454B-979C-FE41E4E97EDB-2245002" is_hidden="false"><instructions text_type="text/html"><text>&lt;p&gt;Please follow the instruction in the attached document.&lt;/p&gt;</text></instructions><date_due>2023-11-21T22:00:00</date_due><attachment_set><links /></attachment_set></folder></dropbox>