﻿<?xml version="1.0" encoding="UTF-8"?>
<manifest identifier="D2L_131536" xmlns:d2l_2p0="http://desire2learn.com/xsd/d2lcp_v2p0" xmlns:scorm_1p2="http://www.adlnet.org/xsd/adlcp_rootv1p2" xmlns:imsmd="http://www.imsglobal.org/xsd/imsmd_rootv1p2p1" xmlns="http://www.imsglobal.org/xsd/imscp_v1p1">
    <metadata>
        <imsmd:lom>
            <imsmd:general>
                <imsmd:title>
                    <imsmd:langstring xml:lang="en-ca">GAME ENGINE DEVELOPMENT I CRN-15878-202301</imsmd:langstring>
                </imsmd:title>
                <imsmd:keyword>
                    <imsmd:langstring xml:lang="en-ca">15878.202301</imsmd:langstring>
                </imsmd:keyword>
                <imsmd:language>en-ca</imsmd:language>
            </imsmd:general>
        </imsmd:lom>
    </metadata>
    <organizations default="d2l_orgs">
        <organization identifier="d2l_org">
            <item identifier="6051261" identifierref="RES_CONTENT_6051261" d2l_2p0:id="1" isvisible="False" description="" completion_type="2">
                <title>Final Grade Entry</title>
                <item identifier="6051262" identifierref="RES_CONTENT_6051262" d2l_2p0:id="2" isvisible="False" d2l_2p0:resource_code="FCF4E421-A020-454B-979C-FE41E4E97EDB-2245133" description="" completion_type="2">
                    <title>Final Grade Entry</title>
                </item>
            </item>
            <item identifier="6051263" identifierref="RES_CONTENT_6051263" d2l_2p0:id="3" description="" completion_type="2" date_start="2023-09-05T15:00:00" date_end="2023-12-24T16:00:00">
                <title>Course Materials</title>
                <item identifier="6051264" identifierref="RES_CONTENT_6051264" d2l_2p0:id="4" d2l_2p0:resource_code="FCF4E421-A020-454B-979C-FE41E4E97EDB-2245135" description="" completion_type="2">
                    <title>Github - All materials</title>
                </item>
                <item identifier="6051265" identifierref="RES_CONTENT_6051265" d2l_2p0:id="5" d2l_2p0:resource_code="FCF4E421-A020-454B-979C-FE41E4E97EDB-2245137" description="" completion_type="2">
                    <title>Course Outline</title>
                </item>
                <item identifier="6051266" identifierref="RES_CONTENT_6051266" d2l_2p0:id="6" description="" completion_type="2" resource_type_key="D2L.LE.Dropbox.Dropbox" date_due="2023-10-03T21:00:00">
                    <title>Assignment 1</title>
                </item>
                <item identifier="6051267" identifierref="RES_CONTENT_6051267" d2l_2p0:id="7" description="" completion_type="2" resource_type_key="D2L.LE.Quizzing.Quiz" date_start="2022-09-20T23:30:00" date_end="2022-09-21T00:30:00">
                    <title>Lab Test1</title>
                </item>
                <item identifier="6051268" identifierref="RES_CONTENT_6051268" d2l_2p0:id="8" description="" completion_type="2" resource_type_key="D2L.LE.Quizzing.Quiz" date_start="2022-09-20T23:30:00" date_end="2022-09-21T00:30:00">
                    <title>Lab Test2</title>
                </item>
                <item identifier="6051269" identifierref="RES_CONTENT_6051269" d2l_2p0:id="9" description="" completion_type="2" resource_type_key="D2L.LE.Quizzing.Quiz" date_start="2022-09-27T23:30:00" date_end="2022-09-28T00:30:00">
                    <title>Lab Test3</title>
                </item>
                <item identifier="6051271" identifierref="RES_CONTENT_6051271" d2l_2p0:id="10" description="" completion_type="2" resource_type_key="D2L.LE.Quizzing.Quiz" date_start="2022-10-04T23:30:00" date_end="2022-10-05T00:30:00">
                    <title>Lab Test4</title>
                </item>
                <item identifier="6051272" identifierref="RES_CONTENT_6051272" d2l_2p0:id="11" description="" completion_type="2" resource_type_key="D2L.LE.Dropbox.Dropbox" date_due="2023-11-21T22:00:00">
                    <title>Assignment 2</title>
                </item>
                <item identifier="6051274" identifierref="RES_CONTENT_6051274" d2l_2p0:id="12" description="" completion_type="2" resource_type_key="D2L.LE.Quizzing.Quiz" date_start="2022-10-18T23:00:00" date_end="2022-10-19T00:00:00">
                    <title>Lab Test5</title>
                </item>
                <item identifier="6051275" identifierref="RES_CONTENT_6051275" d2l_2p0:id="13" description="" completion_type="2" resource_type_key="D2L.LE.Quizzing.Quiz" date_start="2022-10-31T21:00:00" date_end="2022-11-02T00:00:00">
                    <title>MidTerm</title>
                </item>
                <item identifier="6051276" identifierref="RES_CONTENT_6051276" d2l_2p0:id="14" description="" completion_type="2" resource_type_key="D2L.LE.Quizzing.Quiz" date_start="2022-11-09T00:00:00" date_end="2022-11-09T01:30:00">
                    <title>Lab Test6</title>
                </item>
                <item identifier="6051277" identifierref="RES_CONTENT_6051277" d2l_2p0:id="15" description="" completion_type="2" resource_type_key="D2L.LE.Quizzing.Quiz" date_start="2022-11-16T00:00:00" date_end="2022-11-16T01:30:00">
                    <title>Lab Test7</title>
                </item>
                <item identifier="6051278" identifierref="RES_CONTENT_6051278" d2l_2p0:id="16" description="" completion_type="2" resource_type_key="D2L.LE.Quizzing.Quiz" date_start="2022-11-22T23:55:00" date_end="2022-11-23T01:00:00">
                    <title>Lab Test8</title>
                </item>
                <item identifier="6051279" identifierref="RES_CONTENT_6051279" d2l_2p0:id="17" description="" completion_type="2" resource_type_key="D2L.LE.Quizzing.Quiz" date_start="2022-12-05T22:00:00" date_end="2022-12-08T01:00:00">
                    <title>Lab Test9</title>
                </item>
                <item identifier="6051280" identifierref="RES_CONTENT_6051280" d2l_2p0:id="18" description="" completion_type="2" resource_type_key="D2L.LE.Quizzing.Quiz" date_start="2022-12-05T22:00:00" date_end="2022-12-08T01:00:00">
                    <title>Lab Test10</title>
                </item>
                <item identifier="6051282" identifierref="RES_CONTENT_6051282" d2l_2p0:id="19" description="" completion_type="2" resource_type_key="D2L.LE.Quizzing.Quiz" date_start="2022-12-12T22:00:00" date_end="2022-12-14T01:00:00">
                    <title>Final Exam</title>
                </item>
            </item>
        </organization>
    </organizations>
    <resources>
        <resource identifier="RES_CONTENT_6051261" type="webcontent" d2l_2p0:material_type="contentmodule" d2l_2p0:link_target="" href="" title="" />
        <resource identifier="RES_CONTENT_6051262" type="webcontent" d2l_2p0:material_type="contentlink" d2l_2p0:link_target="_blank" href="https://fast.georgebrown.ca/" title="" />
        <resource identifier="RES_CONTENT_6051263" type="webcontent" d2l_2p0:material_type="contentmodule" d2l_2p0:link_target="" href="" title="" />
        <resource identifier="RES_CONTENT_6051264" type="webcontent" d2l_2p0:material_type="contentlink" d2l_2p0:link_target="_blank" href="https://github.com/hsalamat/GAME3121" title="" />
        <resource identifier="RES_CONTENT_6051265" type="webcontent" d2l_2p0:material_type="content" d2l_2p0:link_target="" href="CSI_S5_GAME3121_CRN_All.pdf" title="" />
        <resource identifier="RES_CONTENT_6051266" type="webcontent" d2l_2p0:material_type="contentlink" d2l_2p0:link_target="" href="/d2l/common/dialogs/quickLink/quickLink.d2l?ou={orgUnitId}&amp;type=dropbox&amp;rcode=FCF4E421-A020-454B-979C-FE41E4E97EDB-2244917" title="" />
        <resource identifier="RES_CONTENT_6051267" type="webcontent" d2l_2p0:material_type="contentlink" d2l_2p0:link_target="" href="/d2l/common/dialogs/quickLink/quickLink.d2l?ou={orgUnitId}&amp;type=quiz&amp;rcode=FCF4E421-A020-454B-979C-FE41E4E97EDB-2245069" title="" />
        <resource identifier="RES_CONTENT_6051268" type="webcontent" d2l_2p0:material_type="contentlink" d2l_2p0:link_target="" href="/d2l/common/dialogs/quickLink/quickLink.d2l?ou={orgUnitId}&amp;type=quiz&amp;rcode=FCF4E421-A020-454B-979C-FE41E4E97EDB-2245070" title="" />
        <resource identifier="RES_CONTENT_6051269" type="webcontent" d2l_2p0:material_type="contentlink" d2l_2p0:link_target="" href="/d2l/common/dialogs/quickLink/quickLink.d2l?ou={orgUnitId}&amp;type=quiz&amp;rcode=FCF4E421-A020-454B-979C-FE41E4E97EDB-2245067" title="" />
        <resource identifier="RES_CONTENT_6051271" type="webcontent" d2l_2p0:material_type="contentlink" d2l_2p0:link_target="" href="/d2l/common/dialogs/quickLink/quickLink.d2l?ou={orgUnitId}&amp;type=quiz&amp;rcode=FCF4E421-A020-454B-979C-FE41E4E97EDB-2245068" title="" />
        <resource identifier="RES_CONTENT_6051272" type="webcontent" d2l_2p0:material_type="contentlink" d2l_2p0:link_target="" href="/d2l/common/dialogs/quickLink/quickLink.d2l?ou={orgUnitId}&amp;type=dropbox&amp;rcode=FCF4E421-A020-454B-979C-FE41E4E97EDB-2245002" title="" />
        <resource identifier="RES_CONTENT_6051274" type="webcontent" d2l_2p0:material_type="contentlink" d2l_2p0:link_target="" href="/d2l/common/dialogs/quickLink/quickLink.d2l?ou={orgUnitId}&amp;type=quiz&amp;rcode=FCF4E421-A020-454B-979C-FE41E4E97EDB-2245084" title="" />
        <resource identifier="RES_CONTENT_6051275" type="webcontent" d2l_2p0:material_type="contentlink" d2l_2p0:link_target="" href="/d2l/common/dialogs/quickLink/quickLink.d2l?ou={orgUnitId}&amp;type=quiz&amp;rcode=FCF4E421-A020-454B-979C-FE41E4E97EDB-2245094" title="" />
        <resource identifier="RES_CONTENT_6051276" type="webcontent" d2l_2p0:material_type="contentlink" d2l_2p0:link_target="" href="/d2l/common/dialogs/quickLink/quickLink.d2l?ou={orgUnitId}&amp;type=quiz&amp;rcode=FCF4E421-A020-454B-979C-FE41E4E97EDB-2245082" title="" />
        <resource identifier="RES_CONTENT_6051277" type="webcontent" d2l_2p0:material_type="contentlink" d2l_2p0:link_target="" href="/d2l/common/dialogs/quickLink/quickLink.d2l?ou={orgUnitId}&amp;type=quiz&amp;rcode=FCF4E421-A020-454B-979C-FE41E4E97EDB-2245083" title="" />
        <resource identifier="RES_CONTENT_6051278" type="webcontent" d2l_2p0:material_type="contentlink" d2l_2p0:link_target="" href="/d2l/common/dialogs/quickLink/quickLink.d2l?ou={orgUnitId}&amp;type=quiz&amp;rcode=FCF4E421-A020-454B-979C-FE41E4E97EDB-2245085" title="" />
        <resource identifier="RES_CONTENT_6051279" type="webcontent" d2l_2p0:material_type="contentlink" d2l_2p0:link_target="" href="/d2l/common/dialogs/quickLink/quickLink.d2l?ou={orgUnitId}&amp;type=quiz&amp;rcode=FCF4E421-A020-454B-979C-FE41E4E97EDB-2245097" title="" />
        <resource identifier="RES_CONTENT_6051280" type="webcontent" d2l_2p0:material_type="contentlink" d2l_2p0:link_target="" href="/d2l/common/dialogs/quickLink/quickLink.d2l?ou={orgUnitId}&amp;type=quiz&amp;rcode=FCF4E421-A020-454B-979C-FE41E4E97EDB-2245096" title="" />
        <resource identifier="RES_CONTENT_6051282" type="webcontent" d2l_2p0:material_type="contentlink" d2l_2p0:link_target="" href="/d2l/common/dialogs/quickLink/quickLink.d2l?ou={orgUnitId}&amp;type=quiz&amp;rcode=FCF4E421-A020-454B-979C-FE41E4E97EDB-2245095" title="" />
        <resource identifier="res_syllabus" type="webcontent" d2l_2p0:material_type="d2lsyllabus" d2l_2p0:link_target="" href="syllabus_d2l.xml" title="" />
        <resource identifier="res_quiz_247295" type="webcontent" d2l_2p0:material_type="d2lquiz" d2l_2p0:link_target="" href="quiz_d2l_247295.xml" title="Lab Test3" />
        <resource identifier="res_quiz_247296" type="webcontent" d2l_2p0:material_type="d2lquiz" d2l_2p0:link_target="" href="quiz_d2l_247296.xml" title="Lab Test1" />
        <resource identifier="res_quiz_247297" type="webcontent" d2l_2p0:material_type="d2lquiz" d2l_2p0:link_target="" href="quiz_d2l_247297.xml" title="Lab Test4" />
        <resource identifier="res_quiz_247298" type="webcontent" d2l_2p0:material_type="d2lquiz" d2l_2p0:link_target="" href="quiz_d2l_247298.xml" title="Lab Test2" />
        <resource identifier="res_quiz_247299" type="webcontent" d2l_2p0:material_type="d2lquiz" d2l_2p0:link_target="" href="quiz_d2l_247299.xml" title="Lab Test6" />
        <resource identifier="res_quiz_247300" type="webcontent" d2l_2p0:material_type="d2lquiz" d2l_2p0:link_target="" href="quiz_d2l_247300.xml" title="Lab Test7" />
        <resource identifier="res_quiz_247301" type="webcontent" d2l_2p0:material_type="d2lquiz" d2l_2p0:link_target="" href="quiz_d2l_247301.xml" title="Lab Test8" />
        <resource identifier="res_quiz_247302" type="webcontent" d2l_2p0:material_type="d2lquiz" d2l_2p0:link_target="" href="quiz_d2l_247302.xml" title="Lab Test5" />
        <resource identifier="res_quiz_247303" type="webcontent" d2l_2p0:material_type="d2lquiz" d2l_2p0:link_target="" href="quiz_d2l_247303.xml" title="MidTerm" />
        <resource identifier="res_quiz_247304" type="webcontent" d2l_2p0:material_type="d2lquiz" d2l_2p0:link_target="" href="quiz_d2l_247304.xml" title="Final Exam" />
        <resource identifier="res_quiz_247305" type="webcontent" d2l_2p0:material_type="d2lquiz" d2l_2p0:link_target="" href="quiz_d2l_247305.xml" title="Lab Test10" />
        <resource identifier="res_quiz_247306" type="webcontent" d2l_2p0:material_type="d2lquiz" d2l_2p0:link_target="" href="quiz_d2l_247306.xml" title="Lab Test9" />
        <resource identifier="res_quiz_247307" type="webcontent" d2l_2p0:material_type="d2lquiz" d2l_2p0:link_target="" href="quiz_d2l_247307.xml" title="Copy of Lab Test3" />
        <resource identifier="res_dropbox" type="webcontent" d2l_2p0:material_type="d2ldropbox" d2l_2p0:link_target="" href="dropbox_d2l.xml" title="" />
        <resource identifier="res_courseimage" type="webcontent" d2l_2p0:material_type="d2lcourseimage" d2l_2p0:link_target="" href="courseimage_d2l.xml" title="" />
    </resources>
</manifest>