﻿<?xml version="1.0" encoding="UTF-8"?><questestinterop xmlns:d2l_2p0="http://desire2learn.com/xsd/d2lcp_v2p0"><assessment d2l_2p0:id="20" title="Lab Test3" ident="res_quiz_247295" d2l_2p0:resource_code="FCF4E421-A020-454B-979C-FE41E4E97EDB-2245067"><rubric><flow_mat><material><mattext d2l_2p0:isdisplayed="yes" texttype="text/html">&lt;div style="padding-left: 10px;padding-right: 10px"&gt;&lt;/div&gt;</mattext></material></flow_mat></rubric><assessmentcontrol hintswitch="no" solutionswitch="yes" feedbackswitch="no" /><presentation_material><flow_mat><material label="page header"><mattext d2l_2p0:isdisplayed="no" texttype="text/html" /></material><material label="page footer"><mattext d2l_2p0:isdisplayed="no" texttype="text/html" /></material></flow_mat></presentation_material><assess_procextension><d2l_2p0:intro_message d2l_2p0:isdisplayed="no" texttype="text/html" /><d2l_2p0:disable_right_click>no</d2l_2p0:disable_right_click><d2l_2p0:disable_pager_access>no</d2l_2p0:disable_pager_access><is_active>no</is_active><d2l_2p0:date_start><d2l_2p0:timestamp><d2l_2p0:month>9</d2l_2p0:month><d2l_2p0:day>27</d2l_2p0:day><d2l_2p0:year>2022</d2l_2p0:year><d2l_2p0:hour>19</d2l_2p0:hour><d2l_2p0:minutes>30</d2l_2p0:minutes><d2l_2p0:seconds>0</d2l_2p0:seconds></d2l_2p0:timestamp></d2l_2p0:date_start><d2l_2p0:date_end><d2l_2p0:timestamp><d2l_2p0:month>9</d2l_2p0:month><d2l_2p0:day>27</d2l_2p0:day><d2l_2p0:year>2022</d2l_2p0:year><d2l_2p0:hour>20</d2l_2p0:hour><d2l_2p0:minutes>30</d2l_2p0:minutes><d2l_2p0:seconds>0</d2l_2p0:seconds></d2l_2p0:timestamp></d2l_2p0:date_end><d2l_2p0:date_due /><d2l_2p0:has_schedule_event>yes</d2l_2p0:has_schedule_event><d2l_2p0:is_attempt_Rldb>no</d2l_2p0:is_attempt_Rldb><d2l_2p0:is_subview_Rldb>no</d2l_2p0:is_subview_Rldb><d2l_2p0:time_limit>20</d2l_2p0:time_limit><d2l_2p0:show_clock>no</d2l_2p0:show_clock><d2l_2p0:enforce_time_limit>no</d2l_2p0:enforce_time_limit><d2l_2p0:quiz_start_type>no</d2l_2p0:quiz_start_type><d2l_2p0:grace_period>1</d2l_2p0:grace_period><d2l_2p0:late_limit>0</d2l_2p0:late_limit><d2l_2p0:attempts_allowed>1</d2l_2p0:attempts_allowed><d2l_2p0:attempt_restrictions /><d2l_2p0:mark_calculation_type>1</d2l_2p0:mark_calculation_type><d2l_2p0:is_forward_only>no</d2l_2p0:is_forward_only></assess_procextension><assessfeedback title=""><rubric><flow_mat><material><mattext texttype="yes">Your quiz has been submitted successfully.</mattext></material></flow_mat></rubric><d2l_2p0:duration>0</d2l_2p0:duration><d2l_2p0:response_display_type_id>1</d2l_2p0:response_display_type_id><d2l_2p0:show_correct_answers>no</d2l_2p0:show_correct_answers><d2l_2p0:submission_restrictip>no</d2l_2p0:submission_restrictip><d2l_2p0:show_class_average>no</d2l_2p0:show_class_average><d2l_2p0:show_score_distribution>no</d2l_2p0:show_score_distribution></assessfeedback><section ident="CONTAINER_SECTION"><item ident="OBJ_7506376" label="QUES_6441336_6450722" d2l_2p0:page="1"><itemmetadata><qtimetadata><qti_metadatafield><fieldlabel>qmd_computerscored</fieldlabel><fieldentry>yes</fieldentry></qti_metadatafield><qti_metadatafield><fieldlabel>qmd_questiontype</fieldlabel><fieldentry>Multiple Choice</fieldentry></qti_metadatafield><qti_metadatafield><fieldlabel>qmd_weighting</fieldlabel><fieldentry>0.200000000</fieldentry></qti_metadatafield><qti_metadatafield><fieldlabel>qmd_globalid</fieldlabel><fieldentry>d129edd5-4609-41a7-940e-706cf9dfcdc4</fieldentry></qti_metadatafield><qti_metadatafield><fieldlabel>qmd_displayid</fieldlabel><fieldentry>XLIST_SALAMAT_GAME3121_202201-1</fieldentry></qti_metadatafield></qtimetadata></itemmetadata><itemproc_extension><d2l_2p0:difficulty>1</d2l_2p0:difficulty><d2l_2p0:isbonus>no</d2l_2p0:isbonus><d2l_2p0:ismandatory>no</d2l_2p0:ismandatory></itemproc_extension><presentation><flow><material><mattext texttype="text/html">&lt;p&gt;&lt;span style="color: #000000;font-family: &amp;#39;Open Sans&amp;#39;, sans-serif;font-size: 13px;font-style: normal;font-weight: 400;letter-spacing: normal;text-align: start;text-indent: 0px;text-transform: none;white-space: normal;word-spacing: 0px;background-color: #ffffff;display: inline !important;float: none;"&gt;What does the following code represent or it&amp;#39;s best to demoing for?&lt;/span&gt;&lt;/p&gt;  &lt;p&gt;&lt;br/&gt;&lt;/p&gt;  &lt;p&gt;struct Shape{&lt;span style="font-size: small;"&gt;&lt;span style="white-space: pre;"&gt; &lt;/span&gt;&lt;/span&gt;&lt;/p&gt;  &lt;p&gt;&lt;span style="font-size: small;"&gt;virtual void Draw() = 0; // pure virtual function&lt;/span&gt;&lt;span style="font-size: small;"&gt;&lt;span style="white-space: pre;"&gt; &lt;/span&gt;&lt;/span&gt;&lt;/p&gt;  &lt;p&gt;&lt;span style="font-size: small;"&gt;virtual ~Shape() { } // ensure derived dtors are virtual&lt;/span&gt;&lt;/p&gt;  &lt;p&gt;};&lt;/p&gt;  &lt;p&gt;struct Circle : public Shape{&lt;span style="font-size: small;"&gt;&lt;span style="white-space: pre;"&gt; &lt;/span&gt;&lt;/span&gt;&lt;/p&gt;  &lt;p&gt;&lt;span style="font-size: small;"&gt;virtual void Draw()&lt;/span&gt;&lt;span style="font-size: small;"&gt;&lt;span style="white-space: pre;"&gt; &lt;/span&gt;{&lt;/span&gt;&lt;span style="font-size: small;"&gt;&lt;span style="white-space: pre;"&gt; &lt;/span&gt;&lt;/span&gt;&lt;/p&gt;  &lt;p&gt;&lt;span style="font-size: small;"&gt;// draw shape as a circle&lt;/span&gt;&lt;span style="font-size: small;"&gt;&lt;span style="white-space: pre;"&gt; &lt;/span&gt;&lt;/span&gt;&lt;/p&gt;  &lt;p&gt;&lt;span style="font-size: small;"&gt;cout &amp;lt;&amp;lt; &amp;quot;draw shape as a circle&amp;quot; &amp;lt;&amp;lt; endl;&lt;/span&gt;&lt;span style="font-size: small;"&gt;&lt;span style="white-space: pre;"&gt; &lt;/span&gt;&lt;/span&gt;&lt;/p&gt;  &lt;p&gt;&lt;span style="font-size: small;"&gt;}&lt;/span&gt;};&lt;/p&gt;  &lt;p&gt;struct Rectangle : public Shape{&lt;span style="font-size: small;"&gt;&lt;span style="white-space: pre;"&gt; &lt;/span&gt;&lt;/span&gt;&lt;/p&gt;  &lt;p&gt;&lt;span style="font-size: small;"&gt;virtual void Draw()&lt;/span&gt;&lt;span style="font-size: small;"&gt;&lt;span style="white-space: pre;"&gt; &lt;/span&gt;&lt;/span&gt;&lt;/p&gt;  &lt;p&gt;&lt;span style="font-size: small;"&gt;{&lt;/span&gt;&lt;span style="font-size: small;"&gt;&lt;span style="white-space: pre;"&gt; &lt;/span&gt;&lt;/span&gt;&lt;/p&gt;  &lt;p&gt;&lt;span style="font-size: small;"&gt;// draw shape as a rectangle&lt;/span&gt;&lt;span style="font-size: small;"&gt;&lt;span style="white-space: pre;"&gt; &lt;/span&gt;&lt;/span&gt;&lt;/p&gt;  &lt;p&gt;&lt;span style="font-size: small;"&gt;cout &amp;lt;&amp;lt; &amp;quot;draw shape as a rectangle&amp;quot; &amp;lt;&amp;lt; endl;&lt;/span&gt;&lt;span style="font-size: small;"&gt;&lt;span style="white-space: pre;"&gt; &lt;/span&gt;&lt;/span&gt;&lt;/p&gt;  &lt;p&gt;&lt;span style="font-size: small;"&gt;}&lt;/span&gt;};&lt;/p&gt;  &lt;p&gt;struct Triangle : public Shape{&lt;span style="font-size: small;"&gt;&lt;span style="white-space: pre;"&gt; &lt;/span&gt;&lt;/span&gt;&lt;/p&gt;  &lt;p&gt;&lt;span style="font-size: small;"&gt;virtual void Draw()&lt;/span&gt;&lt;span style="font-size: small;"&gt;&lt;span style="white-space: pre;"&gt; &lt;/span&gt;{&lt;/span&gt;&lt;span style="font-size: small;"&gt;&lt;span style="white-space: pre;"&gt; &lt;/span&gt;&lt;/span&gt;&lt;/p&gt;  &lt;p&gt;&lt;span style="font-size: small;"&gt;// draw shape as a triangle&lt;/span&gt;&lt;span style="font-size: small;"&gt;&lt;span style="white-space: pre;"&gt; &lt;/span&gt;&lt;/span&gt;&lt;/p&gt;  &lt;p&gt;&lt;span style="font-size: small;"&gt;cout &amp;lt;&amp;lt; &amp;quot;draw shape as a triangle&amp;quot; &amp;lt;&amp;lt; endl;&lt;/span&gt;&lt;span style="font-size: small;"&gt;&lt;span style="white-space: pre;"&gt; &lt;/span&gt;&lt;/span&gt;&lt;/p&gt;  &lt;p&gt;&lt;span style="font-size: small;"&gt;}&lt;/span&gt;};&lt;/p&gt;  &lt;p&gt;&lt;br/&gt;&lt;br/&gt;void main(){&lt;span style="font-size: small;"&gt;&lt;span style="white-space: pre;"&gt; &lt;/span&gt;&lt;/span&gt;&lt;/p&gt;  &lt;p&gt;&lt;span style="font-size: small;"&gt;Triangle triangle;&lt;/span&gt;&lt;span style="font-size: small;"&gt;&lt;span style="white-space: pre;"&gt; &lt;/span&gt;&lt;/span&gt;&lt;/p&gt;  &lt;p&gt;&lt;span style="font-size: small;"&gt;&amp;#160; &amp;#160; &amp;#160; &amp;#160; Circle circle;&lt;/span&gt;&lt;span style="font-size: small;"&gt;&lt;span style="white-space: pre;"&gt; &lt;/span&gt;&lt;/span&gt;&lt;/p&gt;  &lt;p&gt;&lt;span style="font-size: small;"&gt;&amp;#160; &amp;#160; &amp;#160; &amp;#160;Rectangle rectangle;&lt;/span&gt;&lt;/p&gt;  &lt;p&gt;&lt;span style="font-size: small;"&gt;&lt;span style="white-space: pre;"&gt; &lt;/span&gt;triangle.Draw();&lt;/span&gt;&lt;span style="font-size: small;"&gt;&lt;span style="white-space: pre;"&gt; &lt;/span&gt;&lt;/span&gt;&lt;/p&gt;  &lt;p&gt;&lt;span style="font-size: small;"&gt;&amp;#160; &amp;#160; &amp;#160; &amp;#160;circle.Draw();&lt;/span&gt;&lt;/p&gt;  &lt;p&gt;&lt;span style="font-size: small;"&gt;&lt;span style="white-space: pre;"&gt; &lt;/span&gt;rectangle.Draw();&lt;/span&gt;&lt;br/&gt;}&lt;span style="font-size: 13px;"&gt;&lt;/span&gt;&lt;/p&gt;</mattext></material><response_extension><d2l_2p0:display_style>2</d2l_2p0:display_style><d2l_2p0:enumeration>6</d2l_2p0:enumeration><d2l_2p0:grading_type>0</d2l_2p0:grading_type></response_extension><response_lid ident="QUES_6441336_6450722_LID" rcardinality="Single"><render_choice shuffle="no"><flow_label class="Block"><response_label ident="QUES_6441336_6450722_A23696327"><flow_mat><material><mattext texttype="text/html">&lt;div class="vtbegenerated inlineVtbegenerated"&gt;&lt;p&gt;Virtual Inheritance&lt;/p&gt;&lt;/div&gt;
</mattext></material></flow_mat></response_label></flow_label><flow_label class="Block"><response_label ident="QUES_6441336_6450722_A23696328"><flow_mat><material><mattext texttype="text/html">&lt;div class="vtbegenerated inlineVtbegenerated"&gt;&lt;p&gt;Polymorphism&lt;/p&gt;&lt;/div&gt;
</mattext></material></flow_mat></response_label></flow_label><flow_label class="Block"><response_label ident="QUES_6441336_6450722_A23696329"><flow_mat><material><mattext texttype="text/html">&lt;div class="vtbegenerated inlineVtbegenerated"&gt;&lt;p&gt;Composition&lt;/p&gt;&lt;/div&gt;
</mattext></material></flow_mat></response_label></flow_label><flow_label class="Block"><response_label ident="QUES_6441336_6450722_A23696330"><flow_mat><material><mattext texttype="text/html">&lt;div class="vtbegenerated inlineVtbegenerated"&gt;&lt;p&gt;Aggregation&lt;/p&gt;&lt;/div&gt;
</mattext></material></flow_mat></response_label></flow_label></render_choice></response_lid></flow></presentation><resprocessing><respcondition title="Response Condition 1"><conditionvar><varequal respident="QUES_6441336_6450722_LID">QUES_6441336_6450722_A23696327</varequal></conditionvar><setvar action="Set">0.000000000</setvar><displayfeedback feedbacktype="Response" linkrefid="QUES_6441336_6450722_IF23696327" /></respcondition><respcondition title="Response Condition 2"><conditionvar><varequal respident="QUES_6441336_6450722_LID">QUES_6441336_6450722_A23696328</varequal></conditionvar><setvar action="Set">100.000000000</setvar><displayfeedback feedbacktype="Response" linkrefid="QUES_6441336_6450722_IF23696328" /></respcondition><respcondition title="Response Condition 3"><conditionvar><varequal respident="QUES_6441336_6450722_LID">QUES_6441336_6450722_A23696329</varequal></conditionvar><setvar action="Set">0.000000000</setvar><displayfeedback feedbacktype="Response" linkrefid="QUES_6441336_6450722_IF23696329" /></respcondition><respcondition title="Response Condition 4"><conditionvar><varequal respident="QUES_6441336_6450722_LID">QUES_6441336_6450722_A23696330</varequal></conditionvar><setvar action="Set">0.000000000</setvar><displayfeedback feedbacktype="Response" linkrefid="QUES_6441336_6450722_IF23696330" /></respcondition></resprocessing><itemfeedback ident="QUES_6441336_6450722_IF23696327"><material><mattext texttype="text/plain" /></material></itemfeedback><itemfeedback ident="QUES_6441336_6450722_IF23696328"><material><mattext texttype="text/plain" /></material></itemfeedback><itemfeedback ident="QUES_6441336_6450722_IF23696329"><material><mattext texttype="text/plain" /></material></itemfeedback><itemfeedback ident="QUES_6441336_6450722_IF23696330"><material><mattext texttype="text/plain" /></material></itemfeedback></item><item ident="OBJ_7506377" label="QUES_6441337_6450723" d2l_2p0:page="1"><itemmetadata><qtimetadata><qti_metadatafield><fieldlabel>qmd_computerscored</fieldlabel><fieldentry>yes</fieldentry></qti_metadatafield><qti_metadatafield><fieldlabel>qmd_questiontype</fieldlabel><fieldentry>Multiple Choice</fieldentry></qti_metadatafield><qti_metadatafield><fieldlabel>qmd_weighting</fieldlabel><fieldentry>0.200000000</fieldentry></qti_metadatafield><qti_metadatafield><fieldlabel>qmd_globalid</fieldlabel><fieldentry>57cf04dc-9389-4f2c-8504-437871ec84fb</fieldentry></qti_metadatafield><qti_metadatafield><fieldlabel>qmd_displayid</fieldlabel><fieldentry>XLIST_SALAMAT_GAME3121_202201-2</fieldentry></qti_metadatafield></qtimetadata></itemmetadata><itemproc_extension><d2l_2p0:difficulty>1</d2l_2p0:difficulty><d2l_2p0:isbonus>no</d2l_2p0:isbonus><d2l_2p0:ismandatory>no</d2l_2p0:ismandatory></itemproc_extension><presentation><flow><material><mattext texttype="text/html">&lt;p&gt;&lt;span style="color: #000000;font-family: &amp;#39;Open Sans&amp;#39;, sans-serif;font-size: 13px;font-style: normal;font-weight: 400;letter-spacing: normal;text-align: start;text-indent: 0px;text-transform: none;white-space: normal;word-spacing: 0px;background-color: #ffffff;display: inline !important;float: none;"&gt;What does the following code represent or it&amp;#39;s best for demoing?&lt;/span&gt;&lt;/p&gt;  &lt;p&gt;#include &lt;/p&gt;  &lt;p&gt;#include &lt;/p&gt;  &lt;p&gt;#include &lt;vector&gt;&lt;/vector&gt;&lt;/p&gt;  &lt;p&gt;#include &lt;/p&gt;  &lt;p&gt;class Teacher&lt;/p&gt;  &lt;p&gt;{&lt;/p&gt;  &lt;p&gt;private:&amp;#160; &amp;#160; std::string m_name{};&lt;br/&gt;public:&amp;#160; &amp;#160; Teacher(const std::string&amp;amp; name)&amp;#160; &amp;#160; &amp;#160; &amp;#160; : m_name{ name }&amp;#160; &amp;#160; {&amp;#160; &amp;#160; }&lt;br/&gt;std::string&amp;amp; getName() { return m_name; }&lt;/p&gt;  &lt;p&gt;};&lt;/p&gt;  &lt;p&gt;class Department&lt;/p&gt;  &lt;p&gt;{&lt;/p&gt;  &lt;p&gt;private:&amp;#160; &amp;#160; std::string m_name{};&lt;br/&gt;public:&amp;#160; &amp;#160; Department(const std::string&amp;amp; name)&amp;#160; &amp;#160; &amp;#160; &amp;#160; : m_name{ name }&amp;#160; &amp;#160; {&amp;#160; &amp;#160; }&lt;br/&gt;&amp;#160;std::string&amp;amp; getName() { return m_name; }&amp;#160; &amp;#160;&lt;/p&gt;  &lt;p&gt;std::vector departmentTeachers;&lt;/p&gt;  &lt;p&gt;};&lt;/p&gt;  &lt;p&gt;int main(){&amp;#160; &amp;#160;&lt;/p&gt;  &lt;p&gt;Teacher tom{ &amp;quot;Tom&amp;quot; };&amp;#160; &amp;#160; Teacher berta{ &amp;quot;Berta&amp;quot; };&lt;br/&gt;&amp;#160;{&amp;#160; &amp;#160; &amp;#160; &amp;#160;&lt;/p&gt;  &lt;p&gt;Department computerDep(&amp;quot;Computer&amp;quot;);&lt;/p&gt;  &lt;p&gt;computerDep.departmentTeachers.push_back(tom);&amp;#160; &amp;#160; &amp;#160; &amp;#160;&lt;/p&gt;  &lt;p&gt;computerDep.departmentTeachers.push_back(berta);&lt;br/&gt;&amp;#160; &amp;#160; &amp;#160; &amp;#160;&lt;/p&gt;  &lt;p&gt;Teacher jim{ &amp;quot;Jim&amp;quot; };&lt;br/&gt;&amp;#160; &amp;#160; &amp;#160; &amp;#160;&lt;/p&gt;  &lt;p&gt;computerDep.departmentTeachers.push_back(jim);&lt;br/&gt;&amp;#160; &amp;#160; &amp;#160; &amp;#160;&lt;/p&gt;  &lt;p&gt;for (auto name : computerDep.departmentTeachers)&amp;#160; &amp;#160; &amp;#160; &amp;#160; {&amp;#160; &amp;#160; &amp;#160; &amp;#160; &amp;#160; &amp;#160; std::cout &amp;lt;&amp;lt; name.getName() &amp;lt;&amp;lt; &amp;#39;\n&amp;#39;; // Jim Beam&amp;#160; &amp;#160; &amp;#160; &amp;#160; }&amp;#160; &amp;#160; &amp;#160; &amp;#160;&amp;#160; &amp;#160; }&amp;#160;&lt;br/&gt;&lt;br/&gt;&amp;#160; &amp;#160;&lt;/p&gt;  &lt;p&gt;std::cout &amp;lt;&amp;lt; tom.getName() &amp;lt;&amp;lt; &amp;quot; still exists!\n&amp;quot;;&lt;br/&gt;&amp;#160; &amp;#160;&lt;/p&gt;  &lt;p&gt;return 0;&lt;/p&gt;  &lt;p&gt;}&lt;/p&gt;  &lt;p&gt;&lt;br/&gt;&lt;/p&gt;</mattext></material><response_extension><d2l_2p0:display_style>2</d2l_2p0:display_style><d2l_2p0:enumeration>6</d2l_2p0:enumeration><d2l_2p0:grading_type>0</d2l_2p0:grading_type></response_extension><response_lid ident="QUES_6441337_6450723_LID" rcardinality="Single"><render_choice shuffle="no"><flow_label class="Block"><response_label ident="QUES_6441337_6450723_A23696331"><flow_mat><material><mattext texttype="text/html">&lt;div class="vtbegenerated inlineVtbegenerated"&gt;&lt;p&gt;Aggregation&lt;/p&gt;&lt;/div&gt;
</mattext></material></flow_mat></response_label></flow_label><flow_label class="Block"><response_label ident="QUES_6441337_6450723_A23696332"><flow_mat><material><mattext texttype="text/html">&lt;div class="vtbegenerated inlineVtbegenerated"&gt;&lt;p&gt;Composition&lt;/p&gt;&lt;/div&gt;
</mattext></material></flow_mat></response_label></flow_label><flow_label class="Block"><response_label ident="QUES_6441337_6450723_A23696333"><flow_mat><material><mattext texttype="text/html">&lt;div class="vtbegenerated inlineVtbegenerated"&gt;&lt;p&gt;Inheritance&lt;/p&gt;&lt;/div&gt;
</mattext></material></flow_mat></response_label></flow_label><flow_label class="Block"><response_label ident="QUES_6441337_6450723_A23696334"><flow_mat><material><mattext texttype="text/html">&lt;div class="vtbegenerated inlineVtbegenerated"&gt;&lt;p&gt;Virtual Inheritance&lt;/p&gt;&lt;/div&gt;
</mattext></material></flow_mat></response_label></flow_label></render_choice></response_lid></flow></presentation><resprocessing><respcondition title="Response Condition 1"><conditionvar><varequal respident="QUES_6441337_6450723_LID">QUES_6441337_6450723_A23696331</varequal></conditionvar><setvar action="Set">100.000000000</setvar><displayfeedback feedbacktype="Response" linkrefid="QUES_6441337_6450723_IF23696331" /></respcondition><respcondition title="Response Condition 2"><conditionvar><varequal respident="QUES_6441337_6450723_LID">QUES_6441337_6450723_A23696332</varequal></conditionvar><setvar action="Set">0.000000000</setvar><displayfeedback feedbacktype="Response" linkrefid="QUES_6441337_6450723_IF23696332" /></respcondition><respcondition title="Response Condition 3"><conditionvar><varequal respident="QUES_6441337_6450723_LID">QUES_6441337_6450723_A23696333</varequal></conditionvar><setvar action="Set">0.000000000</setvar><displayfeedback feedbacktype="Response" linkrefid="QUES_6441337_6450723_IF23696333" /></respcondition><respcondition title="Response Condition 4"><conditionvar><varequal respident="QUES_6441337_6450723_LID">QUES_6441337_6450723_A23696334</varequal></conditionvar><setvar action="Set">0.000000000</setvar><displayfeedback feedbacktype="Response" linkrefid="QUES_6441337_6450723_IF23696334" /></respcondition></resprocessing><itemfeedback ident="QUES_6441337_6450723_IF23696331"><material><mattext texttype="text/plain" /></material></itemfeedback><itemfeedback ident="QUES_6441337_6450723_IF23696332"><material><mattext texttype="text/plain" /></material></itemfeedback><itemfeedback ident="QUES_6441337_6450723_IF23696333"><material><mattext texttype="text/plain" /></material></itemfeedback><itemfeedback ident="QUES_6441337_6450723_IF23696334"><material><mattext texttype="text/plain" /></material></itemfeedback></item><item ident="OBJ_7506378" label="QUES_6441338_6450724" d2l_2p0:page="1"><itemmetadata><qtimetadata><qti_metadatafield><fieldlabel>qmd_computerscored</fieldlabel><fieldentry>yes</fieldentry></qti_metadatafield><qti_metadatafield><fieldlabel>qmd_questiontype</fieldlabel><fieldentry>Multiple Choice</fieldentry></qti_metadatafield><qti_metadatafield><fieldlabel>qmd_weighting</fieldlabel><fieldentry>0.200000000</fieldentry></qti_metadatafield><qti_metadatafield><fieldlabel>qmd_globalid</fieldlabel><fieldentry>21238c09-43b0-493b-a4ca-c1c89a0df9db</fieldentry></qti_metadatafield><qti_metadatafield><fieldlabel>qmd_displayid</fieldlabel><fieldentry>XLIST_SALAMAT_GAME3121_202201-4</fieldentry></qti_metadatafield></qtimetadata></itemmetadata><itemproc_extension><d2l_2p0:difficulty>1</d2l_2p0:difficulty><d2l_2p0:isbonus>no</d2l_2p0:isbonus><d2l_2p0:ismandatory>no</d2l_2p0:ismandatory></itemproc_extension><presentation><flow><material><mattext texttype="text/html">&lt;p&gt;If your microprocessor&amp;#160;is&amp;#160;little endian, what would be the output of the following program if U32 is an unsigned integer?&lt;/p&gt;  &lt;p&gt;&lt;br/&gt;&lt;/p&gt;  &lt;p&gt;void main()&lt;/p&gt;  &lt;p&gt;{&lt;span style="font-size: small;"&gt;&lt;span style="white-space: pre;"&gt; &lt;/span&gt;&lt;/span&gt;&lt;/p&gt;  &lt;p&gt;&lt;span style="font-size: small;"&gt;U32 value = 0xABCD1234;&lt;/span&gt;&lt;span style="font-size: small;"&gt;&lt;span style="white-space: pre;"&gt; &lt;/span&gt;&lt;/span&gt;&lt;/p&gt;  &lt;p&gt;&lt;span style="font-size: small;"&gt;U8* pBytes = (U8*)&amp;amp;value;&lt;/span&gt;&lt;span style="font-size: small;"&gt;&lt;span style="white-space: pre;"&gt; &lt;/span&gt;&lt;/span&gt;&lt;/p&gt;  &lt;p&gt;&lt;span style="font-size: small;"&gt;char hex_string[4];&lt;/span&gt;&lt;br/&gt;&lt;span style="font-size: small;"&gt;&lt;span style="white-space: pre;"&gt; &lt;/span&gt;&lt;/span&gt;&lt;/p&gt;  &lt;p&gt;&lt;span style="font-size: small;"&gt;sprintf_s(hex_string, &amp;quot;%X&amp;quot;, *pBytes);&amp;#160;&lt;/span&gt;&lt;/p&gt;  &lt;p&gt;&lt;span style="font-size: small;"&gt;cout &amp;lt;&amp;lt; hex_string &amp;lt;&amp;lt; endl;&lt;/span&gt;&lt;span style="font-size: small;"&gt;&lt;span style="white-space: pre;"&gt; &lt;/span&gt;&lt;/span&gt;&lt;/p&gt;  &lt;p&gt;&lt;span style="font-size: small;"&gt;sprintf_s(hex_string, &amp;quot;%X&amp;quot;, *(pBytes + 0x1)); &lt;/span&gt;&lt;span style="font-size: small;"&gt;&lt;span style="white-space: pre;"&gt; &lt;/span&gt;&lt;/span&gt;&lt;/p&gt;  &lt;p&gt;&lt;span style="font-size: small;"&gt;cout &amp;lt;&amp;lt; hex_string &amp;lt;&amp;lt; endl;&lt;/span&gt;&lt;span style="font-size: small;"&gt;&lt;span style="white-space: pre;"&gt; &lt;/span&gt;&lt;/span&gt;&lt;/p&gt;  &lt;p&gt;&lt;span style="font-size: small;"&gt;sprintf_s(hex_string, &amp;quot;%X&amp;quot;, *(pBytes + 0x2)); &lt;/span&gt;&lt;span style="font-size: small;"&gt;&lt;span style="white-space: pre;"&gt; &lt;/span&gt;&lt;/span&gt;&lt;/p&gt;  &lt;p&gt;&lt;span style="font-size: small;"&gt;cout &amp;lt;&amp;lt; hex_string &amp;lt;&amp;lt; endl;&lt;/span&gt;&lt;span style="font-size: small;"&gt;&lt;span style="white-space: pre;"&gt; &lt;/span&gt;&lt;/span&gt;&lt;/p&gt;  &lt;p&gt;&lt;span style="font-size: small;"&gt;sprintf_s(hex_string, &amp;quot;%X&amp;quot;, *(pBytes + 0x3)); &lt;/span&gt;&lt;span style="font-size: small;"&gt;&lt;span style="white-space: pre;"&gt; &lt;/span&gt;&lt;/span&gt;&lt;/p&gt;  &lt;p&gt;&lt;span style="font-size: small;"&gt;cout &amp;lt;&amp;lt; hex_string &amp;lt;&amp;lt; endl;&lt;/span&gt;&lt;br/&gt;}&lt;/p&gt;</mattext></material><response_extension><d2l_2p0:display_style>2</d2l_2p0:display_style><d2l_2p0:enumeration>6</d2l_2p0:enumeration><d2l_2p0:grading_type>0</d2l_2p0:grading_type></response_extension><response_lid ident="QUES_6441338_6450724_LID" rcardinality="Single"><render_choice shuffle="no"><flow_label class="Block"><response_label ident="QUES_6441338_6450724_A23696335"><flow_mat><material><mattext texttype="text/html">&lt;div class="vtbegenerated inlineVtbegenerated"&gt;&lt;p&gt;34&lt;/p&gt;  &lt;p&gt;12&lt;/p&gt;  &lt;p&gt;CD&lt;/p&gt;  &lt;p&gt;AB&lt;/p&gt;  &lt;p&gt;&lt;br/&gt;&lt;/p&gt;&lt;/div&gt;
</mattext></material></flow_mat></response_label></flow_label><flow_label class="Block"><response_label ident="QUES_6441338_6450724_A23696336"><flow_mat><material><mattext texttype="text/html">&lt;div class="vtbegenerated inlineVtbegenerated"&gt;&lt;p&gt;12&lt;/p&gt;  &lt;p&gt;34&lt;/p&gt;  &lt;p&gt;AB&lt;/p&gt;  &lt;p&gt;CD&lt;/p&gt;&lt;/div&gt;
</mattext></material></flow_mat></response_label></flow_label><flow_label class="Block"><response_label ident="QUES_6441338_6450724_A23696337"><flow_mat><material><mattext texttype="text/html">&lt;div class="vtbegenerated inlineVtbegenerated"&gt;&lt;p&gt;CD&lt;/p&gt;  &lt;p&gt;AB&lt;/p&gt;  &lt;p&gt;34&lt;/p&gt;  &lt;p&gt;12&lt;/p&gt;&lt;/div&gt;
</mattext></material></flow_mat></response_label></flow_label><flow_label class="Block"><response_label ident="QUES_6441338_6450724_A23696338"><flow_mat><material><mattext texttype="text/html">&lt;div class="vtbegenerated inlineVtbegenerated"&gt;&lt;p&gt;AB&lt;/p&gt;  &lt;p&gt;34&lt;/p&gt;  &lt;p&gt;CD&lt;/p&gt;  &lt;p&gt;12&lt;/p&gt;  &lt;p&gt;&lt;br/&gt;&lt;/p&gt;&lt;/div&gt;
</mattext></material></flow_mat></response_label></flow_label></render_choice></response_lid></flow></presentation><resprocessing><respcondition title="Response Condition 1"><conditionvar><varequal respident="QUES_6441338_6450724_LID">QUES_6441338_6450724_A23696335</varequal></conditionvar><setvar action="Set">100.000000000</setvar><displayfeedback feedbacktype="Response" linkrefid="QUES_6441338_6450724_IF23696335" /></respcondition><respcondition title="Response Condition 2"><conditionvar><varequal respident="QUES_6441338_6450724_LID">QUES_6441338_6450724_A23696336</varequal></conditionvar><setvar action="Set">0.000000000</setvar><displayfeedback feedbacktype="Response" linkrefid="QUES_6441338_6450724_IF23696336" /></respcondition><respcondition title="Response Condition 3"><conditionvar><varequal respident="QUES_6441338_6450724_LID">QUES_6441338_6450724_A23696337</varequal></conditionvar><setvar action="Set">0.000000000</setvar><displayfeedback feedbacktype="Response" linkrefid="QUES_6441338_6450724_IF23696337" /></respcondition><respcondition title="Response Condition 4"><conditionvar><varequal respident="QUES_6441338_6450724_LID">QUES_6441338_6450724_A23696338</varequal></conditionvar><setvar action="Set">0.000000000</setvar><displayfeedback feedbacktype="Response" linkrefid="QUES_6441338_6450724_IF23696338" /></respcondition></resprocessing><itemfeedback ident="QUES_6441338_6450724_IF23696335"><material><mattext texttype="text/plain" /></material></itemfeedback><itemfeedback ident="QUES_6441338_6450724_IF23696336"><material><mattext texttype="text/plain" /></material></itemfeedback><itemfeedback ident="QUES_6441338_6450724_IF23696337"><material><mattext texttype="text/plain" /></material></itemfeedback><itemfeedback ident="QUES_6441338_6450724_IF23696338"><material><mattext texttype="text/plain" /></material></itemfeedback></item><item ident="OBJ_7506379" label="QUES_6441339_6450725" d2l_2p0:page="1"><itemmetadata><qtimetadata><qti_metadatafield><fieldlabel>qmd_computerscored</fieldlabel><fieldentry>yes</fieldentry></qti_metadatafield><qti_metadatafield><fieldlabel>qmd_questiontype</fieldlabel><fieldentry>Multiple Choice</fieldentry></qti_metadatafield><qti_metadatafield><fieldlabel>qmd_weighting</fieldlabel><fieldentry>0.200000000</fieldentry></qti_metadatafield><qti_metadatafield><fieldlabel>qmd_globalid</fieldlabel><fieldentry>3844f963-b066-4e1b-b82f-47ebd7c2ed79</fieldentry></qti_metadatafield><qti_metadatafield><fieldlabel>qmd_displayid</fieldlabel><fieldentry>XLIST_SALAMAT_GAME3121_202201-3</fieldentry></qti_metadatafield></qtimetadata></itemmetadata><itemproc_extension><d2l_2p0:difficulty>1</d2l_2p0:difficulty><d2l_2p0:isbonus>no</d2l_2p0:isbonus><d2l_2p0:ismandatory>no</d2l_2p0:ismandatory></itemproc_extension><presentation><flow><material><mattext texttype="text/html">&lt;p&gt;In a&amp;#160;deadly diamond,&amp;#160;a derived class ends up containing two copies of a grandparent base class. Which of the following C++ code, you could&amp;#160;avoid this doubling of the grandparent&amp;#39;s data?&lt;/p&gt;</mattext></material><response_extension><d2l_2p0:display_style>2</d2l_2p0:display_style><d2l_2p0:enumeration>6</d2l_2p0:enumeration><d2l_2p0:grading_type>0</d2l_2p0:grading_type></response_extension><response_lid ident="QUES_6441339_6450725_LID" rcardinality="Single"><render_choice shuffle="no"><flow_label class="Block"><response_label ident="QUES_6441339_6450725_A23696339"><flow_mat><material><mattext texttype="text/html">&lt;div class="vtbegenerated inlineVtbegenerated"&gt;&lt;p&gt;#include &amp;lt;iostream&amp;gt;using namespace std;&lt;br/&gt;struct Animal {&amp;#160; &amp;#160; virtual ~Animal() = default;&amp;#160; &amp;#160; virtual void Eat() {}};&lt;br/&gt;struct Mammal : Animal {&amp;#160; &amp;#160; virtual void Breathe() {}};&lt;br/&gt;struct WingedAnimal : Animal {&amp;#160; &amp;#160; virtual void Flap() {}};&lt;br/&gt;// A bat is a winged mammal&lt;/p&gt;  &lt;p&gt;struct Bat : Mammal, WingedAnimal {};&lt;br/&gt;Bat bat;&lt;br/&gt;&lt;br/&gt;&lt;br/&gt;void main(){&amp;#160; &amp;#160;&lt;/p&gt;  &lt;p&gt;Animal&amp;amp; a = bat;&amp;#160;&amp;#160;&lt;br/&gt;&amp;#160; &amp;#160; }&lt;/p&gt;&lt;/div&gt;
</mattext></material></flow_mat></response_label></flow_label><flow_label class="Block"><response_label ident="QUES_6441339_6450725_A23696340"><flow_mat><material><mattext texttype="text/html">&lt;div class="vtbegenerated inlineVtbegenerated"&gt;&lt;p&gt;#include &amp;lt;iostream&amp;gt;using namespace std;&lt;br/&gt;struct Animal {&amp;#160; &amp;#160; virtual ~Animal() = default;&amp;#160; &amp;#160; virtual void Eat() {}};&lt;br/&gt;struct Mammal : virtual Animal {&amp;#160; &amp;#160; virtual void Breathe() {}};&lt;br/&gt;struct WingedAnimal : virtual Animal {&amp;#160; &amp;#160; virtual void Flap() {}};&lt;br/&gt;&lt;span style="font-size: 13px;"&gt;struct Bat : Mammal, WingedAnimal {};&lt;/span&gt;&lt;/p&gt;  &lt;p&gt;Bat bat;&lt;br/&gt;&lt;br/&gt;void main(){&amp;#160; &amp;#160;&lt;/p&gt;  &lt;p&gt;&amp;#160; &amp;#160;Animal&amp;amp; a = bat;&amp;#160;&lt;/p&gt;  &lt;p&gt;}&lt;/p&gt;&lt;/div&gt;
</mattext></material></flow_mat></response_label></flow_label><flow_label class="Block"><response_label ident="QUES_6441339_6450725_A23696341"><flow_mat><material><mattext texttype="text/html">&lt;div class="vtbegenerated inlineVtbegenerated"&gt;&lt;p style="font-family: &amp;#39;Open Sans&amp;#39;, sans-serif;text-shadow: none !important;letter-spacing: normal;margin: 0px 0px 1em;padding: 0px;border: 0px;outline: 0px;font-weight: 400;font-style: normal;font-size: small;color: #000000;text-align: start;text-indent: 0px;text-transform: none;white-space: normal;word-spacing: 0px;"&gt;#include &amp;lt;iostream&amp;gt;using namespace std;&lt;br style="font-family: &amp;#39;Open Sans&amp;#39;, sans-serif;text-shadow: none !important;letter-spacing: normal !important;"/&gt;struct Animal {&amp;#160; &amp;#160; ~Animal() = default;&amp;#160; &amp;#160; virtual void Eat() {}};&lt;br style="font-family: &amp;#39;Open Sans&amp;#39;, sans-serif;text-shadow: none !important;letter-spacing: normal !important;"/&gt;struct Mammal : Animal {&amp;#160; &amp;#160; virtual void Breathe() {}};&lt;br style="font-family: &amp;#39;Open Sans&amp;#39;, sans-serif;text-shadow: none !important;letter-spacing: normal !important;"/&gt;struct WingedAnimal : Animal {&amp;#160; &amp;#160; virtual void Flap() {}};&lt;br style="font-family: &amp;#39;Open Sans&amp;#39;, sans-serif;text-shadow: none !important;letter-spacing: normal !important;"/&gt;&lt;span style="font-family: inherit;text-shadow: none !important;letter-spacing: normal !important;margin: 0px;padding: 0px;border: 0px;outline: 0px;font-weight: inherit;font-style: inherit;font-size: 13px;"&gt;struct Bat : Mammal, WingedAnimal {};&lt;/span&gt;&lt;/p&gt;  &lt;p style="font-family: &amp;#39;Open Sans&amp;#39;, sans-serif;text-shadow: none !important;letter-spacing: normal;margin: 0px 0px 1em;padding: 0px;border: 0px;outline: 0px;font-weight: 400;font-style: normal;font-size: small;color: #000000;text-align: start;text-indent: 0px;text-transform: none;white-space: normal;word-spacing: 0px;"&gt;Bat bat;&lt;br style="font-family: &amp;#39;Open Sans&amp;#39;, sans-serif;text-shadow: none !important;letter-spacing: normal !important;"/&gt;&lt;br style="font-family: &amp;#39;Open Sans&amp;#39;, sans-serif;text-shadow: none !important;letter-spacing: normal !important;"/&gt;void main(){&amp;#160; &amp;#160;&lt;/p&gt;  &lt;p style="font-family: &amp;#39;Open Sans&amp;#39;, sans-serif;text-shadow: none !important;letter-spacing: normal;margin: 0px 0px 1em;padding: 0px;border: 0px;outline: 0px;font-weight: 400;font-style: normal;font-size: small;color: #000000;text-align: start;text-indent: 0px;text-transform: none;white-space: normal;word-spacing: 0px;"&gt;&amp;#160; &amp;#160;Animal&amp;amp; a = bat;&amp;#160;&lt;/p&gt;  &lt;p style="font-family: &amp;#39;Open Sans&amp;#39;, sans-serif;text-shadow: none !important;letter-spacing: normal;margin: 0px 0px 1em;padding: 0px;border: 0px;outline: 0px;font-weight: 400;font-style: normal;font-size: small;color: #000000;text-align: start;text-indent: 0px;text-transform: none;white-space: normal;word-spacing: 0px;"&gt;}&lt;/p&gt;  &lt;p&gt;&lt;br/&gt;&lt;/p&gt;&lt;/div&gt;
</mattext></material></flow_mat></response_label></flow_label><flow_label class="Block"><response_label ident="QUES_6441339_6450725_A23696342"><flow_mat><material><mattext texttype="text/html">&lt;div class="vtbegenerated inlineVtbegenerated"&gt;&lt;p style="font-family: &amp;#39;Open Sans&amp;#39;, sans-serif;text-shadow: none !important;letter-spacing: normal;margin: 0px 0px 1em;padding: 0px;border: 0px;outline: 0px;font-weight: 400;font-style: normal;font-size: small;color: #000000;text-align: start;text-indent: 0px;text-transform: none;white-space: normal;word-spacing: 0px;"&gt;#include &amp;lt;iostream&amp;gt;using namespace std;&lt;br style="font-family: &amp;#39;Open Sans&amp;#39;, sans-serif;text-shadow: none !important;letter-spacing: normal !important;"/&gt;struct Animal {&amp;#160; &amp;#160; virtual ~Animal() = default;&amp;#160; &amp;#160; virtual void Eat() {}};&lt;br style="font-family: &amp;#39;Open Sans&amp;#39;, sans-serif;text-shadow: none !important;letter-spacing: normal !important;"/&gt;struct Mammal : Animal {&amp;#160; &amp;#160; virtual void Breathe() {}};&lt;br style="font-family: &amp;#39;Open Sans&amp;#39;, sans-serif;text-shadow: none !important;letter-spacing: normal !important;"/&gt;struct WingedAnimal : virtual Animal {&amp;#160; &amp;#160;virtual void Flap() {}};&lt;br style="font-family: &amp;#39;Open Sans&amp;#39;, sans-serif;text-shadow: none !important;letter-spacing: normal !important;"/&gt;&lt;span style="font-family: inherit;text-shadow: none !important;letter-spacing: normal !important;margin: 0px;padding: 0px;border: 0px;outline: 0px;font-weight: inherit;font-style: inherit;font-size: 13px;"&gt;struct Bat : Mammal, WingedAnimal {};&lt;/span&gt;&lt;/p&gt;  &lt;p style="font-family: &amp;#39;Open Sans&amp;#39;, sans-serif;text-shadow: none !important;letter-spacing: normal;margin: 0px 0px 1em;padding: 0px;border: 0px;outline: 0px;font-weight: 400;font-style: normal;font-size: small;color: #000000;text-align: start;text-indent: 0px;text-transform: none;white-space: normal;word-spacing: 0px;"&gt;Bat bat;&lt;br style="font-family: &amp;#39;Open Sans&amp;#39;, sans-serif;text-shadow: none !important;letter-spacing: normal !important;"/&gt;&lt;br style="font-family: &amp;#39;Open Sans&amp;#39;, sans-serif;text-shadow: none !important;letter-spacing: normal !important;"/&gt;void main(){&amp;#160; &amp;#160;&lt;/p&gt;  &lt;p style="font-family: &amp;#39;Open Sans&amp;#39;, sans-serif;text-shadow: none !important;letter-spacing: normal;margin: 0px 0px 1em;padding: 0px;border: 0px;outline: 0px;font-weight: 400;font-style: normal;font-size: small;color: #000000;text-align: start;text-indent: 0px;text-transform: none;white-space: normal;word-spacing: 0px;"&gt;&amp;#160; &amp;#160;Animal&amp;amp; a = bat;&amp;#160;&lt;/p&gt;  &lt;p style="font-family: &amp;#39;Open Sans&amp;#39;, sans-serif;text-shadow: none !important;letter-spacing: normal;margin: 0px 0px 1em;padding: 0px;border: 0px;outline: 0px;font-weight: 400;font-style: normal;font-size: small;color: #000000;text-align: start;text-indent: 0px;text-transform: none;white-space: normal;word-spacing: 0px;"&gt;}&lt;/p&gt;  &lt;p&gt;&lt;br/&gt;&lt;/p&gt;&lt;/div&gt;
</mattext></material></flow_mat></response_label></flow_label></render_choice></response_lid></flow></presentation><resprocessing><respcondition title="Response Condition 1"><conditionvar><varequal respident="QUES_6441339_6450725_LID">QUES_6441339_6450725_A23696339</varequal></conditionvar><setvar action="Set">0.000000000</setvar><displayfeedback feedbacktype="Response" linkrefid="QUES_6441339_6450725_IF23696339" /></respcondition><respcondition title="Response Condition 2"><conditionvar><varequal respident="QUES_6441339_6450725_LID">QUES_6441339_6450725_A23696340</varequal></conditionvar><setvar action="Set">100.000000000</setvar><displayfeedback feedbacktype="Response" linkrefid="QUES_6441339_6450725_IF23696340" /></respcondition><respcondition title="Response Condition 3"><conditionvar><varequal respident="QUES_6441339_6450725_LID">QUES_6441339_6450725_A23696341</varequal></conditionvar><setvar action="Set">0.000000000</setvar><displayfeedback feedbacktype="Response" linkrefid="QUES_6441339_6450725_IF23696341" /></respcondition><respcondition title="Response Condition 4"><conditionvar><varequal respident="QUES_6441339_6450725_LID">QUES_6441339_6450725_A23696342</varequal></conditionvar><setvar action="Set">0.000000000</setvar><displayfeedback feedbacktype="Response" linkrefid="QUES_6441339_6450725_IF23696342" /></respcondition></resprocessing><itemfeedback ident="QUES_6441339_6450725_IF23696339"><material><mattext texttype="text/plain" /></material></itemfeedback><itemfeedback ident="QUES_6441339_6450725_IF23696340"><material><mattext texttype="text/plain" /></material></itemfeedback><itemfeedback ident="QUES_6441339_6450725_IF23696341"><material><mattext texttype="text/plain" /></material></itemfeedback><itemfeedback ident="QUES_6441339_6450725_IF23696342"><material><mattext texttype="text/plain" /></material></itemfeedback></item><item ident="OBJ_7506380" label="QUES_6441340_6450726" d2l_2p0:page="1"><itemmetadata><qtimetadata><qti_metadatafield><fieldlabel>qmd_computerscored</fieldlabel><fieldentry>yes</fieldentry></qti_metadatafield><qti_metadatafield><fieldlabel>qmd_questiontype</fieldlabel><fieldentry>Multiple Choice</fieldentry></qti_metadatafield><qti_metadatafield><fieldlabel>qmd_weighting</fieldlabel><fieldentry>0.200000000</fieldentry></qti_metadatafield><qti_metadatafield><fieldlabel>qmd_globalid</fieldlabel><fieldentry>3009d338-73f0-46c5-9660-50824621c761</fieldentry></qti_metadatafield><qti_metadatafield><fieldlabel>qmd_displayid</fieldlabel><fieldentry>XLIST_SALAMAT_GAME3121_202201-11</fieldentry></qti_metadatafield></qtimetadata></itemmetadata><itemproc_extension><d2l_2p0:difficulty>1</d2l_2p0:difficulty><d2l_2p0:isbonus>no</d2l_2p0:isbonus><d2l_2p0:ismandatory>no</d2l_2p0:ismandatory></itemproc_extension><presentation><flow><material><mattext texttype="text/html">&lt;p&gt;If U32&amp;#160;is an unsigned integer,&amp;#160;U16&amp;#160;is an unsigned short,&amp;#160;and U8&amp;#160;an unsigned char,&amp;#160;what would be the output of this program?&lt;/p&gt;  &lt;p&gt;struct Example{&lt;span style="font-size: small;"&gt;&lt;span style="white-space: pre;"&gt; &lt;/span&gt;&lt;/span&gt;&lt;/p&gt;  &lt;p&gt;&lt;span style="font-size: small;"&gt;U32 m_a;&lt;/span&gt;&lt;span style="font-size: small;"&gt;&lt;span style="white-space: pre;"&gt; &lt;/span&gt;&lt;/span&gt;&lt;/p&gt;  &lt;p&gt;&lt;span style="font-size: small;"&gt;U16 m_b;&lt;/span&gt;&lt;span style="font-size: small;"&gt;&lt;span style="white-space: pre;"&gt; &lt;/span&gt;&lt;/span&gt;&lt;/p&gt;  &lt;p&gt;&lt;span style="font-size: small;"&gt;U32 m_c;&lt;/span&gt;&lt;/p&gt;  &lt;p&gt;};&lt;/p&gt;  &lt;p&gt;inline U16 swapU16(U16 value)&lt;/p&gt;  &lt;p&gt;{&lt;span style="font-size: small;"&gt;&lt;span style="white-space: pre;"&gt; &lt;/span&gt;&lt;/span&gt;&lt;/p&gt;  &lt;p&gt;&lt;span style="font-size: small;"&gt;return ((value &amp;amp; 0x00FF) &amp;lt;&amp;lt; 8)&lt;/span&gt;&lt;span style="font-size: small;"&gt;&lt;span style="white-space: pre;"&gt; &lt;/span&gt;&lt;/span&gt;&lt;/p&gt;  &lt;p&gt;&lt;span style="font-size: small;"&gt;| ((value &amp;amp; 0xFF00) &amp;gt;&amp;gt; 8);&lt;/span&gt;&lt;/p&gt;  &lt;p&gt;}&lt;/p&gt;  &lt;p&gt;inline U32 swapU32(U32 value)&lt;/p&gt;  &lt;p&gt;{&lt;span style="font-size: small;"&gt;&lt;span style="white-space: pre;"&gt; &lt;/span&gt;&lt;/span&gt;&lt;/p&gt;  &lt;p&gt;&lt;span style="font-size: small;"&gt;return ((value &amp;amp; 0x000000FF) &amp;lt;&amp;lt; 24)&lt;/span&gt;&lt;span style="font-size: small;"&gt;&lt;span style="white-space: pre;"&gt; &lt;/span&gt;&lt;/span&gt;&lt;/p&gt;  &lt;p&gt;&lt;span style="font-size: small;"&gt;| ((value &amp;amp; 0x0000FF00) &amp;lt;&amp;lt; 8)&lt;/span&gt;&lt;span style="font-size: small;"&gt;&lt;span style="white-space: pre;"&gt; &lt;/span&gt;&lt;/span&gt;&lt;/p&gt;  &lt;p&gt;&lt;span style="font-size: small;"&gt;| ((value &amp;amp; 0x00FF0000) &amp;gt;&amp;gt; 8)&lt;/span&gt;&lt;span style="font-size: small;"&gt;&lt;span style="white-space: pre;"&gt; &lt;/span&gt;&lt;/span&gt;&lt;/p&gt;  &lt;p&gt;&lt;span style="font-size: small;"&gt;| ((value &amp;amp; 0xFF000000) &amp;gt;&amp;gt; 24);&lt;/span&gt;}&lt;/p&gt;  &lt;p&gt;&lt;br/&gt;void showSwappedVersion(Example&amp;amp; ex)&lt;/p&gt;  &lt;p&gt;{&lt;span style="font-size: small;"&gt;&lt;span style="white-space: pre;"&gt; &lt;/span&gt;&lt;/span&gt;&lt;/p&gt;  &lt;p&gt;&lt;span style="font-size: small;"&gt;char hex_string[20];&lt;/span&gt;&lt;br/&gt;&lt;span style="font-size: small;"&gt;&lt;span style="white-space: pre;"&gt; &lt;/span&gt;&lt;/span&gt;&lt;/p&gt;  &lt;p&gt;&lt;span style="font-size: small;"&gt;sprintf_s(hex_string, &amp;quot;%X&amp;quot;, swapU32(ex.m_a)); &lt;/span&gt;&lt;/p&gt;  &lt;p&gt;&lt;span style="font-size: small;"&gt;&lt;/span&gt;&lt;span style="font-size: small;"&gt;cout &amp;lt;&amp;lt; hex_string &amp;lt;&amp;lt; endl;&lt;/span&gt;&lt;span style="font-size: small;"&gt;&lt;span style="white-space: pre;"&gt; &lt;/span&gt;&lt;/span&gt;&lt;/p&gt;  &lt;p&gt;&lt;span style="font-size: small;"&gt;sprintf_s(hex_string, &amp;quot;%X&amp;quot;, swapU16(ex.m_b)); &lt;/span&gt;&lt;span style="font-size: small;"&gt;&lt;span style="white-space: pre;"&gt; &lt;/span&gt;&lt;/span&gt;&lt;/p&gt;  &lt;p&gt;&lt;span style="font-size: small;"&gt;cout &amp;lt;&amp;lt; hex_string &amp;lt;&amp;lt; endl;&lt;/span&gt;&lt;span style="font-size: small;"&gt;&lt;span style="white-space: pre;"&gt; &lt;/span&gt;&lt;/span&gt;&lt;/p&gt;  &lt;p&gt;&lt;span style="font-size: small;"&gt;sprintf_s(hex_string, &amp;quot;%X&amp;quot;, swapU32(ex.m_c)); &lt;/span&gt;&lt;span style="font-size: small;"&gt;&lt;span style="white-space: pre;"&gt; &lt;/span&gt;&lt;/span&gt;&lt;/p&gt;  &lt;p&gt;&lt;span style="font-size: small;"&gt;cout &amp;lt;&amp;lt; hex_string &amp;lt;&amp;lt; endl;&lt;/span&gt;&lt;br/&gt;}&lt;/p&gt;  &lt;p&gt;&lt;br/&gt;void main() {&lt;span style="font-size: small;"&gt;&lt;span style="white-space: pre;"&gt; &lt;/span&gt;&lt;/span&gt;&lt;/p&gt;  &lt;p&gt;&lt;span style="font-size: small;"&gt;Example data{ 0xABCD1234,0xEF67,0x890ABCDE };&lt;/span&gt;&lt;br/&gt;&lt;span style="font-size: small;"&gt;&lt;span style="white-space: pre;"&gt;&lt;/span&gt;showSwappedVersion(data);&lt;/span&gt;&lt;br/&gt;}&lt;/p&gt;  &lt;p&gt;&lt;br/&gt;&lt;/p&gt;</mattext></material><response_extension><d2l_2p0:display_style>2</d2l_2p0:display_style><d2l_2p0:enumeration>6</d2l_2p0:enumeration><d2l_2p0:grading_type>0</d2l_2p0:grading_type></response_extension><response_lid ident="QUES_6441340_6450726_LID" rcardinality="Single"><render_choice shuffle="no"><flow_label class="Block"><response_label ident="QUES_6441340_6450726_A23696343"><flow_mat><material><mattext texttype="text/html">&lt;div class="vtbegenerated inlineVtbegenerated"&gt;&lt;p style="font-family: &amp;#39;Open Sans&amp;#39;, sans-serif;text-shadow: none !important;letter-spacing: normal;margin: 0px 0px 1em;padding: 0px;border: 0px;outline: 0px;font-weight: 400;font-style: normal;font-size: small;color: #000000;text-align: start;text-indent: 0px;text-transform: none;white-space: normal;word-spacing: 0px;"&gt;3412CDAB&lt;/p&gt;  &lt;p style="font-family: &amp;#39;Open Sans&amp;#39;, sans-serif;text-shadow: none !important;letter-spacing: normal;margin: 0px 0px 1em;padding: 0px;border: 0px;outline: 0px;font-weight: 400;font-style: normal;font-size: small;color: #000000;text-align: start;text-indent: 0px;text-transform: none;white-space: normal;word-spacing: 0px;"&gt;67EF&lt;/p&gt;  &lt;p style="font-family: &amp;#39;Open Sans&amp;#39;, sans-serif;text-shadow: none !important;letter-spacing: normal;margin: 0px 0px 1em;padding: 0px;border: 0px;outline: 0px;font-weight: 400;font-style: normal;font-size: small;color: #000000;text-align: start;text-indent: 0px;text-transform: none;white-space: normal;word-spacing: 0px;"&gt;0A89DEBC&lt;/p&gt;  &lt;p&gt;&lt;br/&gt;&lt;/p&gt;&lt;/div&gt;
</mattext></material></flow_mat></response_label></flow_label><flow_label class="Block"><response_label ident="QUES_6441340_6450726_A23696344"><flow_mat><material><mattext texttype="text/html">&lt;div class="vtbegenerated inlineVtbegenerated"&gt;&lt;p style="font-family: &amp;#39;Open Sans&amp;#39;, sans-serif;text-shadow: none !important;letter-spacing: normal;margin: 0px 0px 1em;padding: 0px;border: 0px;outline: 0px;font-weight: 400;font-style: normal;font-size: small;color: #000000;text-align: start;text-indent: 0px;text-transform: none;white-space: normal;word-spacing: 0px;"&gt;34CD12AB&lt;/p&gt;  &lt;p style="font-family: &amp;#39;Open Sans&amp;#39;, sans-serif;text-shadow: none !important;letter-spacing: normal;margin: 0px 0px 1em;padding: 0px;border: 0px;outline: 0px;font-weight: 400;font-style: normal;font-size: small;color: #000000;text-align: start;text-indent: 0px;text-transform: none;white-space: normal;word-spacing: 0px;"&gt;67EF&lt;/p&gt;  &lt;p style="font-family: &amp;#39;Open Sans&amp;#39;, sans-serif;text-shadow: none !important;letter-spacing: normal;margin: 0px 0px 1em;padding: 0px;border: 0px;outline: 0px;font-weight: 400;font-style: normal;font-size: small;color: #000000;text-align: start;text-indent: 0px;text-transform: none;white-space: normal;word-spacing: 0px;"&gt;DEBC0A89&lt;/p&gt;  &lt;p&gt;&lt;br/&gt;&lt;/p&gt;&lt;/div&gt;
</mattext></material></flow_mat></response_label></flow_label><flow_label class="Block"><response_label ident="QUES_6441340_6450726_A23696345"><flow_mat><material><mattext texttype="text/html">&lt;div class="vtbegenerated inlineVtbegenerated"&gt;&lt;p style="font-family: &amp;#39;Open Sans&amp;#39;, sans-serif;text-shadow: none !important;letter-spacing: normal;margin: 0px 0px 1em;padding: 0px;border: 0px;outline: 0px;font-weight: 400;font-style: normal;font-size: small;color: #000000;text-align: start;text-indent: 0px;text-transform: none;white-space: normal;word-spacing: 0px;"&gt;1234ABCD&lt;/p&gt;  &lt;p style="font-family: &amp;#39;Open Sans&amp;#39;, sans-serif;text-shadow: none !important;letter-spacing: normal;margin: 0px 0px 1em;padding: 0px;border: 0px;outline: 0px;font-weight: 400;font-style: normal;font-size: small;color: #000000;text-align: start;text-indent: 0px;text-transform: none;white-space: normal;word-spacing: 0px;"&gt;67EF&lt;/p&gt;  &lt;p style="font-family: &amp;#39;Open Sans&amp;#39;, sans-serif;text-shadow: none !important;letter-spacing: normal;margin: 0px 0px 1em;padding: 0px;border: 0px;outline: 0px;font-weight: 400;font-style: normal;font-size: small;color: #000000;text-align: start;text-indent: 0px;text-transform: none;white-space: normal;word-spacing: 0px;"&gt;BCDE890A&lt;/p&gt;  &lt;p&gt;&lt;br/&gt;&lt;/p&gt;&lt;/div&gt;
</mattext></material></flow_mat></response_label></flow_label><flow_label class="Block"><response_label ident="QUES_6441340_6450726_A23696346"><flow_mat><material><mattext texttype="text/html">&lt;div class="vtbegenerated inlineVtbegenerated"&gt;&lt;p&gt;3412CDAB&lt;/p&gt;  &lt;p&gt;67EF&lt;/p&gt;  &lt;p&gt;DEBC0A89&lt;/p&gt;&lt;/div&gt;
</mattext></material></flow_mat></response_label></flow_label></render_choice></response_lid></flow></presentation><resprocessing><respcondition title="Response Condition 1"><conditionvar><varequal respident="QUES_6441340_6450726_LID">QUES_6441340_6450726_A23696343</varequal></conditionvar><setvar action="Set">0.000000000</setvar><displayfeedback feedbacktype="Response" linkrefid="QUES_6441340_6450726_IF23696343" /></respcondition><respcondition title="Response Condition 2"><conditionvar><varequal respident="QUES_6441340_6450726_LID">QUES_6441340_6450726_A23696344</varequal></conditionvar><setvar action="Set">0.000000000</setvar><displayfeedback feedbacktype="Response" linkrefid="QUES_6441340_6450726_IF23696344" /></respcondition><respcondition title="Response Condition 3"><conditionvar><varequal respident="QUES_6441340_6450726_LID">QUES_6441340_6450726_A23696345</varequal></conditionvar><setvar action="Set">0.000000000</setvar><displayfeedback feedbacktype="Response" linkrefid="QUES_6441340_6450726_IF23696345" /></respcondition><respcondition title="Response Condition 4"><conditionvar><varequal respident="QUES_6441340_6450726_LID">QUES_6441340_6450726_A23696346</varequal></conditionvar><setvar action="Set">100.000000000</setvar><displayfeedback feedbacktype="Response" linkrefid="QUES_6441340_6450726_IF23696346" /></respcondition></resprocessing><itemfeedback ident="QUES_6441340_6450726_IF23696343"><material><mattext texttype="text/plain" /></material></itemfeedback><itemfeedback ident="QUES_6441340_6450726_IF23696344"><material><mattext texttype="text/plain" /></material></itemfeedback><itemfeedback ident="QUES_6441340_6450726_IF23696345"><material><mattext texttype="text/plain" /></material></itemfeedback><itemfeedback ident="QUES_6441340_6450726_IF23696346"><material><mattext texttype="text/plain" /></material></itemfeedback></item><item ident="OBJ_7506381" label="QUES_6441341_6450727" d2l_2p0:page="1"><itemmetadata><qtimetadata><qti_metadatafield><fieldlabel>qmd_computerscored</fieldlabel><fieldentry>yes</fieldentry></qti_metadatafield><qti_metadatafield><fieldlabel>qmd_questiontype</fieldlabel><fieldentry>Multiple Choice</fieldentry></qti_metadatafield><qti_metadatafield><fieldlabel>qmd_weighting</fieldlabel><fieldentry>0.200000000</fieldentry></qti_metadatafield><qti_metadatafield><fieldlabel>qmd_globalid</fieldlabel><fieldentry>96bc8a97-70fa-481b-b6e6-5031e1a80f23</fieldentry></qti_metadatafield><qti_metadatafield><fieldlabel>qmd_displayid</fieldlabel><fieldentry>XLIST_SALAMAT_GAME3121_202201-20</fieldentry></qti_metadatafield></qtimetadata></itemmetadata><itemproc_extension><d2l_2p0:difficulty>1</d2l_2p0:difficulty><d2l_2p0:isbonus>no</d2l_2p0:isbonus><d2l_2p0:ismandatory>no</d2l_2p0:ismandatory></itemproc_extension><presentation><flow><material><mattext texttype="text/html">&lt;p&gt;&lt;span style="color: #000000;font-family: &amp;#39;Open Sans&amp;#39;, sans-serif;font-size: 13px;font-style: normal;font-weight: 400;letter-spacing: normal;text-align: start;text-indent: 0px;text-transform: none;white-space: normal;word-spacing: 0px;background-color: #ffffff;display: inline !important;float: none;"&gt;What does the following code represent or it&amp;#39;s best for demoing?&lt;/span&gt;&lt;/p&gt;  &lt;p&gt;#include &lt;/p&gt;  &lt;p&gt;#include &lt;br/&gt;class Point2D&lt;/p&gt;  &lt;p&gt;{&lt;/p&gt;  &lt;p&gt;private:&amp;#160; &amp;#160; int m_x;&amp;#160; &amp;#160; int m_y;&lt;br/&gt;public:&amp;#160; &amp;#160;&lt;/p&gt;  &lt;p&gt;// A default constructor&amp;#160; &amp;#160;&lt;/p&gt;  &lt;p&gt;Point2D()&amp;#160; &amp;#160; &amp;#160; &amp;#160; : m_x{ 0 }, m_y{ 0 }&amp;#160; &amp;#160; {&amp;#160; &amp;#160; }&lt;br/&gt;&amp;#160; &amp;#160;&lt;/p&gt;  &lt;p&gt;// A specific constructor&amp;#160; &amp;#160;&lt;/p&gt;  &lt;p&gt;Point2D(int x, int y)&amp;#160; &amp;#160; &amp;#160; &amp;#160; : m_x{ x }, m_y{ y }&amp;#160; &amp;#160; {&amp;#160; &amp;#160; }&lt;br/&gt;&lt;br/&gt;&amp;#160; &amp;#160; // Access functions&amp;#160; &amp;#160;&lt;/p&gt;  &lt;p&gt;void setPoint(int x, int y)&amp;#160; &amp;#160; {&amp;#160; &amp;#160; &amp;#160; &amp;#160; m_x = x;&amp;#160; &amp;#160; &amp;#160; &amp;#160; m_y = y;&amp;#160; &amp;#160; }&lt;br/&gt;};&lt;/p&gt;  &lt;p&gt;class Creature&lt;/p&gt;  &lt;p&gt;{&lt;/p&gt;  &lt;p&gt;private:&amp;#160; &amp;#160; std::string m_name;&amp;#160; &amp;#160;&lt;/p&gt;  &lt;p&gt;Point2D m_location;&lt;br/&gt;public:&amp;#160; &amp;#160; Creature(const std::string&amp;amp; name, const Point2D&amp;amp; location)&amp;#160; &amp;#160; &amp;#160; &amp;#160; : m_name{ name }, m_location{ location }&amp;#160; &amp;#160; {&amp;#160; &amp;#160; }&lt;br/&gt;&lt;br/&gt;void moveTo(int x, int y)&amp;#160; &amp;#160; {&amp;#160; &amp;#160; &amp;#160; &amp;#160; m_location.setPoint(x, y);&amp;#160; &amp;#160; }};&lt;/p&gt;  &lt;p&gt;int main()&lt;/p&gt;  &lt;p&gt;{&amp;#160; &amp;#160;&lt;/p&gt;  &lt;p&gt;Creature creature{ &amp;quot;Rover&amp;quot;, { 4, 7 } };&lt;/p&gt;  &lt;p&gt;}&lt;/p&gt;</mattext></material><response_extension><d2l_2p0:display_style>2</d2l_2p0:display_style><d2l_2p0:enumeration>6</d2l_2p0:enumeration><d2l_2p0:grading_type>0</d2l_2p0:grading_type></response_extension><response_lid ident="QUES_6441341_6450727_LID" rcardinality="Single"><render_choice shuffle="no"><flow_label class="Block"><response_label ident="QUES_6441341_6450727_A23696347"><flow_mat><material><mattext texttype="text/html">&lt;div class="vtbegenerated inlineVtbegenerated"&gt;&lt;p&gt;Composition&lt;/p&gt;&lt;/div&gt;
</mattext></material></flow_mat></response_label></flow_label><flow_label class="Block"><response_label ident="QUES_6441341_6450727_A23696348"><flow_mat><material><mattext texttype="text/html">&lt;div class="vtbegenerated inlineVtbegenerated"&gt;&lt;p&gt;Aggregation&lt;/p&gt;&lt;/div&gt;
</mattext></material></flow_mat></response_label></flow_label><flow_label class="Block"><response_label ident="QUES_6441341_6450727_A23696349"><flow_mat><material><mattext texttype="text/html">&lt;div class="vtbegenerated inlineVtbegenerated"&gt;&lt;p&gt;Virtual Inheritance&lt;/p&gt;&lt;/div&gt;
</mattext></material></flow_mat></response_label></flow_label><flow_label class="Block"><response_label ident="QUES_6441341_6450727_A23696350"><flow_mat><material><mattext texttype="text/html">&lt;div class="vtbegenerated inlineVtbegenerated"&gt;&lt;p&gt;Polymorphism&lt;/p&gt;&lt;/div&gt;
</mattext></material></flow_mat></response_label></flow_label></render_choice></response_lid></flow></presentation><resprocessing><respcondition title="Response Condition 1"><conditionvar><varequal respident="QUES_6441341_6450727_LID">QUES_6441341_6450727_A23696347</varequal></conditionvar><setvar action="Set">100.000000000</setvar><displayfeedback feedbacktype="Response" linkrefid="QUES_6441341_6450727_IF23696347" /></respcondition><respcondition title="Response Condition 2"><conditionvar><varequal respident="QUES_6441341_6450727_LID">QUES_6441341_6450727_A23696348</varequal></conditionvar><setvar action="Set">0.000000000</setvar><displayfeedback feedbacktype="Response" linkrefid="QUES_6441341_6450727_IF23696348" /></respcondition><respcondition title="Response Condition 3"><conditionvar><varequal respident="QUES_6441341_6450727_LID">QUES_6441341_6450727_A23696349</varequal></conditionvar><setvar action="Set">0.000000000</setvar><displayfeedback feedbacktype="Response" linkrefid="QUES_6441341_6450727_IF23696349" /></respcondition><respcondition title="Response Condition 4"><conditionvar><varequal respident="QUES_6441341_6450727_LID">QUES_6441341_6450727_A23696350</varequal></conditionvar><setvar action="Set">0.000000000</setvar><displayfeedback feedbacktype="Response" linkrefid="QUES_6441341_6450727_IF23696350" /></respcondition></resprocessing><itemfeedback ident="QUES_6441341_6450727_IF23696347"><material><mattext texttype="text/plain" /></material></itemfeedback><itemfeedback ident="QUES_6441341_6450727_IF23696348"><material><mattext texttype="text/plain" /></material></itemfeedback><itemfeedback ident="QUES_6441341_6450727_IF23696349"><material><mattext texttype="text/plain" /></material></itemfeedback><itemfeedback ident="QUES_6441341_6450727_IF23696350"><material><mattext texttype="text/plain" /></material></itemfeedback></item><item ident="OBJ_7506382" label="QUES_6441342_6450728" d2l_2p0:page="1"><itemmetadata><qtimetadata><qti_metadatafield><fieldlabel>qmd_computerscored</fieldlabel><fieldentry>yes</fieldentry></qti_metadatafield><qti_metadatafield><fieldlabel>qmd_questiontype</fieldlabel><fieldentry>Multiple Choice</fieldentry></qti_metadatafield><qti_metadatafield><fieldlabel>qmd_weighting</fieldlabel><fieldentry>0.200000000</fieldentry></qti_metadatafield><qti_metadatafield><fieldlabel>qmd_globalid</fieldlabel><fieldentry>dfdd2c1a-bb1c-47ee-8bdb-f530805cb00a</fieldentry></qti_metadatafield><qti_metadatafield><fieldlabel>qmd_displayid</fieldlabel><fieldentry>XLIST_SALAMAT_GAME3121_202201-19</fieldentry></qti_metadatafield></qtimetadata></itemmetadata><itemproc_extension><d2l_2p0:difficulty>1</d2l_2p0:difficulty><d2l_2p0:isbonus>no</d2l_2p0:isbonus><d2l_2p0:ismandatory>no</d2l_2p0:ismandatory></itemproc_extension><presentation><flow><material><mattext texttype="text/html">&lt;p&gt;What does the following code represent or it&amp;#39;s best for demoing?&lt;/p&gt;  &lt;p&gt;#include using namespace std;&lt;br/&gt;struct Animal {&amp;#160; &amp;#160; virtual ~Animal() = default;&amp;#160; &amp;#160; virtual void Eat() {}};&lt;/p&gt;  &lt;p&gt;&lt;br/&gt;struct Mammal : Animal {&amp;#160; &amp;#160; virtual void Breathe() {}};&lt;/p&gt;  &lt;p&gt;&lt;br/&gt;struct WingedAnimal : Animal {&amp;#160; &amp;#160; virtual void Flap() {}};&lt;/p&gt;  &lt;p&gt;&lt;br/&gt;// A bat is a winged mammal&lt;/p&gt;  &lt;p&gt;struct Bat : Mammal, WingedAnimal {};&lt;br/&gt;Bat bat;&lt;br/&gt;&lt;br/&gt;void main()&lt;/p&gt;  &lt;p&gt;{&amp;#160; &amp;#160;&amp;#160;&lt;br/&gt;&amp;#160; &amp;#160; Animal&amp;amp; mammal = static_cast(bat);&amp;#160; &amp;#160;&lt;/p&gt;  &lt;p&gt;&amp;#160; &amp;#160;&amp;#160;Animal&amp;amp; winged = static_cast(bat);&amp;#160; &amp;#160;&lt;/p&gt;  &lt;p&gt;}&lt;/p&gt;</mattext></material><response_extension><d2l_2p0:display_style>2</d2l_2p0:display_style><d2l_2p0:enumeration>6</d2l_2p0:enumeration><d2l_2p0:grading_type>0</d2l_2p0:grading_type></response_extension><response_lid ident="QUES_6441342_6450728_LID" rcardinality="Single"><render_choice shuffle="no"><flow_label class="Block"><response_label ident="QUES_6441342_6450728_A23696351"><flow_mat><material><mattext texttype="text/html">&lt;div class="vtbegenerated inlineVtbegenerated"&gt;&lt;p&gt;Inhertiance&lt;/p&gt;&lt;/div&gt;
</mattext></material></flow_mat></response_label></flow_label><flow_label class="Block"><response_label ident="QUES_6441342_6450728_A23696352"><flow_mat><material><mattext texttype="text/html">&lt;div class="vtbegenerated inlineVtbegenerated"&gt;&lt;p&gt;Virtual Inheritance&lt;/p&gt;&lt;/div&gt;
</mattext></material></flow_mat></response_label></flow_label><flow_label class="Block"><response_label ident="QUES_6441342_6450728_A23696353"><flow_mat><material><mattext texttype="text/html">&lt;div class="vtbegenerated inlineVtbegenerated"&gt;&lt;p&gt;Polymorphism&lt;/p&gt;&lt;/div&gt;
</mattext></material></flow_mat></response_label></flow_label><flow_label class="Block"><response_label ident="QUES_6441342_6450728_A23696354"><flow_mat><material><mattext texttype="text/html">&lt;div class="vtbegenerated inlineVtbegenerated"&gt;&lt;p&gt;Composition&lt;/p&gt;&lt;/div&gt;
</mattext></material></flow_mat></response_label></flow_label></render_choice></response_lid></flow></presentation><resprocessing><respcondition title="Response Condition 1"><conditionvar><varequal respident="QUES_6441342_6450728_LID">QUES_6441342_6450728_A23696351</varequal></conditionvar><setvar action="Set">100.000000000</setvar><displayfeedback feedbacktype="Response" linkrefid="QUES_6441342_6450728_IF23696351" /></respcondition><respcondition title="Response Condition 2"><conditionvar><varequal respident="QUES_6441342_6450728_LID">QUES_6441342_6450728_A23696352</varequal></conditionvar><setvar action="Set">0.000000000</setvar><displayfeedback feedbacktype="Response" linkrefid="QUES_6441342_6450728_IF23696352" /></respcondition><respcondition title="Response Condition 3"><conditionvar><varequal respident="QUES_6441342_6450728_LID">QUES_6441342_6450728_A23696353</varequal></conditionvar><setvar action="Set">0.000000000</setvar><displayfeedback feedbacktype="Response" linkrefid="QUES_6441342_6450728_IF23696353" /></respcondition><respcondition title="Response Condition 4"><conditionvar><varequal respident="QUES_6441342_6450728_LID">QUES_6441342_6450728_A23696354</varequal></conditionvar><setvar action="Set">0.000000000</setvar><displayfeedback feedbacktype="Response" linkrefid="QUES_6441342_6450728_IF23696354" /></respcondition></resprocessing><itemfeedback ident="QUES_6441342_6450728_IF23696351"><material><mattext texttype="text/plain" /></material></itemfeedback><itemfeedback ident="QUES_6441342_6450728_IF23696352"><material><mattext texttype="text/plain" /></material></itemfeedback><itemfeedback ident="QUES_6441342_6450728_IF23696353"><material><mattext texttype="text/plain" /></material></itemfeedback><itemfeedback ident="QUES_6441342_6450728_IF23696354"><material><mattext texttype="text/plain" /></material></itemfeedback></item><item ident="OBJ_7506383" label="QUES_6441343_6450729" d2l_2p0:page="1"><itemmetadata><qtimetadata><qti_metadatafield><fieldlabel>qmd_computerscored</fieldlabel><fieldentry>yes</fieldentry></qti_metadatafield><qti_metadatafield><fieldlabel>qmd_questiontype</fieldlabel><fieldentry>Multiple Choice</fieldentry></qti_metadatafield><qti_metadatafield><fieldlabel>qmd_weighting</fieldlabel><fieldentry>0.200000000</fieldentry></qti_metadatafield><qti_metadatafield><fieldlabel>qmd_globalid</fieldlabel><fieldentry>893affea-eba2-45ae-a9b1-d2bf3bf63adc</fieldentry></qti_metadatafield><qti_metadatafield><fieldlabel>qmd_displayid</fieldlabel><fieldentry>XLIST_SALAMAT_GAME3121_202201-30</fieldentry></qti_metadatafield></qtimetadata></itemmetadata><itemproc_extension><d2l_2p0:difficulty>1</d2l_2p0:difficulty><d2l_2p0:isbonus>no</d2l_2p0:isbonus><d2l_2p0:ismandatory>no</d2l_2p0:ismandatory></itemproc_extension><presentation><flow><material><mattext texttype="text/html">&lt;p&gt;What does the following code represent or it&amp;#39;s best to demo for?&lt;/p&gt;  &lt;p&gt;#include &lt;/p&gt;  &lt;p&gt;#include &lt;br/&gt;using namespace std;&lt;br/&gt;std::mutex m;&lt;/p&gt;  &lt;p&gt;bool everything_ok(){&amp;#160; &amp;#160; return true;}&lt;/p&gt;  &lt;p&gt;void f(){&amp;#160; &amp;#160; cout &amp;lt;&amp;lt; &amp;quot;everything is just great when RAII is used!&amp;quot; &amp;lt;&amp;lt; endl;}&lt;/p&gt;  &lt;p&gt;void bad()&lt;/p&gt;  &lt;p&gt;{&amp;#160; &amp;#160;&lt;/p&gt;  &lt;p&gt;m.lock();&amp;#160; &amp;#160; &amp;#160; &amp;#160; &amp;#160; &amp;#160; &amp;#160; &amp;#160; &amp;#160;&amp;#160;&amp;#160; &amp;#160;&lt;/p&gt;  &lt;p&gt;f();&amp;#160; &amp;#160; &amp;#160; &amp;#160; &amp;#160; &amp;#160; &amp;#160; &amp;#160; &amp;#160; &amp;#160; &amp;#160; &amp;#160;&amp;#160;&amp;#160; &amp;#160;&lt;/p&gt;  &lt;p&gt;if (!everything_ok()) return;&amp;#160;&amp;#160; &amp;#160;&lt;/p&gt;  &lt;p&gt;m.unlock();&amp;#160; &amp;#160; &amp;#160; &amp;#160; &amp;#160; &amp;#160; &amp;#160; &amp;#160; &amp;#160;&lt;/p&gt;  &lt;p&gt;}&lt;/p&gt;  &lt;p&gt;void good()&lt;/p&gt;  &lt;p&gt;{&amp;#160; &amp;#160;&lt;/p&gt;  &lt;p&gt;std::lock_guard lk(m);&amp;#160;&amp;#160; &amp;#160;&lt;/p&gt;  &lt;p&gt;f();&amp;#160; &amp;#160; &amp;#160; &amp;#160; &amp;#160; &amp;#160; &amp;#160; &amp;#160; &amp;#160; &amp;#160; &amp;#160; &amp;#160; &amp;#160; &amp;#160; &amp;#160;&amp;#160;&amp;#160; &amp;#160;&lt;/p&gt;  &lt;p&gt;if (!everything_ok()) return;&amp;#160; &amp;#160; &amp;#160;&amp;#160;&lt;/p&gt;  &lt;p&gt;}&amp;#160; &amp;#160;&lt;/p&gt;  &lt;p&gt;int main()&lt;/p&gt;  &lt;p&gt;{&amp;#160; &amp;#160;&lt;/p&gt;  &lt;p&gt;good();&lt;/p&gt;  &lt;p&gt;}&lt;/p&gt;</mattext></material><response_extension><d2l_2p0:display_style>2</d2l_2p0:display_style><d2l_2p0:enumeration>6</d2l_2p0:enumeration><d2l_2p0:grading_type>0</d2l_2p0:grading_type></response_extension><response_lid ident="QUES_6441343_6450729_LID" rcardinality="Single"><render_choice shuffle="no"><flow_label class="Block"><response_label ident="QUES_6441343_6450729_A23696355"><flow_mat><material><mattext texttype="text/html">&lt;div class="vtbegenerated inlineVtbegenerated"&gt;&lt;p&gt;Composition&lt;/p&gt;&lt;/div&gt;
</mattext></material></flow_mat></response_label></flow_label><flow_label class="Block"><response_label ident="QUES_6441343_6450729_A23696356"><flow_mat><material><mattext texttype="text/html">&lt;div class="vtbegenerated inlineVtbegenerated"&gt;&lt;p&gt;RAII&lt;/p&gt;&lt;/div&gt;
</mattext></material></flow_mat></response_label></flow_label><flow_label class="Block"><response_label ident="QUES_6441343_6450729_A23696357"><flow_mat><material><mattext texttype="text/html">&lt;div class="vtbegenerated inlineVtbegenerated"&gt;&lt;p&gt;Polymorphism&lt;/p&gt;&lt;/div&gt;
</mattext></material></flow_mat></response_label></flow_label><flow_label class="Block"><response_label ident="QUES_6441343_6450729_A23696358"><flow_mat><material><mattext texttype="text/html">&lt;div class="vtbegenerated inlineVtbegenerated"&gt;&lt;p&gt;Aggregation&lt;/p&gt;&lt;/div&gt;
</mattext></material></flow_mat></response_label></flow_label></render_choice></response_lid></flow></presentation><resprocessing><respcondition title="Response Condition 1"><conditionvar><varequal respident="QUES_6441343_6450729_LID">QUES_6441343_6450729_A23696355</varequal></conditionvar><setvar action="Set">0.000000000</setvar><displayfeedback feedbacktype="Response" linkrefid="QUES_6441343_6450729_IF23696355" /></respcondition><respcondition title="Response Condition 2"><conditionvar><varequal respident="QUES_6441343_6450729_LID">QUES_6441343_6450729_A23696356</varequal></conditionvar><setvar action="Set">100.000000000</setvar><displayfeedback feedbacktype="Response" linkrefid="QUES_6441343_6450729_IF23696356" /></respcondition><respcondition title="Response Condition 3"><conditionvar><varequal respident="QUES_6441343_6450729_LID">QUES_6441343_6450729_A23696357</varequal></conditionvar><setvar action="Set">0.000000000</setvar><displayfeedback feedbacktype="Response" linkrefid="QUES_6441343_6450729_IF23696357" /></respcondition><respcondition title="Response Condition 4"><conditionvar><varequal respident="QUES_6441343_6450729_LID">QUES_6441343_6450729_A23696358</varequal></conditionvar><setvar action="Set">0.000000000</setvar><displayfeedback feedbacktype="Response" linkrefid="QUES_6441343_6450729_IF23696358" /></respcondition></resprocessing><itemfeedback ident="QUES_6441343_6450729_IF23696355"><material><mattext texttype="text/plain" /></material></itemfeedback><itemfeedback ident="QUES_6441343_6450729_IF23696356"><material><mattext texttype="text/plain" /></material></itemfeedback><itemfeedback ident="QUES_6441343_6450729_IF23696357"><material><mattext texttype="text/plain" /></material></itemfeedback><itemfeedback ident="QUES_6441343_6450729_IF23696358"><material><mattext texttype="text/plain" /></material></itemfeedback></item><item ident="OBJ_7506384" label="QUES_6441344_6450730" d2l_2p0:page="1"><itemmetadata><qtimetadata><qti_metadatafield><fieldlabel>qmd_computerscored</fieldlabel><fieldentry>yes</fieldentry></qti_metadatafield><qti_metadatafield><fieldlabel>qmd_questiontype</fieldlabel><fieldentry>Multiple Choice</fieldentry></qti_metadatafield><qti_metadatafield><fieldlabel>qmd_weighting</fieldlabel><fieldentry>0.200000000</fieldentry></qti_metadatafield><qti_metadatafield><fieldlabel>qmd_globalid</fieldlabel><fieldentry>424c5409-5464-4c4c-8bbd-adaacaa92a48</fieldentry></qti_metadatafield><qti_metadatafield><fieldlabel>qmd_displayid</fieldlabel><fieldentry>XLIST_SALAMAT_GAME3121_202201-33</fieldentry></qti_metadatafield></qtimetadata></itemmetadata><itemproc_extension><d2l_2p0:difficulty>1</d2l_2p0:difficulty><d2l_2p0:isbonus>no</d2l_2p0:isbonus><d2l_2p0:ismandatory>no</d2l_2p0:ismandatory></itemproc_extension><presentation><flow><material><mattext texttype="text/html">&lt;a rel="noopener" href="https://learn.georgebrown.ca/content/enforced/69643-XLIST_SALAMAT_GAME3121_202201/Lab_Test3-_18407504_1-question.html" target="_blank"&gt;Question&lt;/a&gt;</mattext></material><response_extension><d2l_2p0:display_style>2</d2l_2p0:display_style><d2l_2p0:enumeration>6</d2l_2p0:enumeration><d2l_2p0:grading_type>0</d2l_2p0:grading_type></response_extension><response_lid ident="QUES_6441344_6450730_LID" rcardinality="Single"><render_choice shuffle="no"><flow_label class="Block"><response_label ident="QUES_6441344_6450730_A23696359"><flow_mat><material><mattext texttype="text/html">&lt;div class="vtbegenerated inlineVtbegenerated"&gt;&lt;p&gt;3412CDAB&lt;/p&gt;&lt;/div&gt;
</mattext></material></flow_mat></response_label></flow_label><flow_label class="Block"><response_label ident="QUES_6441344_6450730_A23696360"><flow_mat><material><mattext texttype="text/html">&lt;div class="vtbegenerated inlineVtbegenerated"&gt;&lt;p&gt;1234CDAB&lt;/p&gt;&lt;/div&gt;
</mattext></material></flow_mat></response_label></flow_label><flow_label class="Block"><response_label ident="QUES_6441344_6450730_A23696361"><flow_mat><material><mattext texttype="text/html">&lt;div class="vtbegenerated inlineVtbegenerated"&gt;&lt;p&gt;1234ABCD&lt;/p&gt;&lt;/div&gt;
</mattext></material></flow_mat></response_label></flow_label><flow_label class="Block"><response_label ident="QUES_6441344_6450730_A23696362"><flow_mat><material><mattext texttype="text/html">&lt;div class="vtbegenerated inlineVtbegenerated"&gt;&lt;p&gt;AB12CD34&lt;/p&gt;&lt;/div&gt;
</mattext></material></flow_mat></response_label></flow_label></render_choice></response_lid></flow></presentation><resprocessing><respcondition title="Response Condition 1"><conditionvar><varequal respident="QUES_6441344_6450730_LID">QUES_6441344_6450730_A23696359</varequal></conditionvar><setvar action="Set">100.000000000</setvar><displayfeedback feedbacktype="Response" linkrefid="QUES_6441344_6450730_IF23696359" /></respcondition><respcondition title="Response Condition 2"><conditionvar><varequal respident="QUES_6441344_6450730_LID">QUES_6441344_6450730_A23696360</varequal></conditionvar><setvar action="Set">0.000000000</setvar><displayfeedback feedbacktype="Response" linkrefid="QUES_6441344_6450730_IF23696360" /></respcondition><respcondition title="Response Condition 3"><conditionvar><varequal respident="QUES_6441344_6450730_LID">QUES_6441344_6450730_A23696361</varequal></conditionvar><setvar action="Set">0.000000000</setvar><displayfeedback feedbacktype="Response" linkrefid="QUES_6441344_6450730_IF23696361" /></respcondition><respcondition title="Response Condition 4"><conditionvar><varequal respident="QUES_6441344_6450730_LID">QUES_6441344_6450730_A23696362</varequal></conditionvar><setvar action="Set">0.000000000</setvar><displayfeedback feedbacktype="Response" linkrefid="QUES_6441344_6450730_IF23696362" /></respcondition></resprocessing><itemfeedback ident="QUES_6441344_6450730_IF23696359"><material><mattext texttype="text/plain" /></material></itemfeedback><itemfeedback ident="QUES_6441344_6450730_IF23696360"><material><mattext texttype="text/plain" /></material></itemfeedback><itemfeedback ident="QUES_6441344_6450730_IF23696361"><material><mattext texttype="text/plain" /></material></itemfeedback><itemfeedback ident="QUES_6441344_6450730_IF23696362"><material><mattext texttype="text/plain" /></material></itemfeedback></item><item ident="OBJ_7506385" label="QUES_6441345_6450731" d2l_2p0:page="1"><itemmetadata><qtimetadata><qti_metadatafield><fieldlabel>qmd_computerscored</fieldlabel><fieldentry>yes</fieldentry></qti_metadatafield><qti_metadatafield><fieldlabel>qmd_questiontype</fieldlabel><fieldentry>Multiple Choice</fieldentry></qti_metadatafield><qti_metadatafield><fieldlabel>qmd_weighting</fieldlabel><fieldentry>0.200000000</fieldentry></qti_metadatafield><qti_metadatafield><fieldlabel>qmd_globalid</fieldlabel><fieldentry>b51221c3-f6ea-4d4d-a193-951dacb9b539</fieldentry></qti_metadatafield><qti_metadatafield><fieldlabel>qmd_displayid</fieldlabel><fieldentry>XLIST_SALAMAT_GAME3121_202201-38</fieldentry></qti_metadatafield></qtimetadata></itemmetadata><itemproc_extension><d2l_2p0:difficulty>1</d2l_2p0:difficulty><d2l_2p0:isbonus>no</d2l_2p0:isbonus><d2l_2p0:ismandatory>no</d2l_2p0:ismandatory></itemproc_extension><presentation><flow><material><mattext texttype="text/html">&lt;p&gt;What does this assembly code do?&lt;/p&gt;  &lt;p&gt;cmp eax, ebx ;&lt;/p&gt;  &lt;p&gt;jle ReturnZero ;&amp;#160;&lt;/p&gt;  &lt;p&gt;add eax, ebx ;&lt;/p&gt;  &lt;p&gt;ret&lt;/p&gt;  &lt;p&gt;ReturnZero:&lt;/p&gt;  &lt;p&gt;xor eax, eax ;&lt;/p&gt;  &lt;p&gt;ret ;&lt;/p&gt;</mattext></material><response_extension><d2l_2p0:display_style>2</d2l_2p0:display_style><d2l_2p0:enumeration>6</d2l_2p0:enumeration><d2l_2p0:grading_type>0</d2l_2p0:grading_type></response_extension><response_lid ident="QUES_6441345_6450731_LID" rcardinality="Single"><render_choice shuffle="no"><flow_label class="Block"><response_label ident="QUES_6441345_6450731_A23696363"><flow_mat><material><mattext texttype="text/html">&lt;div class="vtbegenerated inlineVtbegenerated"&gt;&lt;p&gt;if (a &amp;lt; b)&lt;/p&gt;  &lt;p&gt;return a + b;&lt;/p&gt;  &lt;p&gt;else&lt;/p&gt;  &lt;p&gt;return 0;&lt;/p&gt;&lt;/div&gt;
</mattext></material></flow_mat></response_label></flow_label><flow_label class="Block"><response_label ident="QUES_6441345_6450731_A23696364"><flow_mat><material><mattext texttype="text/html">&lt;div class="vtbegenerated inlineVtbegenerated"&gt;&lt;p style="font-family: &amp;#39;Open Sans&amp;#39;, sans-serif;text-shadow: none !important;letter-spacing: normal;margin: 0px 0px 1em;padding: 0px;border: 0px;outline: 0px;font-weight: 400;font-style: normal;font-size: small;color: #000000;text-align: start;text-indent: 0px;text-transform: none;white-space: normal;word-spacing: 0px;"&gt;if (a &amp;gt; b)&lt;/p&gt;  &lt;p style="font-family: &amp;#39;Open Sans&amp;#39;, sans-serif;text-shadow: none !important;letter-spacing: normal;margin: 0px 0px 1em;padding: 0px;border: 0px;outline: 0px;font-weight: 400;font-style: normal;font-size: small;color: #000000;text-align: start;text-indent: 0px;text-transform: none;white-space: normal;word-spacing: 0px;"&gt;return a + b;&lt;/p&gt;  &lt;p style="font-family: &amp;#39;Open Sans&amp;#39;, sans-serif;text-shadow: none !important;letter-spacing: normal;margin: 0px 0px 1em;padding: 0px;border: 0px;outline: 0px;font-weight: 400;font-style: normal;font-size: small;color: #000000;text-align: start;text-indent: 0px;text-transform: none;white-space: normal;word-spacing: 0px;"&gt;else&lt;/p&gt;  &lt;p style="font-family: &amp;#39;Open Sans&amp;#39;, sans-serif;text-shadow: none !important;letter-spacing: normal;margin: 0px 0px 1em;padding: 0px;border: 0px;outline: 0px;font-weight: 400;font-style: normal;font-size: small;color: #000000;text-align: start;text-indent: 0px;text-transform: none;white-space: normal;word-spacing: 0px;"&gt;return 0;&lt;/p&gt;  &lt;p&gt;&lt;br/&gt;&lt;/p&gt;&lt;/div&gt;
</mattext></material></flow_mat></response_label></flow_label><flow_label class="Block"><response_label ident="QUES_6441345_6450731_A23696365"><flow_mat><material><mattext texttype="text/html">&lt;div class="vtbegenerated inlineVtbegenerated"&gt;&lt;p style="font-family: &amp;#39;Open Sans&amp;#39;, sans-serif;text-shadow: none !important;letter-spacing: normal;margin: 0px 0px 1em;padding: 0px;border: 0px;outline: 0px;font-weight: 400;font-style: normal;font-size: small;color: #000000;text-align: start;text-indent: 0px;text-transform: none;white-space: normal;word-spacing: 0px;"&gt;if (a &amp;lt; b)&lt;/p&gt;  &lt;p style="font-family: &amp;#39;Open Sans&amp;#39;, sans-serif;text-shadow: none !important;letter-spacing: normal;margin: 0px 0px 1em;padding: 0px;border: 0px;outline: 0px;font-weight: 400;font-style: normal;font-size: small;color: #000000;text-align: start;text-indent: 0px;text-transform: none;white-space: normal;word-spacing: 0px;"&gt;return a;&lt;/p&gt;  &lt;p style="font-family: &amp;#39;Open Sans&amp;#39;, sans-serif;text-shadow: none !important;letter-spacing: normal;margin: 0px 0px 1em;padding: 0px;border: 0px;outline: 0px;font-weight: 400;font-style: normal;font-size: small;color: #000000;text-align: start;text-indent: 0px;text-transform: none;white-space: normal;word-spacing: 0px;"&gt;else&lt;/p&gt;  &lt;p style="font-family: &amp;#39;Open Sans&amp;#39;, sans-serif;text-shadow: none !important;letter-spacing: normal;margin: 0px 0px 1em;padding: 0px;border: 0px;outline: 0px;font-weight: 400;font-style: normal;font-size: small;color: #000000;text-align: start;text-indent: 0px;text-transform: none;white-space: normal;word-spacing: 0px;"&gt;return b;&lt;/p&gt;  &lt;p&gt;&lt;br/&gt;&lt;/p&gt;&lt;/div&gt;
</mattext></material></flow_mat></response_label></flow_label><flow_label class="Block"><response_label ident="QUES_6441345_6450731_A23696366"><flow_mat><material><mattext texttype="text/html">&lt;div class="vtbegenerated inlineVtbegenerated"&gt;&lt;p style="font-family: &amp;#39;Open Sans&amp;#39;, sans-serif;text-shadow: none !important;letter-spacing: normal;margin: 0px 0px 1em;padding: 0px;border: 0px;outline: 0px;font-weight: 400;font-style: normal;font-size: small;color: #000000;text-align: start;text-indent: 0px;text-transform: none;white-space: normal;word-spacing: 0px;"&gt;if (a &amp;gt; b)&lt;/p&gt;  &lt;p style="font-family: &amp;#39;Open Sans&amp;#39;, sans-serif;text-shadow: none !important;letter-spacing: normal;margin: 0px 0px 1em;padding: 0px;border: 0px;outline: 0px;font-weight: 400;font-style: normal;font-size: small;color: #000000;text-align: start;text-indent: 0px;text-transform: none;white-space: normal;word-spacing: 0px;"&gt;return a;&lt;/p&gt;  &lt;p style="font-family: &amp;#39;Open Sans&amp;#39;, sans-serif;text-shadow: none !important;letter-spacing: normal;margin: 0px 0px 1em;padding: 0px;border: 0px;outline: 0px;font-weight: 400;font-style: normal;font-size: small;color: #000000;text-align: start;text-indent: 0px;text-transform: none;white-space: normal;word-spacing: 0px;"&gt;else&lt;/p&gt;  &lt;p style="font-family: &amp;#39;Open Sans&amp;#39;, sans-serif;text-shadow: none !important;letter-spacing: normal;margin: 0px 0px 1em;padding: 0px;border: 0px;outline: 0px;font-weight: 400;font-style: normal;font-size: small;color: #000000;text-align: start;text-indent: 0px;text-transform: none;white-space: normal;word-spacing: 0px;"&gt;return b;&lt;/p&gt;  &lt;p&gt;&lt;br/&gt;&lt;/p&gt;&lt;/div&gt;
</mattext></material></flow_mat></response_label></flow_label></render_choice></response_lid></flow></presentation><resprocessing><respcondition title="Response Condition 1"><conditionvar><varequal respident="QUES_6441345_6450731_LID">QUES_6441345_6450731_A23696363</varequal></conditionvar><setvar action="Set">0.000000000</setvar><displayfeedback feedbacktype="Response" linkrefid="QUES_6441345_6450731_IF23696363" /></respcondition><respcondition title="Response Condition 2"><conditionvar><varequal respident="QUES_6441345_6450731_LID">QUES_6441345_6450731_A23696364</varequal></conditionvar><setvar action="Set">100.000000000</setvar><displayfeedback feedbacktype="Response" linkrefid="QUES_6441345_6450731_IF23696364" /></respcondition><respcondition title="Response Condition 3"><conditionvar><varequal respident="QUES_6441345_6450731_LID">QUES_6441345_6450731_A23696365</varequal></conditionvar><setvar action="Set">0.000000000</setvar><displayfeedback feedbacktype="Response" linkrefid="QUES_6441345_6450731_IF23696365" /></respcondition><respcondition title="Response Condition 4"><conditionvar><varequal respident="QUES_6441345_6450731_LID">QUES_6441345_6450731_A23696366</varequal></conditionvar><setvar action="Set">0.000000000</setvar><displayfeedback feedbacktype="Response" linkrefid="QUES_6441345_6450731_IF23696366" /></respcondition></resprocessing><itemfeedback ident="QUES_6441345_6450731_IF23696363"><material><mattext texttype="text/plain" /></material></itemfeedback><itemfeedback ident="QUES_6441345_6450731_IF23696364"><material><mattext texttype="text/plain" /></material></itemfeedback><itemfeedback ident="QUES_6441345_6450731_IF23696365"><material><mattext texttype="text/plain" /></material></itemfeedback><itemfeedback ident="QUES_6441345_6450731_IF23696366"><material><mattext texttype="text/plain" /></material></itemfeedback></item></section></assessment></questestinterop>