﻿<?xml version="1.0" encoding="UTF-8"?><questestinterop xmlns:d2l_2p0="http://desire2learn.com/xsd/d2lcp_v2p0"><assessment d2l_2p0:id="21" title="Lab Test1" ident="res_quiz_247296" d2l_2p0:resource_code="FCF4E421-A020-454B-979C-FE41E4E97EDB-2245069"><rubric><flow_mat><material><mattext d2l_2p0:isdisplayed="yes" texttype="text/html">&lt;div style="padding-left: 10px;padding-right: 10px"&gt;&lt;/div&gt;</mattext></material></flow_mat></rubric><assessmentcontrol hintswitch="no" solutionswitch="yes" feedbackswitch="no" /><presentation_material><flow_mat><material label="page header"><mattext d2l_2p0:isdisplayed="no" texttype="text/html" /></material><material label="page footer"><mattext d2l_2p0:isdisplayed="no" texttype="text/html" /></material></flow_mat></presentation_material><assess_procextension><d2l_2p0:intro_message d2l_2p0:isdisplayed="no" texttype="text/html" /><d2l_2p0:disable_right_click>no</d2l_2p0:disable_right_click><d2l_2p0:disable_pager_access>no</d2l_2p0:disable_pager_access><is_active>no</is_active><d2l_2p0:date_start><d2l_2p0:timestamp><d2l_2p0:month>9</d2l_2p0:month><d2l_2p0:day>20</d2l_2p0:day><d2l_2p0:year>2022</d2l_2p0:year><d2l_2p0:hour>19</d2l_2p0:hour><d2l_2p0:minutes>30</d2l_2p0:minutes><d2l_2p0:seconds>0</d2l_2p0:seconds></d2l_2p0:timestamp></d2l_2p0:date_start><d2l_2p0:date_end><d2l_2p0:timestamp><d2l_2p0:month>9</d2l_2p0:month><d2l_2p0:day>20</d2l_2p0:day><d2l_2p0:year>2022</d2l_2p0:year><d2l_2p0:hour>20</d2l_2p0:hour><d2l_2p0:minutes>30</d2l_2p0:minutes><d2l_2p0:seconds>0</d2l_2p0:seconds></d2l_2p0:timestamp></d2l_2p0:date_end><d2l_2p0:date_due /><d2l_2p0:has_schedule_event>yes</d2l_2p0:has_schedule_event><d2l_2p0:is_attempt_Rldb>no</d2l_2p0:is_attempt_Rldb><d2l_2p0:is_subview_Rldb>no</d2l_2p0:is_subview_Rldb><d2l_2p0:time_limit>20</d2l_2p0:time_limit><d2l_2p0:show_clock>no</d2l_2p0:show_clock><d2l_2p0:enforce_time_limit>no</d2l_2p0:enforce_time_limit><d2l_2p0:quiz_start_type>no</d2l_2p0:quiz_start_type><d2l_2p0:grace_period>1</d2l_2p0:grace_period><d2l_2p0:late_limit>0</d2l_2p0:late_limit><d2l_2p0:attempts_allowed>1</d2l_2p0:attempts_allowed><d2l_2p0:attempt_restrictions /><d2l_2p0:mark_calculation_type>1</d2l_2p0:mark_calculation_type><d2l_2p0:is_forward_only>no</d2l_2p0:is_forward_only></assess_procextension><assessfeedback title=""><rubric><flow_mat><material><mattext texttype="yes">Your quiz has been submitted successfully.</mattext></material></flow_mat></rubric><d2l_2p0:duration>0</d2l_2p0:duration><d2l_2p0:response_display_type_id>1</d2l_2p0:response_display_type_id><d2l_2p0:show_correct_answers>no</d2l_2p0:show_correct_answers><d2l_2p0:submission_restrictip>no</d2l_2p0:submission_restrictip><d2l_2p0:show_class_average>no</d2l_2p0:show_class_average><d2l_2p0:show_score_distribution>no</d2l_2p0:show_score_distribution></assessfeedback><section ident="CONTAINER_SECTION"><item ident="OBJ_7506386" label="QUES_6441346_6450732" d2l_2p0:page="1"><itemmetadata><qtimetadata><qti_metadatafield><fieldlabel>qmd_computerscored</fieldlabel><fieldentry>yes</fieldentry></qti_metadatafield><qti_metadatafield><fieldlabel>qmd_questiontype</fieldlabel><fieldentry>Multiple Choice</fieldentry></qti_metadatafield><qti_metadatafield><fieldlabel>qmd_weighting</fieldlabel><fieldentry>0.200000000</fieldentry></qti_metadatafield><qti_metadatafield><fieldlabel>qmd_globalid</fieldlabel><fieldentry>9c6e4021-e2b9-42f4-ba77-c9fe63bbfe5f</fieldentry></qti_metadatafield><qti_metadatafield><fieldlabel>qmd_displayid</fieldlabel><fieldentry>XLIST_SALAMAT_GAME3121_202201-5</fieldentry></qti_metadatafield></qtimetadata></itemmetadata><itemproc_extension><d2l_2p0:difficulty>1</d2l_2p0:difficulty><d2l_2p0:isbonus>no</d2l_2p0:isbonus><d2l_2p0:ismandatory>no</d2l_2p0:ismandatory></itemproc_extension><presentation><flow><material><mattext texttype="text/html">&lt;p&gt;What genre do games like&amp;#160;Quake, Unreal Tournament, Half-Life, Battlefield, Destiny, Titan fall and Overwatch belong to?&lt;/p&gt;</mattext></material><response_extension><d2l_2p0:display_style>2</d2l_2p0:display_style><d2l_2p0:enumeration>6</d2l_2p0:enumeration><d2l_2p0:grading_type>0</d2l_2p0:grading_type></response_extension><response_lid ident="QUES_6441346_6450732_LID" rcardinality="Single"><render_choice shuffle="no"><flow_label class="Block"><response_label ident="QUES_6441346_6450732_A23696367"><flow_mat><material><mattext texttype="text/html">&lt;div class="vtbegenerated inlineVtbegenerated"&gt;&lt;p&gt;First Person Shooters&lt;/p&gt;&lt;/div&gt;
</mattext></material></flow_mat></response_label></flow_label><flow_label class="Block"><response_label ident="QUES_6441346_6450732_A23696368"><flow_mat><material><mattext texttype="text/html">&lt;div class="vtbegenerated inlineVtbegenerated"&gt;&lt;p&gt;Platformers&lt;/p&gt;&lt;/div&gt;
</mattext></material></flow_mat></response_label></flow_label><flow_label class="Block"><response_label ident="QUES_6441346_6450732_A23696369"><flow_mat><material><mattext texttype="text/html">&lt;div class="vtbegenerated inlineVtbegenerated"&gt;&lt;p&gt;third-person action&lt;/p&gt;&lt;/div&gt;
</mattext></material></flow_mat></response_label></flow_label><flow_label class="Block"><response_label ident="QUES_6441346_6450732_A23696370"><flow_mat><material><mattext texttype="text/html">&lt;div class="vtbegenerated inlineVtbegenerated"&gt;&lt;p&gt;MMOG&lt;/p&gt;&lt;/div&gt;
</mattext></material></flow_mat></response_label></flow_label></render_choice></response_lid></flow></presentation><resprocessing><respcondition title="Response Condition 1"><conditionvar><varequal respident="QUES_6441346_6450732_LID">QUES_6441346_6450732_A23696367</varequal></conditionvar><setvar action="Set">100.000000000</setvar><displayfeedback feedbacktype="Response" linkrefid="QUES_6441346_6450732_IF23696367" /></respcondition><respcondition title="Response Condition 2"><conditionvar><varequal respident="QUES_6441346_6450732_LID">QUES_6441346_6450732_A23696368</varequal></conditionvar><setvar action="Set">0.000000000</setvar><displayfeedback feedbacktype="Response" linkrefid="QUES_6441346_6450732_IF23696368" /></respcondition><respcondition title="Response Condition 3"><conditionvar><varequal respident="QUES_6441346_6450732_LID">QUES_6441346_6450732_A23696369</varequal></conditionvar><setvar action="Set">0.000000000</setvar><displayfeedback feedbacktype="Response" linkrefid="QUES_6441346_6450732_IF23696369" /></respcondition><respcondition title="Response Condition 4"><conditionvar><varequal respident="QUES_6441346_6450732_LID">QUES_6441346_6450732_A23696370</varequal></conditionvar><setvar action="Set">0.000000000</setvar><displayfeedback feedbacktype="Response" linkrefid="QUES_6441346_6450732_IF23696370" /></respcondition></resprocessing><itemfeedback ident="QUES_6441346_6450732_IF23696367"><material><mattext texttype="text/plain" /></material></itemfeedback><itemfeedback ident="QUES_6441346_6450732_IF23696368"><material><mattext texttype="text/plain" /></material></itemfeedback><itemfeedback ident="QUES_6441346_6450732_IF23696369"><material><mattext texttype="text/plain" /></material></itemfeedback><itemfeedback ident="QUES_6441346_6450732_IF23696370"><material><mattext texttype="text/plain" /></material></itemfeedback></item><item ident="OBJ_7506387" label="QUES_6441347_6450733" d2l_2p0:page="1"><itemmetadata><qtimetadata><qti_metadatafield><fieldlabel>qmd_computerscored</fieldlabel><fieldentry>yes</fieldentry></qti_metadatafield><qti_metadatafield><fieldlabel>qmd_questiontype</fieldlabel><fieldentry>Multiple Choice</fieldentry></qti_metadatafield><qti_metadatafield><fieldlabel>qmd_weighting</fieldlabel><fieldentry>0.100000000</fieldentry></qti_metadatafield><qti_metadatafield><fieldlabel>qmd_globalid</fieldlabel><fieldentry>6145fee8-4479-4c71-9243-22bd6462aab9</fieldentry></qti_metadatafield><qti_metadatafield><fieldlabel>qmd_displayid</fieldlabel><fieldentry>XLIST_SALAMAT_GAME3121_202201-6</fieldentry></qti_metadatafield></qtimetadata></itemmetadata><itemproc_extension><d2l_2p0:difficulty>1</d2l_2p0:difficulty><d2l_2p0:isbonus>no</d2l_2p0:isbonus><d2l_2p0:ismandatory>no</d2l_2p0:ismandatory></itemproc_extension><presentation><flow><material><mattext texttype="text/html">&lt;p&gt;Which one of the following software development kits&amp;#160;is not a game engine?&lt;/p&gt;</mattext></material><response_extension><d2l_2p0:display_style>2</d2l_2p0:display_style><d2l_2p0:enumeration>6</d2l_2p0:enumeration><d2l_2p0:grading_type>0</d2l_2p0:grading_type></response_extension><response_lid ident="QUES_6441347_6450733_LID" rcardinality="Single"><render_choice shuffle="no"><flow_label class="Block"><response_label ident="QUES_6441347_6450733_A23696371"><flow_mat><material><mattext texttype="text/html">&lt;div class="vtbegenerated inlineVtbegenerated"&gt;&lt;p&gt;Epic Games&amp;#39; Unreal Engine&lt;/p&gt;&lt;/div&gt;
</mattext></material></flow_mat></response_label></flow_label><flow_label class="Block"><response_label ident="QUES_6441347_6450733_A23696372"><flow_mat><material><mattext texttype="text/html">&lt;div class="vtbegenerated inlineVtbegenerated"&gt;&lt;p&gt;Valve&amp;#39;s Source engine&lt;/p&gt;&lt;/div&gt;
</mattext></material></flow_mat></response_label></flow_label><flow_label class="Block"><response_label ident="QUES_6441347_6450733_A23696373"><flow_mat><material><mattext texttype="text/html">&lt;div class="vtbegenerated inlineVtbegenerated"&gt;&lt;p&gt;Crytek&amp;#39;s CRYENGINE&lt;/p&gt;&lt;/div&gt;
</mattext></material></flow_mat></response_label></flow_label><flow_label class="Block"><response_label ident="QUES_6441347_6450733_A23696374"><flow_mat><material><mattext texttype="text/html">&lt;div class="vtbegenerated inlineVtbegenerated"&gt;&lt;p&gt;OpenGL&lt;/p&gt;&lt;/div&gt;
</mattext></material></flow_mat></response_label></flow_label></render_choice></response_lid></flow></presentation><resprocessing><respcondition title="Response Condition 1"><conditionvar><varequal respident="QUES_6441347_6450733_LID">QUES_6441347_6450733_A23696371</varequal></conditionvar><setvar action="Set">0.000000000</setvar><displayfeedback feedbacktype="Response" linkrefid="QUES_6441347_6450733_IF23696371" /></respcondition><respcondition title="Response Condition 2"><conditionvar><varequal respident="QUES_6441347_6450733_LID">QUES_6441347_6450733_A23696372</varequal></conditionvar><setvar action="Set">0.000000000</setvar><displayfeedback feedbacktype="Response" linkrefid="QUES_6441347_6450733_IF23696372" /></respcondition><respcondition title="Response Condition 3"><conditionvar><varequal respident="QUES_6441347_6450733_LID">QUES_6441347_6450733_A23696373</varequal></conditionvar><setvar action="Set">0.000000000</setvar><displayfeedback feedbacktype="Response" linkrefid="QUES_6441347_6450733_IF23696373" /></respcondition><respcondition title="Response Condition 4"><conditionvar><varequal respident="QUES_6441347_6450733_LID">QUES_6441347_6450733_A23696374</varequal></conditionvar><setvar action="Set">100.000000000</setvar><displayfeedback feedbacktype="Response" linkrefid="QUES_6441347_6450733_IF23696374" /></respcondition></resprocessing><itemfeedback ident="QUES_6441347_6450733_IF23696371"><material><mattext texttype="text/plain" /></material></itemfeedback><itemfeedback ident="QUES_6441347_6450733_IF23696372"><material><mattext texttype="text/plain" /></material></itemfeedback><itemfeedback ident="QUES_6441347_6450733_IF23696373"><material><mattext texttype="text/plain" /></material></itemfeedback><itemfeedback ident="QUES_6441347_6450733_IF23696374"><material><mattext texttype="text/plain" /></material></itemfeedback></item><item ident="OBJ_7506388" label="QUES_6441348_6450734" d2l_2p0:page="1"><itemmetadata><qtimetadata><qti_metadatafield><fieldlabel>qmd_computerscored</fieldlabel><fieldentry>yes</fieldentry></qti_metadatafield><qti_metadatafield><fieldlabel>qmd_questiontype</fieldlabel><fieldentry>Multiple Choice</fieldentry></qti_metadatafield><qti_metadatafield><fieldlabel>qmd_weighting</fieldlabel><fieldentry>0.200000000</fieldentry></qti_metadatafield><qti_metadatafield><fieldlabel>qmd_globalid</fieldlabel><fieldentry>ab5d07aa-91b5-42ab-b368-086c2e26d555</fieldentry></qti_metadatafield><qti_metadatafield><fieldlabel>qmd_displayid</fieldlabel><fieldentry>XLIST_SALAMAT_GAME3121_202201-7</fieldentry></qti_metadatafield></qtimetadata></itemmetadata><itemproc_extension><d2l_2p0:difficulty>1</d2l_2p0:difficulty><d2l_2p0:isbonus>no</d2l_2p0:isbonus><d2l_2p0:ismandatory>no</d2l_2p0:ismandatory></itemproc_extension><presentation><flow><material><mattext texttype="text/html">&lt;p&gt;Which of the following artist doesn&amp;#39;t produce the visual content in a game?&lt;/p&gt;</mattext></material><response_extension><d2l_2p0:display_style>2</d2l_2p0:display_style><d2l_2p0:enumeration>6</d2l_2p0:enumeration><d2l_2p0:grading_type>0</d2l_2p0:grading_type></response_extension><response_lid ident="QUES_6441348_6450734_LID" rcardinality="Single"><render_choice shuffle="no"><flow_label class="Block"><response_label ident="QUES_6441348_6450734_A23696375"><flow_mat><material><mattext texttype="text/html">&lt;div class="vtbegenerated inlineVtbegenerated"&gt;&lt;p&gt;Concept artists&lt;/p&gt;&lt;/div&gt;
</mattext></material></flow_mat></response_label></flow_label><flow_label class="Block"><response_label ident="QUES_6441348_6450734_A23696376"><flow_mat><material><mattext texttype="text/html">&lt;div class="vtbegenerated inlineVtbegenerated"&gt;&lt;p&gt;Sound designers&lt;/p&gt;&lt;/div&gt;
</mattext></material></flow_mat></response_label></flow_label><flow_label class="Block"><response_label ident="QUES_6441348_6450734_A23696377"><flow_mat><material><mattext texttype="text/html">&lt;div class="vtbegenerated inlineVtbegenerated"&gt;&lt;p&gt;3D modelers&lt;/p&gt;&lt;/div&gt;
</mattext></material></flow_mat></response_label></flow_label><flow_label class="Block"><response_label ident="QUES_6441348_6450734_A23696378"><flow_mat><material><mattext texttype="text/html">&lt;div class="vtbegenerated inlineVtbegenerated"&gt;&lt;p&gt;Motion capture actors&lt;/p&gt;&lt;/div&gt;
</mattext></material></flow_mat></response_label></flow_label></render_choice></response_lid></flow></presentation><resprocessing><respcondition title="Response Condition 1"><conditionvar><varequal respident="QUES_6441348_6450734_LID">QUES_6441348_6450734_A23696375</varequal></conditionvar><setvar action="Set">0.000000000</setvar><displayfeedback feedbacktype="Response" linkrefid="QUES_6441348_6450734_IF23696375" /></respcondition><respcondition title="Response Condition 2"><conditionvar><varequal respident="QUES_6441348_6450734_LID">QUES_6441348_6450734_A23696376</varequal></conditionvar><setvar action="Set">100.000000000</setvar><displayfeedback feedbacktype="Response" linkrefid="QUES_6441348_6450734_IF23696376" /></respcondition><respcondition title="Response Condition 3"><conditionvar><varequal respident="QUES_6441348_6450734_LID">QUES_6441348_6450734_A23696377</varequal></conditionvar><setvar action="Set">0.000000000</setvar><displayfeedback feedbacktype="Response" linkrefid="QUES_6441348_6450734_IF23696377" /></respcondition><respcondition title="Response Condition 4"><conditionvar><varequal respident="QUES_6441348_6450734_LID">QUES_6441348_6450734_A23696378</varequal></conditionvar><setvar action="Set">0.000000000</setvar><displayfeedback feedbacktype="Response" linkrefid="QUES_6441348_6450734_IF23696378" /></respcondition></resprocessing><itemfeedback ident="QUES_6441348_6450734_IF23696375"><material><mattext texttype="text/plain" /></material></itemfeedback><itemfeedback ident="QUES_6441348_6450734_IF23696376"><material><mattext texttype="text/plain" /></material></itemfeedback><itemfeedback ident="QUES_6441348_6450734_IF23696377"><material><mattext texttype="text/plain" /></material></itemfeedback><itemfeedback ident="QUES_6441348_6450734_IF23696378"><material><mattext texttype="text/plain" /></material></itemfeedback></item><item ident="OBJ_7506389" label="QUES_6441349_6450735" d2l_2p0:page="1"><itemmetadata><qtimetadata><qti_metadatafield><fieldlabel>qmd_computerscored</fieldlabel><fieldentry>yes</fieldentry></qti_metadatafield><qti_metadatafield><fieldlabel>qmd_questiontype</fieldlabel><fieldentry>Multiple Choice</fieldentry></qti_metadatafield><qti_metadatafield><fieldlabel>qmd_weighting</fieldlabel><fieldentry>0.200000000</fieldentry></qti_metadatafield><qti_metadatafield><fieldlabel>qmd_globalid</fieldlabel><fieldentry>844c16be-77bc-4044-967a-0f1abad2f160</fieldentry></qti_metadatafield><qti_metadatafield><fieldlabel>qmd_displayid</fieldlabel><fieldentry>XLIST_SALAMAT_GAME3121_202201-8</fieldentry></qti_metadatafield></qtimetadata></itemmetadata><itemproc_extension><d2l_2p0:difficulty>1</d2l_2p0:difficulty><d2l_2p0:isbonus>no</d2l_2p0:isbonus><d2l_2p0:ismandatory>no</d2l_2p0:ismandatory></itemproc_extension><presentation><flow><material><mattext texttype="text/html">&lt;p&gt;Which one of the following companies does not handle the marketing, manufacture and distribution of a game?&lt;/p&gt;</mattext></material><response_extension><d2l_2p0:display_style>2</d2l_2p0:display_style><d2l_2p0:enumeration>6</d2l_2p0:enumeration><d2l_2p0:grading_type>0</d2l_2p0:grading_type></response_extension><response_lid ident="QUES_6441349_6450735_LID" rcardinality="Single"><render_choice shuffle="no"><flow_label class="Block"><response_label ident="QUES_6441349_6450735_A23696379"><flow_mat><material><mattext texttype="text/html">&lt;div class="vtbegenerated inlineVtbegenerated"&gt;&lt;p&gt;Sony&lt;/p&gt;&lt;/div&gt;
</mattext></material></flow_mat></response_label></flow_label><flow_label class="Block"><response_label ident="QUES_6441349_6450735_A23696380"><flow_mat><material><mattext texttype="text/html">&lt;div class="vtbegenerated inlineVtbegenerated"&gt;&lt;p&gt;Electronic Arts&lt;/p&gt;&lt;/div&gt;
</mattext></material></flow_mat></response_label></flow_label><flow_label class="Block"><response_label ident="QUES_6441349_6450735_A23696381"><flow_mat><material><mattext texttype="text/html">&lt;div class="vtbegenerated inlineVtbegenerated"&gt;&lt;p&gt;Naughty Dog&lt;/p&gt;&lt;/div&gt;
</mattext></material></flow_mat></response_label></flow_label><flow_label class="Block"><response_label ident="QUES_6441349_6450735_A23696382"><flow_mat><material><mattext texttype="text/html">&lt;div class="vtbegenerated inlineVtbegenerated"&gt;&lt;p&gt;THQ&lt;/p&gt;&lt;/div&gt;
</mattext></material></flow_mat></response_label></flow_label></render_choice></response_lid></flow></presentation><resprocessing><respcondition title="Response Condition 1"><conditionvar><varequal respident="QUES_6441349_6450735_LID">QUES_6441349_6450735_A23696379</varequal></conditionvar><setvar action="Set">0.000000000</setvar><displayfeedback feedbacktype="Response" linkrefid="QUES_6441349_6450735_IF23696379" /></respcondition><respcondition title="Response Condition 2"><conditionvar><varequal respident="QUES_6441349_6450735_LID">QUES_6441349_6450735_A23696380</varequal></conditionvar><setvar action="Set">0.000000000</setvar><displayfeedback feedbacktype="Response" linkrefid="QUES_6441349_6450735_IF23696380" /></respcondition><respcondition title="Response Condition 3"><conditionvar><varequal respident="QUES_6441349_6450735_LID">QUES_6441349_6450735_A23696381</varequal></conditionvar><setvar action="Set">100.000000000</setvar><displayfeedback feedbacktype="Response" linkrefid="QUES_6441349_6450735_IF23696381" /></respcondition><respcondition title="Response Condition 4"><conditionvar><varequal respident="QUES_6441349_6450735_LID">QUES_6441349_6450735_A23696382</varequal></conditionvar><setvar action="Set">0.000000000</setvar><displayfeedback feedbacktype="Response" linkrefid="QUES_6441349_6450735_IF23696382" /></respcondition></resprocessing><itemfeedback ident="QUES_6441349_6450735_IF23696379"><material><mattext texttype="text/plain" /></material></itemfeedback><itemfeedback ident="QUES_6441349_6450735_IF23696380"><material><mattext texttype="text/plain" /></material></itemfeedback><itemfeedback ident="QUES_6441349_6450735_IF23696381"><material><mattext texttype="text/plain" /></material></itemfeedback><itemfeedback ident="QUES_6441349_6450735_IF23696382"><material><mattext texttype="text/plain" /></material></itemfeedback></item><item ident="OBJ_7506390" label="QUES_6441350_6450736" d2l_2p0:page="1"><itemmetadata><qtimetadata><qti_metadatafield><fieldlabel>qmd_computerscored</fieldlabel><fieldentry>yes</fieldentry></qti_metadatafield><qti_metadatafield><fieldlabel>qmd_questiontype</fieldlabel><fieldentry>Multiple Choice</fieldentry></qti_metadatafield><qti_metadatafield><fieldlabel>qmd_weighting</fieldlabel><fieldentry>0.200000000</fieldentry></qti_metadatafield><qti_metadatafield><fieldlabel>qmd_globalid</fieldlabel><fieldentry>582dd57c-18ce-444c-8837-2b8da0f13815</fieldentry></qti_metadatafield><qti_metadatafield><fieldlabel>qmd_displayid</fieldlabel><fieldentry>XLIST_SALAMAT_GAME3121_202201-12</fieldentry></qti_metadatafield></qtimetadata></itemmetadata><itemproc_extension><d2l_2p0:difficulty>1</d2l_2p0:difficulty><d2l_2p0:isbonus>no</d2l_2p0:isbonus><d2l_2p0:ismandatory>no</d2l_2p0:ismandatory></itemproc_extension><presentation><flow><material><mattext texttype="text/html">&lt;p&gt;Which of the following genre needs very powerful servers, &amp;#160;manage users sign&amp;#160;in, and provide voice-over-IP (VoIP) services. User will typically pay a&amp;#160;subscription&amp;#160;fee in order to play. Hint: World of Warcraft&amp;#160;from Blizzard!&lt;/p&gt;</mattext></material><response_extension><d2l_2p0:display_style>2</d2l_2p0:display_style><d2l_2p0:enumeration>6</d2l_2p0:enumeration><d2l_2p0:grading_type>0</d2l_2p0:grading_type></response_extension><response_lid ident="QUES_6441350_6450736_LID" rcardinality="Single"><render_choice shuffle="no"><flow_label class="Block"><response_label ident="QUES_6441350_6450736_A23696383"><flow_mat><material><mattext texttype="text/html">&lt;div class="vtbegenerated inlineVtbegenerated"&gt;&lt;p&gt;FPS games&lt;/p&gt;&lt;/div&gt;
</mattext></material></flow_mat></response_label></flow_label><flow_label class="Block"><response_label ident="QUES_6441350_6450736_A23696384"><flow_mat><material><mattext texttype="text/html">&lt;div class="vtbegenerated inlineVtbegenerated"&gt;&lt;p&gt;RTS games&lt;/p&gt;&lt;/div&gt;
</mattext></material></flow_mat></response_label></flow_label><flow_label class="Block"><response_label ident="QUES_6441350_6450736_A23696385"><flow_mat><material><mattext texttype="text/html">&lt;div class="vtbegenerated inlineVtbegenerated"&gt;&lt;p&gt;MMOG&lt;/p&gt;&lt;/div&gt;
</mattext></material></flow_mat></response_label></flow_label><flow_label class="Block"><response_label ident="QUES_6441350_6450736_A23696386"><flow_mat><material><mattext texttype="text/html">&lt;div class="vtbegenerated inlineVtbegenerated"&gt;&lt;p&gt;Platfomers&lt;/p&gt;&lt;/div&gt;
</mattext></material></flow_mat></response_label></flow_label></render_choice></response_lid></flow></presentation><resprocessing><respcondition title="Response Condition 1"><conditionvar><varequal respident="QUES_6441350_6450736_LID">QUES_6441350_6450736_A23696383</varequal></conditionvar><setvar action="Set">0.000000000</setvar><displayfeedback feedbacktype="Response" linkrefid="QUES_6441350_6450736_IF23696383" /></respcondition><respcondition title="Response Condition 2"><conditionvar><varequal respident="QUES_6441350_6450736_LID">QUES_6441350_6450736_A23696384</varequal></conditionvar><setvar action="Set">0.000000000</setvar><displayfeedback feedbacktype="Response" linkrefid="QUES_6441350_6450736_IF23696384" /></respcondition><respcondition title="Response Condition 3"><conditionvar><varequal respident="QUES_6441350_6450736_LID">QUES_6441350_6450736_A23696385</varequal></conditionvar><setvar action="Set">100.000000000</setvar><displayfeedback feedbacktype="Response" linkrefid="QUES_6441350_6450736_IF23696385" /></respcondition><respcondition title="Response Condition 4"><conditionvar><varequal respident="QUES_6441350_6450736_LID">QUES_6441350_6450736_A23696386</varequal></conditionvar><setvar action="Set">0.000000000</setvar><displayfeedback feedbacktype="Response" linkrefid="QUES_6441350_6450736_IF23696386" /></respcondition></resprocessing><itemfeedback ident="QUES_6441350_6450736_IF23696383"><material><mattext texttype="text/plain" /></material></itemfeedback><itemfeedback ident="QUES_6441350_6450736_IF23696384"><material><mattext texttype="text/plain" /></material></itemfeedback><itemfeedback ident="QUES_6441350_6450736_IF23696385"><material><mattext texttype="text/plain" /></material></itemfeedback><itemfeedback ident="QUES_6441350_6450736_IF23696386"><material><mattext texttype="text/plain" /></material></itemfeedback></item><item ident="OBJ_7506391" label="QUES_6441351_6450737" d2l_2p0:page="1"><itemmetadata><qtimetadata><qti_metadatafield><fieldlabel>qmd_computerscored</fieldlabel><fieldentry>yes</fieldentry></qti_metadatafield><qti_metadatafield><fieldlabel>qmd_questiontype</fieldlabel><fieldentry>Multiple Choice</fieldentry></qti_metadatafield><qti_metadatafield><fieldlabel>qmd_weighting</fieldlabel><fieldentry>0.200000000</fieldentry></qti_metadatafield><qti_metadatafield><fieldlabel>qmd_globalid</fieldlabel><fieldentry>c265ce0a-6d9f-4fe3-b973-7f510a834556</fieldentry></qti_metadatafield><qti_metadatafield><fieldlabel>qmd_displayid</fieldlabel><fieldentry>XLIST_SALAMAT_GAME3121_202201-13</fieldentry></qti_metadatafield></qtimetadata></itemmetadata><itemproc_extension><d2l_2p0:difficulty>1</d2l_2p0:difficulty><d2l_2p0:isbonus>no</d2l_2p0:isbonus><d2l_2p0:ismandatory>no</d2l_2p0:ismandatory></itemproc_extension><presentation><flow><material><mattext texttype="text/html">&lt;p&gt;Which of the following does not&amp;#160;belong to a &amp;quot;typical&amp;quot; game development team&amp;#39;?&lt;/p&gt;</mattext></material><response_extension><d2l_2p0:display_style>2</d2l_2p0:display_style><d2l_2p0:enumeration>6</d2l_2p0:enumeration><d2l_2p0:grading_type>0</d2l_2p0:grading_type></response_extension><response_lid ident="QUES_6441351_6450737_LID" rcardinality="Single"><render_choice shuffle="no"><flow_label class="Block"><response_label ident="QUES_6441351_6450737_A23696387"><flow_mat><material><mattext texttype="text/html">&lt;div class="vtbegenerated inlineVtbegenerated"&gt;&lt;p&gt;network administrators&lt;/p&gt;&lt;/div&gt;
</mattext></material></flow_mat></response_label></flow_label><flow_label class="Block"><response_label ident="QUES_6441351_6450737_A23696388"><flow_mat><material><mattext texttype="text/html">&lt;div class="vtbegenerated inlineVtbegenerated"&gt;&lt;p&gt;producers&lt;/p&gt;&lt;/div&gt;
</mattext></material></flow_mat></response_label></flow_label><flow_label class="Block"><response_label ident="QUES_6441351_6450737_A23696389"><flow_mat><material><mattext texttype="text/html">&lt;div class="vtbegenerated inlineVtbegenerated"&gt;&lt;p&gt;artists&lt;/p&gt;&lt;/div&gt;
</mattext></material></flow_mat></response_label></flow_label><flow_label class="Block"><response_label ident="QUES_6441351_6450737_A23696390"><flow_mat><material><mattext texttype="text/html">&lt;div class="vtbegenerated inlineVtbegenerated"&gt;&lt;p&gt;engineers&lt;/p&gt;&lt;/div&gt;
</mattext></material></flow_mat></response_label></flow_label></render_choice></response_lid></flow></presentation><resprocessing><respcondition title="Response Condition 1"><conditionvar><varequal respident="QUES_6441351_6450737_LID">QUES_6441351_6450737_A23696387</varequal></conditionvar><setvar action="Set">100.000000000</setvar><displayfeedback feedbacktype="Response" linkrefid="QUES_6441351_6450737_IF23696387" /></respcondition><respcondition title="Response Condition 2"><conditionvar><varequal respident="QUES_6441351_6450737_LID">QUES_6441351_6450737_A23696388</varequal></conditionvar><setvar action="Set">0.000000000</setvar><displayfeedback feedbacktype="Response" linkrefid="QUES_6441351_6450737_IF23696388" /></respcondition><respcondition title="Response Condition 3"><conditionvar><varequal respident="QUES_6441351_6450737_LID">QUES_6441351_6450737_A23696389</varequal></conditionvar><setvar action="Set">0.000000000</setvar><displayfeedback feedbacktype="Response" linkrefid="QUES_6441351_6450737_IF23696389" /></respcondition><respcondition title="Response Condition 4"><conditionvar><varequal respident="QUES_6441351_6450737_LID">QUES_6441351_6450737_A23696390</varequal></conditionvar><setvar action="Set">0.000000000</setvar><displayfeedback feedbacktype="Response" linkrefid="QUES_6441351_6450737_IF23696390" /></respcondition></resprocessing><itemfeedback ident="QUES_6441351_6450737_IF23696387"><material><mattext texttype="text/plain" /></material></itemfeedback><itemfeedback ident="QUES_6441351_6450737_IF23696388"><material><mattext texttype="text/plain" /></material></itemfeedback><itemfeedback ident="QUES_6441351_6450737_IF23696389"><material><mattext texttype="text/plain" /></material></itemfeedback><itemfeedback ident="QUES_6441351_6450737_IF23696390"><material><mattext texttype="text/plain" /></material></itemfeedback></item><item ident="OBJ_7506392" label="QUES_6441352_6450738" d2l_2p0:page="1"><itemmetadata><qtimetadata><qti_metadatafield><fieldlabel>qmd_computerscored</fieldlabel><fieldentry>yes</fieldentry></qti_metadatafield><qti_metadatafield><fieldlabel>qmd_questiontype</fieldlabel><fieldentry>Multiple Choice</fieldentry></qti_metadatafield><qti_metadatafield><fieldlabel>qmd_weighting</fieldlabel><fieldentry>0.100000000</fieldentry></qti_metadatafield><qti_metadatafield><fieldlabel>qmd_globalid</fieldlabel><fieldentry>318d6db3-f8b6-4764-b47d-fed7fc49459e</fieldentry></qti_metadatafield><qti_metadatafield><fieldlabel>qmd_displayid</fieldlabel><fieldentry>XLIST_SALAMAT_GAME3121_202201-14</fieldentry></qti_metadatafield></qtimetadata></itemmetadata><itemproc_extension><d2l_2p0:difficulty>1</d2l_2p0:difficulty><d2l_2p0:isbonus>no</d2l_2p0:isbonus><d2l_2p0:ismandatory>no</d2l_2p0:ismandatory></itemproc_extension><presentation><flow><material><mattext texttype="text/html">&lt;p&gt;In what order do you put the words when you are declaring a new variable in Unity?&lt;/p&gt;</mattext></material><response_extension><d2l_2p0:display_style>2</d2l_2p0:display_style><d2l_2p0:enumeration>6</d2l_2p0:enumeration><d2l_2p0:grading_type>0</d2l_2p0:grading_type></response_extension><response_lid ident="QUES_6441352_6450738_LID" rcardinality="Single"><render_choice shuffle="no"><flow_label class="Block"><response_label ident="QUES_6441352_6450738_A23696391"><flow_mat><material><mattext texttype="text/html">&lt;div class="vtbegenerated inlineVtbegenerated"&gt;&lt;p&gt;[data type] [access modifier] [variable value] [variable name]&lt;/p&gt;&lt;/div&gt;
</mattext></material></flow_mat></response_label></flow_label><flow_label class="Block"><response_label ident="QUES_6441352_6450738_A23696392"><flow_mat><material><mattext texttype="text/html">&lt;div class="vtbegenerated inlineVtbegenerated"&gt;&lt;p&gt;[access modifier] [data type] [variable name] [variable value]&lt;/p&gt;&lt;/div&gt;
</mattext></material></flow_mat></response_label></flow_label><flow_label class="Block"><response_label ident="QUES_6441352_6450738_A23696393"><flow_mat><material><mattext texttype="text/html">&lt;div class="vtbegenerated inlineVtbegenerated"&gt;&lt;p&gt;[data type] [access modifier] [variable name] [variable value]&lt;/p&gt;&lt;/div&gt;
</mattext></material></flow_mat></response_label></flow_label><flow_label class="Block"><response_label ident="QUES_6441352_6450738_A23696394"><flow_mat><material><mattext texttype="text/html">&lt;div class="vtbegenerated inlineVtbegenerated"&gt;&lt;p&gt;[variable name] [data type] [access modifier] [variable value]&lt;/p&gt;&lt;/div&gt;
</mattext></material></flow_mat></response_label></flow_label></render_choice></response_lid></flow></presentation><resprocessing><respcondition title="Response Condition 1"><conditionvar><varequal respident="QUES_6441352_6450738_LID">QUES_6441352_6450738_A23696391</varequal></conditionvar><setvar action="Set">0.000000000</setvar><displayfeedback feedbacktype="Response" linkrefid="QUES_6441352_6450738_IF23696391" /></respcondition><respcondition title="Response Condition 2"><conditionvar><varequal respident="QUES_6441352_6450738_LID">QUES_6441352_6450738_A23696392</varequal></conditionvar><setvar action="Set">100.000000000</setvar><displayfeedback feedbacktype="Response" linkrefid="QUES_6441352_6450738_IF23696392" /></respcondition><respcondition title="Response Condition 3"><conditionvar><varequal respident="QUES_6441352_6450738_LID">QUES_6441352_6450738_A23696393</varequal></conditionvar><setvar action="Set">0.000000000</setvar><displayfeedback feedbacktype="Response" linkrefid="QUES_6441352_6450738_IF23696393" /></respcondition><respcondition title="Response Condition 4"><conditionvar><varequal respident="QUES_6441352_6450738_LID">QUES_6441352_6450738_A23696394</varequal></conditionvar><setvar action="Set">0.000000000</setvar><displayfeedback feedbacktype="Response" linkrefid="QUES_6441352_6450738_IF23696394" /></respcondition></resprocessing><itemfeedback ident="QUES_6441352_6450738_IF23696391"><material><mattext texttype="text/plain" /></material></itemfeedback><itemfeedback ident="QUES_6441352_6450738_IF23696392"><material><mattext texttype="text/plain" /></material></itemfeedback><itemfeedback ident="QUES_6441352_6450738_IF23696393"><material><mattext texttype="text/plain" /></material></itemfeedback><itemfeedback ident="QUES_6441352_6450738_IF23696394"><material><mattext texttype="text/plain" /></material></itemfeedback></item><item ident="OBJ_7506393" label="QUES_6441353_6450739" d2l_2p0:page="1"><itemmetadata><qtimetadata><qti_metadatafield><fieldlabel>qmd_computerscored</fieldlabel><fieldentry>yes</fieldentry></qti_metadatafield><qti_metadatafield><fieldlabel>qmd_questiontype</fieldlabel><fieldentry>Multiple Choice</fieldentry></qti_metadatafield><qti_metadatafield><fieldlabel>qmd_weighting</fieldlabel><fieldentry>0.200000000</fieldentry></qti_metadatafield><qti_metadatafield><fieldlabel>qmd_globalid</fieldlabel><fieldentry>3e497ce3-f618-466c-8704-9b892ae37068</fieldentry></qti_metadatafield><qti_metadatafield><fieldlabel>qmd_displayid</fieldlabel><fieldentry>XLIST_SALAMAT_GAME3121_202201-16</fieldentry></qti_metadatafield></qtimetadata></itemmetadata><itemproc_extension><d2l_2p0:difficulty>1</d2l_2p0:difficulty><d2l_2p0:isbonus>no</d2l_2p0:isbonus><d2l_2p0:ismandatory>no</d2l_2p0:ismandatory></itemproc_extension><presentation><flow><material><mattext texttype="text/html">&lt;p&gt;What&amp;#160;game design allows a&amp;#160;player-authored content?&lt;/p&gt;</mattext></material><response_extension><d2l_2p0:display_style>2</d2l_2p0:display_style><d2l_2p0:enumeration>6</d2l_2p0:enumeration><d2l_2p0:grading_type>0</d2l_2p0:grading_type></response_extension><response_lid ident="QUES_6441353_6450739_LID" rcardinality="Single"><render_choice shuffle="no"><flow_label class="Block"><response_label ident="QUES_6441353_6450739_A23696395"><flow_mat><material><mattext texttype="text/html">&lt;div class="vtbegenerated inlineVtbegenerated"&gt;&lt;p&gt;Players can create a randomized world.&lt;/p&gt;&lt;/div&gt;
</mattext></material></flow_mat></response_label></flow_label><flow_label class="Block"><response_label ident="QUES_6441353_6450739_A23696396"><flow_mat><material><mattext texttype="text/html">&lt;div class="vtbegenerated inlineVtbegenerated"&gt;&lt;p&gt;Players can&amp;#160;publish&amp;#160; their own game worlds&lt;/p&gt;&lt;/div&gt;
</mattext></material></flow_mat></response_label></flow_label><flow_label class="Block"><response_label ident="QUES_6441353_6450739_A23696397"><flow_mat><material><mattext texttype="text/html">&lt;div class="vtbegenerated inlineVtbegenerated"&gt;&lt;p&gt;Players can&amp;#160;share their own game worlds&amp;#160;.&lt;/p&gt;&lt;/div&gt;
</mattext></material></flow_mat></response_label></flow_label><flow_label class="Block"><response_label ident="QUES_6441353_6450739_A23696398"><flow_mat><material><mattext texttype="text/html">&lt;div class="vtbegenerated inlineVtbegenerated"&gt;&lt;p&gt;All of the above.&lt;/p&gt;&lt;/div&gt;
</mattext></material></flow_mat></response_label></flow_label></render_choice></response_lid></flow></presentation><resprocessing><respcondition title="Response Condition 1"><conditionvar><varequal respident="QUES_6441353_6450739_LID">QUES_6441353_6450739_A23696395</varequal></conditionvar><setvar action="Set">0.000000000</setvar><displayfeedback feedbacktype="Response" linkrefid="QUES_6441353_6450739_IF23696395" /></respcondition><respcondition title="Response Condition 2"><conditionvar><varequal respident="QUES_6441353_6450739_LID">QUES_6441353_6450739_A23696396</varequal></conditionvar><setvar action="Set">0.000000000</setvar><displayfeedback feedbacktype="Response" linkrefid="QUES_6441353_6450739_IF23696396" /></respcondition><respcondition title="Response Condition 3"><conditionvar><varequal respident="QUES_6441353_6450739_LID">QUES_6441353_6450739_A23696397</varequal></conditionvar><setvar action="Set">0.000000000</setvar><displayfeedback feedbacktype="Response" linkrefid="QUES_6441353_6450739_IF23696397" /></respcondition><respcondition title="Response Condition 4"><conditionvar><varequal respident="QUES_6441353_6450739_LID">QUES_6441353_6450739_A23696398</varequal></conditionvar><setvar action="Set">100.000000000</setvar><displayfeedback feedbacktype="Response" linkrefid="QUES_6441353_6450739_IF23696398" /></respcondition></resprocessing><itemfeedback ident="QUES_6441353_6450739_IF23696395"><material><mattext texttype="text/plain" /></material></itemfeedback><itemfeedback ident="QUES_6441353_6450739_IF23696396"><material><mattext texttype="text/plain" /></material></itemfeedback><itemfeedback ident="QUES_6441353_6450739_IF23696397"><material><mattext texttype="text/plain" /></material></itemfeedback><itemfeedback ident="QUES_6441353_6450739_IF23696398"><material><mattext texttype="text/plain" /></material></itemfeedback></item><item ident="OBJ_7506394" label="QUES_6441354_6450740" d2l_2p0:page="1"><itemmetadata><qtimetadata><qti_metadatafield><fieldlabel>qmd_computerscored</fieldlabel><fieldentry>yes</fieldentry></qti_metadatafield><qti_metadatafield><fieldlabel>qmd_questiontype</fieldlabel><fieldentry>Multiple Choice</fieldentry></qti_metadatafield><qti_metadatafield><fieldlabel>qmd_weighting</fieldlabel><fieldentry>0.200000000</fieldentry></qti_metadatafield><qti_metadatafield><fieldlabel>qmd_globalid</fieldlabel><fieldentry>3e2d9e73-3099-4fdb-851d-de1e7d3ad33a</fieldentry></qti_metadatafield><qti_metadatafield><fieldlabel>qmd_displayid</fieldlabel><fieldentry>XLIST_SALAMAT_GAME3121_202201-17</fieldentry></qti_metadatafield></qtimetadata></itemmetadata><itemproc_extension><d2l_2p0:difficulty>1</d2l_2p0:difficulty><d2l_2p0:isbonus>no</d2l_2p0:isbonus><d2l_2p0:ismandatory>no</d2l_2p0:ismandatory></itemproc_extension><presentation><flow><material><mattext texttype="text/html">&lt;p&gt;What are the two basic groups of engineers in a game development team?&lt;/p&gt;</mattext></material><response_extension><d2l_2p0:display_style>2</d2l_2p0:display_style><d2l_2p0:enumeration>6</d2l_2p0:enumeration><d2l_2p0:grading_type>0</d2l_2p0:grading_type></response_extension><response_lid ident="QUES_6441354_6450740_LID" rcardinality="Single"><render_choice shuffle="no"><flow_label class="Block"><response_label ident="QUES_6441354_6450740_A23696399"><flow_mat><material><mattext texttype="text/html">&lt;div class="vtbegenerated inlineVtbegenerated"&gt;&lt;p&gt;Runtime and Tool programmers&lt;/p&gt;&lt;/div&gt;
</mattext></material></flow_mat></response_label></flow_label><flow_label class="Block"><response_label ident="QUES_6441354_6450740_A23696400"><flow_mat><material><mattext texttype="text/html">&lt;div class="vtbegenerated inlineVtbegenerated"&gt;&lt;p&gt;Architecture and Design programmers&lt;/p&gt;&lt;/div&gt;
</mattext></material></flow_mat></response_label></flow_label><flow_label class="Block"><response_label ident="QUES_6441354_6450740_A23696401"><flow_mat><material><mattext texttype="text/html">&lt;div class="vtbegenerated inlineVtbegenerated"&gt;&lt;p&gt;Software and Hardware engineers&lt;/p&gt;&lt;/div&gt;
</mattext></material></flow_mat></response_label></flow_label><flow_label class="Block"><response_label ident="QUES_6441354_6450740_A23696402"><flow_mat><material><mattext texttype="text/html">&lt;div class="vtbegenerated inlineVtbegenerated"&gt;&lt;p&gt;Artists and 3D modelers&lt;/p&gt;&lt;/div&gt;
</mattext></material></flow_mat></response_label></flow_label></render_choice></response_lid></flow></presentation><resprocessing><respcondition title="Response Condition 1"><conditionvar><varequal respident="QUES_6441354_6450740_LID">QUES_6441354_6450740_A23696399</varequal></conditionvar><setvar action="Set">100.000000000</setvar><displayfeedback feedbacktype="Response" linkrefid="QUES_6441354_6450740_IF23696399" /></respcondition><respcondition title="Response Condition 2"><conditionvar><varequal respident="QUES_6441354_6450740_LID">QUES_6441354_6450740_A23696400</varequal></conditionvar><setvar action="Set">0.000000000</setvar><displayfeedback feedbacktype="Response" linkrefid="QUES_6441354_6450740_IF23696400" /></respcondition><respcondition title="Response Condition 3"><conditionvar><varequal respident="QUES_6441354_6450740_LID">QUES_6441354_6450740_A23696401</varequal></conditionvar><setvar action="Set">0.000000000</setvar><displayfeedback feedbacktype="Response" linkrefid="QUES_6441354_6450740_IF23696401" /></respcondition><respcondition title="Response Condition 4"><conditionvar><varequal respident="QUES_6441354_6450740_LID">QUES_6441354_6450740_A23696402</varequal></conditionvar><setvar action="Set">0.000000000</setvar><displayfeedback feedbacktype="Response" linkrefid="QUES_6441354_6450740_IF23696402" /></respcondition></resprocessing><itemfeedback ident="QUES_6441354_6450740_IF23696399"><material><mattext texttype="text/plain" /></material></itemfeedback><itemfeedback ident="QUES_6441354_6450740_IF23696400"><material><mattext texttype="text/plain" /></material></itemfeedback><itemfeedback ident="QUES_6441354_6450740_IF23696401"><material><mattext texttype="text/plain" /></material></itemfeedback><itemfeedback ident="QUES_6441354_6450740_IF23696402"><material><mattext texttype="text/plain" /></material></itemfeedback></item><item ident="OBJ_7506395" label="QUES_6441355_6450741" d2l_2p0:page="1"><itemmetadata><qtimetadata><qti_metadatafield><fieldlabel>qmd_computerscored</fieldlabel><fieldentry>yes</fieldentry></qti_metadatafield><qti_metadatafield><fieldlabel>qmd_questiontype</fieldlabel><fieldentry>Multiple Choice</fieldentry></qti_metadatafield><qti_metadatafield><fieldlabel>qmd_weighting</fieldlabel><fieldentry>0.200000000</fieldentry></qti_metadatafield><qti_metadatafield><fieldlabel>qmd_globalid</fieldlabel><fieldentry>4374a57e-d63a-479b-b487-fe8cbd93bb13</fieldentry></qti_metadatafield><qti_metadatafield><fieldlabel>qmd_displayid</fieldlabel><fieldentry>XLIST_SALAMAT_GAME3121_202201-18</fieldentry></qti_metadatafield></qtimetadata></itemmetadata><itemproc_extension><d2l_2p0:difficulty>1</d2l_2p0:difficulty><d2l_2p0:isbonus>no</d2l_2p0:isbonus><d2l_2p0:ismandatory>no</d2l_2p0:ismandatory></itemproc_extension><presentation><flow><material><mattext texttype="text/html">&lt;p&gt;In what type of games, the game world is typically displayed at an oblique top-down viewing angle and&amp;#160;the player deploys the battle units in his or her arsenal across a large playing field in an attempt to overwhelm his or her opponent?&lt;/p&gt;</mattext></material><response_extension><d2l_2p0:display_style>2</d2l_2p0:display_style><d2l_2p0:enumeration>6</d2l_2p0:enumeration><d2l_2p0:grading_type>0</d2l_2p0:grading_type></response_extension><response_lid ident="QUES_6441355_6450741_LID" rcardinality="Single"><render_choice shuffle="no"><flow_label class="Block"><response_label ident="QUES_6441355_6450741_A23696403"><flow_mat><material><mattext texttype="text/html">&lt;div class="vtbegenerated inlineVtbegenerated"&gt;&lt;p&gt;First-Person Shooters (FPS) Games&lt;/p&gt;&lt;/div&gt;
</mattext></material></flow_mat></response_label></flow_label><flow_label class="Block"><response_label ident="QUES_6441355_6450741_A23696404"><flow_mat><material><mattext texttype="text/html">&lt;div class="vtbegenerated inlineVtbegenerated"&gt;&lt;p&gt;Strategy or RTS&amp;#160;Games&lt;/p&gt;&lt;/div&gt;
</mattext></material></flow_mat></response_label></flow_label><flow_label class="Block"><response_label ident="QUES_6441355_6450741_A23696405"><flow_mat><material><mattext texttype="text/html">&lt;div class="vtbegenerated inlineVtbegenerated"&gt;&lt;p&gt;Fighting Games&lt;/p&gt;&lt;/div&gt;
</mattext></material></flow_mat></response_label></flow_label><flow_label class="Block"><response_label ident="QUES_6441355_6450741_A23696406"><flow_mat><material><mattext texttype="text/html">&lt;div class="vtbegenerated inlineVtbegenerated"&gt;&lt;p&gt;Racing Games&lt;/p&gt;&lt;/div&gt;
</mattext></material></flow_mat></response_label></flow_label></render_choice></response_lid></flow></presentation><resprocessing><respcondition title="Response Condition 1"><conditionvar><varequal respident="QUES_6441355_6450741_LID">QUES_6441355_6450741_A23696403</varequal></conditionvar><setvar action="Set">0.000000000</setvar><displayfeedback feedbacktype="Response" linkrefid="QUES_6441355_6450741_IF23696403" /></respcondition><respcondition title="Response Condition 2"><conditionvar><varequal respident="QUES_6441355_6450741_LID">QUES_6441355_6450741_A23696404</varequal></conditionvar><setvar action="Set">100.000000000</setvar><displayfeedback feedbacktype="Response" linkrefid="QUES_6441355_6450741_IF23696404" /></respcondition><respcondition title="Response Condition 3"><conditionvar><varequal respident="QUES_6441355_6450741_LID">QUES_6441355_6450741_A23696405</varequal></conditionvar><setvar action="Set">0.000000000</setvar><displayfeedback feedbacktype="Response" linkrefid="QUES_6441355_6450741_IF23696405" /></respcondition><respcondition title="Response Condition 4"><conditionvar><varequal respident="QUES_6441355_6450741_LID">QUES_6441355_6450741_A23696406</varequal></conditionvar><setvar action="Set">0.000000000</setvar><displayfeedback feedbacktype="Response" linkrefid="QUES_6441355_6450741_IF23696406" /></respcondition></resprocessing><itemfeedback ident="QUES_6441355_6450741_IF23696403"><material><mattext texttype="text/plain" /></material></itemfeedback><itemfeedback ident="QUES_6441355_6450741_IF23696404"><material><mattext texttype="text/plain" /></material></itemfeedback><itemfeedback ident="QUES_6441355_6450741_IF23696405"><material><mattext texttype="text/plain" /></material></itemfeedback><itemfeedback ident="QUES_6441355_6450741_IF23696406"><material><mattext texttype="text/plain" /></material></itemfeedback></item><item ident="OBJ_7506396" label="QUES_6441356_6450742" d2l_2p0:page="1"><itemmetadata><qtimetadata><qti_metadatafield><fieldlabel>qmd_computerscored</fieldlabel><fieldentry>yes</fieldentry></qti_metadatafield><qti_metadatafield><fieldlabel>qmd_questiontype</fieldlabel><fieldentry>Multiple Choice</fieldentry></qti_metadatafield><qti_metadatafield><fieldlabel>qmd_weighting</fieldlabel><fieldentry>0.100000000</fieldentry></qti_metadatafield><qti_metadatafield><fieldlabel>qmd_globalid</fieldlabel><fieldentry>f08ff834-04e2-44ae-84ad-a5689c7997fa</fieldentry></qti_metadatafield><qti_metadatafield><fieldlabel>qmd_displayid</fieldlabel><fieldentry>XLIST_SALAMAT_GAME3121_202201-26</fieldentry></qti_metadatafield></qtimetadata></itemmetadata><itemproc_extension><d2l_2p0:difficulty>1</d2l_2p0:difficulty><d2l_2p0:isbonus>no</d2l_2p0:isbonus><d2l_2p0:ismandatory>no</d2l_2p0:ismandatory></itemproc_extension><presentation><flow><material><mattext texttype="text/html">&lt;p&gt;Which Unity window contains a list of all the game objects currently in your scene?&lt;/p&gt;</mattext></material><response_extension><d2l_2p0:display_style>2</d2l_2p0:display_style><d2l_2p0:enumeration>6</d2l_2p0:enumeration><d2l_2p0:grading_type>0</d2l_2p0:grading_type></response_extension><response_lid ident="QUES_6441356_6450742_LID" rcardinality="Single"><render_choice shuffle="no"><flow_label class="Block"><response_label ident="QUES_6441356_6450742_A23696407"><flow_mat><material><mattext texttype="text/html">&lt;div class="vtbegenerated inlineVtbegenerated"&gt;&lt;p&gt;Scene view&lt;/p&gt;&lt;/div&gt;
</mattext></material></flow_mat></response_label></flow_label><flow_label class="Block"><response_label ident="QUES_6441356_6450742_A23696408"><flow_mat><material><mattext texttype="text/html">&lt;div class="vtbegenerated inlineVtbegenerated"&gt;&lt;p&gt;Project window&lt;/p&gt;&lt;/div&gt;
</mattext></material></flow_mat></response_label></flow_label><flow_label class="Block"><response_label ident="QUES_6441356_6450742_A23696409"><flow_mat><material><mattext texttype="text/html">&lt;div class="vtbegenerated inlineVtbegenerated"&gt;&lt;p&gt;Hierarchy&lt;/p&gt;&lt;/div&gt;
</mattext></material></flow_mat></response_label></flow_label><flow_label class="Block"><response_label ident="QUES_6441356_6450742_A23696410"><flow_mat><material><mattext texttype="text/html">&lt;div class="vtbegenerated inlineVtbegenerated"&gt;&lt;p&gt;&lt;br/&gt;Inspector&lt;/p&gt;&lt;/div&gt;
</mattext></material></flow_mat></response_label></flow_label></render_choice></response_lid></flow></presentation><resprocessing><respcondition title="Response Condition 1"><conditionvar><varequal respident="QUES_6441356_6450742_LID">QUES_6441356_6450742_A23696407</varequal></conditionvar><setvar action="Set">0.000000000</setvar><displayfeedback feedbacktype="Response" linkrefid="QUES_6441356_6450742_IF23696407" /></respcondition><respcondition title="Response Condition 2"><conditionvar><varequal respident="QUES_6441356_6450742_LID">QUES_6441356_6450742_A23696408</varequal></conditionvar><setvar action="Set">0.000000000</setvar><displayfeedback feedbacktype="Response" linkrefid="QUES_6441356_6450742_IF23696408" /></respcondition><respcondition title="Response Condition 3"><conditionvar><varequal respident="QUES_6441356_6450742_LID">QUES_6441356_6450742_A23696409</varequal></conditionvar><setvar action="Set">100.000000000</setvar><displayfeedback feedbacktype="Response" linkrefid="QUES_6441356_6450742_IF23696409" /></respcondition><respcondition title="Response Condition 4"><conditionvar><varequal respident="QUES_6441356_6450742_LID">QUES_6441356_6450742_A23696410</varequal></conditionvar><setvar action="Set">0.000000000</setvar><displayfeedback feedbacktype="Response" linkrefid="QUES_6441356_6450742_IF23696410" /></respcondition></resprocessing><itemfeedback ident="QUES_6441356_6450742_IF23696407"><material><mattext texttype="text/plain" /></material></itemfeedback><itemfeedback ident="QUES_6441356_6450742_IF23696408"><material><mattext texttype="text/plain" /></material></itemfeedback><itemfeedback ident="QUES_6441356_6450742_IF23696409"><material><mattext texttype="text/plain" /></material></itemfeedback><itemfeedback ident="QUES_6441356_6450742_IF23696410"><material><mattext texttype="text/plain" /></material></itemfeedback></item><item ident="OBJ_7506397" label="QUES_6441357_6450743" d2l_2p0:page="1"><itemmetadata><qtimetadata><qti_metadatafield><fieldlabel>qmd_computerscored</fieldlabel><fieldentry>yes</fieldentry></qti_metadatafield><qti_metadatafield><fieldlabel>qmd_questiontype</fieldlabel><fieldentry>Multiple Choice</fieldentry></qti_metadatafield><qti_metadatafield><fieldlabel>qmd_weighting</fieldlabel><fieldentry>0.100000000</fieldentry></qti_metadatafield><qti_metadatafield><fieldlabel>qmd_globalid</fieldlabel><fieldentry>a54a04dd-e2e8-4123-a424-2d9a1a4a7a3e</fieldentry></qti_metadatafield><qti_metadatafield><fieldlabel>qmd_displayid</fieldlabel><fieldentry>XLIST_SALAMAT_GAME3121_202201-28</fieldentry></qti_metadatafield></qtimetadata></itemmetadata><itemproc_extension><d2l_2p0:difficulty>1</d2l_2p0:difficulty><d2l_2p0:isbonus>no</d2l_2p0:isbonus><d2l_2p0:ismandatory>no</d2l_2p0:ismandatory></itemproc_extension><presentation><flow><material><mattext texttype="text/html">&lt;p&gt;Which of the following components doesn&amp;#39;t contain in a game engine?&lt;/p&gt;</mattext></material><response_extension><d2l_2p0:display_style>2</d2l_2p0:display_style><d2l_2p0:enumeration>6</d2l_2p0:enumeration><d2l_2p0:grading_type>0</d2l_2p0:grading_type></response_extension><response_lid ident="QUES_6441357_6450743_LID" rcardinality="Single"><render_choice shuffle="no"><flow_label class="Block"><response_label ident="QUES_6441357_6450743_A23696411"><flow_mat><material><mattext texttype="text/html">&lt;div class="vtbegenerated inlineVtbegenerated"&gt;&lt;p&gt;the collision and physics engine&lt;/p&gt;&lt;/div&gt;
</mattext></material></flow_mat></response_label></flow_label><flow_label class="Block"><response_label ident="QUES_6441357_6450743_A23696412"><flow_mat><material><mattext texttype="text/html">&lt;div class="vtbegenerated inlineVtbegenerated"&gt;&lt;p&gt;the animation system&lt;/p&gt;&lt;/div&gt;
</mattext></material></flow_mat></response_label></flow_label><flow_label class="Block"><response_label ident="QUES_6441357_6450743_A23696413"><flow_mat><material><mattext texttype="text/html">&lt;div class="vtbegenerated inlineVtbegenerated"&gt;&lt;p&gt;Gamepad&lt;/p&gt;&lt;/div&gt;
</mattext></material></flow_mat></response_label></flow_label><flow_label class="Block"><response_label ident="QUES_6441357_6450743_A23696414"><flow_mat><material><mattext texttype="text/html">&lt;div class="vtbegenerated inlineVtbegenerated"&gt;&lt;p&gt;the audio system&lt;/p&gt;&lt;/div&gt;
</mattext></material></flow_mat></response_label></flow_label></render_choice></response_lid></flow></presentation><resprocessing><respcondition title="Response Condition 1"><conditionvar><varequal respident="QUES_6441357_6450743_LID">QUES_6441357_6450743_A23696411</varequal></conditionvar><setvar action="Set">0.000000000</setvar><displayfeedback feedbacktype="Response" linkrefid="QUES_6441357_6450743_IF23696411" /></respcondition><respcondition title="Response Condition 2"><conditionvar><varequal respident="QUES_6441357_6450743_LID">QUES_6441357_6450743_A23696412</varequal></conditionvar><setvar action="Set">0.000000000</setvar><displayfeedback feedbacktype="Response" linkrefid="QUES_6441357_6450743_IF23696412" /></respcondition><respcondition title="Response Condition 3"><conditionvar><varequal respident="QUES_6441357_6450743_LID">QUES_6441357_6450743_A23696413</varequal></conditionvar><setvar action="Set">100.000000000</setvar><displayfeedback feedbacktype="Response" linkrefid="QUES_6441357_6450743_IF23696413" /></respcondition><respcondition title="Response Condition 4"><conditionvar><varequal respident="QUES_6441357_6450743_LID">QUES_6441357_6450743_A23696414</varequal></conditionvar><setvar action="Set">0.000000000</setvar><displayfeedback feedbacktype="Response" linkrefid="QUES_6441357_6450743_IF23696414" /></respcondition></resprocessing><itemfeedback ident="QUES_6441357_6450743_IF23696411"><material><mattext texttype="text/plain" /></material></itemfeedback><itemfeedback ident="QUES_6441357_6450743_IF23696412"><material><mattext texttype="text/plain" /></material></itemfeedback><itemfeedback ident="QUES_6441357_6450743_IF23696413"><material><mattext texttype="text/plain" /></material></itemfeedback><itemfeedback ident="QUES_6441357_6450743_IF23696414"><material><mattext texttype="text/plain" /></material></itemfeedback></item></section></assessment></questestinterop>