﻿<?xml version="1.0" encoding="UTF-8"?><questestinterop xmlns:d2l_2p0="http://desire2learn.com/xsd/d2lcp_v2p0"><assessment d2l_2p0:id="25" title="Lab Test7" ident="res_quiz_247300" d2l_2p0:resource_code="FCF4E421-A020-454B-979C-FE41E4E97EDB-2245083"><rubric><flow_mat><material><mattext d2l_2p0:isdisplayed="yes" texttype="text/html">&lt;div style="padding-left: 10px;padding-right: 10px"&gt;&lt;/div&gt;</mattext></material></flow_mat></rubric><assessmentcontrol hintswitch="no" solutionswitch="yes" feedbackswitch="no" /><presentation_material><flow_mat><material label="page header"><mattext d2l_2p0:isdisplayed="no" texttype="text/html" /></material><material label="page footer"><mattext d2l_2p0:isdisplayed="no" texttype="text/html" /></material></flow_mat></presentation_material><assess_procextension><d2l_2p0:intro_message d2l_2p0:isdisplayed="no" texttype="text/html" /><d2l_2p0:disable_right_click>no</d2l_2p0:disable_right_click><d2l_2p0:disable_pager_access>no</d2l_2p0:disable_pager_access><is_active>no</is_active><d2l_2p0:date_start><d2l_2p0:timestamp><d2l_2p0:month>11</d2l_2p0:month><d2l_2p0:day>15</d2l_2p0:day><d2l_2p0:year>2022</d2l_2p0:year><d2l_2p0:hour>19</d2l_2p0:hour><d2l_2p0:minutes>0</d2l_2p0:minutes><d2l_2p0:seconds>0</d2l_2p0:seconds></d2l_2p0:timestamp></d2l_2p0:date_start><d2l_2p0:date_end><d2l_2p0:timestamp><d2l_2p0:month>11</d2l_2p0:month><d2l_2p0:day>15</d2l_2p0:day><d2l_2p0:year>2022</d2l_2p0:year><d2l_2p0:hour>20</d2l_2p0:hour><d2l_2p0:minutes>30</d2l_2p0:minutes><d2l_2p0:seconds>0</d2l_2p0:seconds></d2l_2p0:timestamp></d2l_2p0:date_end><d2l_2p0:date_due /><d2l_2p0:has_schedule_event>yes</d2l_2p0:has_schedule_event><d2l_2p0:is_attempt_Rldb>no</d2l_2p0:is_attempt_Rldb><d2l_2p0:is_subview_Rldb>no</d2l_2p0:is_subview_Rldb><d2l_2p0:time_limit>60</d2l_2p0:time_limit><d2l_2p0:show_clock>no</d2l_2p0:show_clock><d2l_2p0:enforce_time_limit>no</d2l_2p0:enforce_time_limit><d2l_2p0:quiz_start_type>no</d2l_2p0:quiz_start_type><d2l_2p0:grace_period>1</d2l_2p0:grace_period><d2l_2p0:late_limit>0</d2l_2p0:late_limit><d2l_2p0:attempts_allowed>1</d2l_2p0:attempts_allowed><d2l_2p0:attempt_restrictions /><d2l_2p0:mark_calculation_type>1</d2l_2p0:mark_calculation_type><d2l_2p0:is_forward_only>no</d2l_2p0:is_forward_only></assess_procextension><assessfeedback title=""><rubric><flow_mat><material><mattext texttype="yes">Your quiz has been submitted successfully.</mattext></material></flow_mat></rubric><d2l_2p0:duration>0</d2l_2p0:duration><d2l_2p0:response_display_type_id>1</d2l_2p0:response_display_type_id><d2l_2p0:show_correct_answers>no</d2l_2p0:show_correct_answers><d2l_2p0:submission_restrictip>no</d2l_2p0:submission_restrictip><d2l_2p0:show_class_average>no</d2l_2p0:show_class_average><d2l_2p0:show_score_distribution>no</d2l_2p0:show_score_distribution></assessfeedback><section ident="CONTAINER_SECTION"><item ident="OBJ_7506426" label="QUES_6441386_6450772" d2l_2p0:page="1"><itemmetadata><qtimetadata><qti_metadatafield><fieldlabel>qmd_computerscored</fieldlabel><fieldentry>yes</fieldentry></qti_metadatafield><qti_metadatafield><fieldlabel>qmd_questiontype</fieldlabel><fieldentry>Multiple Choice</fieldentry></qti_metadatafield><qti_metadatafield><fieldlabel>qmd_weighting</fieldlabel><fieldentry>0.200000000</fieldentry></qti_metadatafield><qti_metadatafield><fieldlabel>qmd_globalid</fieldlabel><fieldentry>aba5d675-64a1-4245-8237-ca616f9748dc</fieldentry></qti_metadatafield><qti_metadatafield><fieldlabel>qmd_displayid</fieldlabel><fieldentry>XLIST_SALAMAT_GAME3121_202201-46</fieldentry></qti_metadatafield></qtimetadata></itemmetadata><itemproc_extension><d2l_2p0:difficulty>1</d2l_2p0:difficulty><d2l_2p0:isbonus>no</d2l_2p0:isbonus><d2l_2p0:ismandatory>no</d2l_2p0:ismandatory></itemproc_extension><presentation><flow><material><mattext texttype="text/html">&lt;p&gt;Many game engines wrap the file I/O API in a library of custom I/O functions. Which one(s) are the main&amp;#160;advantages of wrapping the operating system&amp;#39;s I/O API?&lt;/p&gt;</mattext></material><response_extension><d2l_2p0:display_style>2</d2l_2p0:display_style><d2l_2p0:enumeration>6</d2l_2p0:enumeration><d2l_2p0:grading_type>0</d2l_2p0:grading_type></response_extension><response_lid ident="QUES_6441386_6450772_LID" rcardinality="Single"><render_choice shuffle="no"><flow_label class="Block"><response_label ident="QUES_6441386_6450772_A23696526"><flow_mat><material><mattext texttype="text/html">&lt;div class="vtbegenerated inlineVtbegenerated"&gt;&lt;p&gt;The engine programmers can guarantee identical behavior across all target platforms, even when native libraries are inconsistent or buggy on a particular platform.&lt;/p&gt;&lt;/div&gt;
</mattext></material></flow_mat></response_label></flow_label><flow_label class="Block"><response_label ident="QUES_6441386_6450772_A23696527"><flow_mat><material><mattext texttype="text/html">&lt;div class="vtbegenerated inlineVtbegenerated"&gt;&lt;p&gt;The API can be simplified down to only those functions actually requiredby the engine, which keeps maintenance efforts to a minimum.&lt;/p&gt;&lt;/div&gt;
</mattext></material></flow_mat></response_label></flow_label><flow_label class="Block"><response_label ident="QUES_6441386_6450772_A23696528"><flow_mat><material><mattext texttype="text/html">&lt;div class="vtbegenerated inlineVtbegenerated"&gt;&lt;p&gt;The&amp;#160;extended functionality can be provided.&amp;#160;For example, the engine&amp;#39;s custom wrapper API might be capable of dealing with files on a hard disk, a DVDROM or Blu-ray disk on a console, files on a network (e.g., remote files managedby Xbox Live or PSN), and also with files on memory sticks or other kinds of removable media.&lt;/p&gt;&lt;/div&gt;
</mattext></material></flow_mat></response_label></flow_label><flow_label class="Block"><response_label ident="QUES_6441386_6450772_A23696529"><flow_mat><material><mattext texttype="text/html">&lt;div class="vtbegenerated inlineVtbegenerated"&gt;&lt;p&gt;All of the above&lt;/p&gt;&lt;/div&gt;
</mattext></material></flow_mat></response_label></flow_label></render_choice></response_lid></flow></presentation><resprocessing><respcondition title="Response Condition 1"><conditionvar><varequal respident="QUES_6441386_6450772_LID">QUES_6441386_6450772_A23696526</varequal></conditionvar><setvar action="Set">0.000000000</setvar><displayfeedback feedbacktype="Response" linkrefid="QUES_6441386_6450772_IF23696526" /></respcondition><respcondition title="Response Condition 2"><conditionvar><varequal respident="QUES_6441386_6450772_LID">QUES_6441386_6450772_A23696527</varequal></conditionvar><setvar action="Set">0.000000000</setvar><displayfeedback feedbacktype="Response" linkrefid="QUES_6441386_6450772_IF23696527" /></respcondition><respcondition title="Response Condition 3"><conditionvar><varequal respident="QUES_6441386_6450772_LID">QUES_6441386_6450772_A23696528</varequal></conditionvar><setvar action="Set">0.000000000</setvar><displayfeedback feedbacktype="Response" linkrefid="QUES_6441386_6450772_IF23696528" /></respcondition><respcondition title="Response Condition 4"><conditionvar><varequal respident="QUES_6441386_6450772_LID">QUES_6441386_6450772_A23696529</varequal></conditionvar><setvar action="Set">100.000000000</setvar><displayfeedback feedbacktype="Response" linkrefid="QUES_6441386_6450772_IF23696529" /></respcondition></resprocessing><itemfeedback ident="QUES_6441386_6450772_IF23696526"><material><mattext texttype="text/plain" /></material></itemfeedback><itemfeedback ident="QUES_6441386_6450772_IF23696527"><material><mattext texttype="text/plain" /></material></itemfeedback><itemfeedback ident="QUES_6441386_6450772_IF23696528"><material><mattext texttype="text/plain" /></material></itemfeedback><itemfeedback ident="QUES_6441386_6450772_IF23696529"><material><mattext texttype="text/plain" /></material></itemfeedback></item><item ident="OBJ_7506427" label="QUES_6441387_6450773" d2l_2p0:page="1"><itemmetadata><qtimetadata><qti_metadatafield><fieldlabel>qmd_computerscored</fieldlabel><fieldentry>yes</fieldentry></qti_metadatafield><qti_metadatafield><fieldlabel>qmd_questiontype</fieldlabel><fieldentry>Multiple Choice</fieldentry></qti_metadatafield><qti_metadatafield><fieldlabel>qmd_weighting</fieldlabel><fieldentry>0.200000000</fieldentry></qti_metadatafield><qti_metadatafield><fieldlabel>qmd_globalid</fieldlabel><fieldentry>b207fd73-ba8c-45db-a0ea-7937507c7b29</fieldentry></qti_metadatafield><qti_metadatafield><fieldlabel>qmd_displayid</fieldlabel><fieldentry>XLIST_SALAMAT_GAME3121_202201-45</fieldentry></qti_metadatafield></qtimetadata></itemmetadata><itemproc_extension><d2l_2p0:difficulty>1</d2l_2p0:difficulty><d2l_2p0:isbonus>no</d2l_2p0:isbonus><d2l_2p0:ismandatory>no</d2l_2p0:ismandatory></itemproc_extension><presentation><flow><material><mattext texttype="text/html">&lt;p&gt;which of the following is &amp;quot;not&amp;quot; true about using Resource Class in Unity?&lt;/p&gt;</mattext></material><response_extension><d2l_2p0:display_style>2</d2l_2p0:display_style><d2l_2p0:enumeration>6</d2l_2p0:enumeration><d2l_2p0:grading_type>0</d2l_2p0:grading_type></response_extension><response_lid ident="QUES_6441387_6450773_LID" rcardinality="Single"><render_choice shuffle="no"><flow_label class="Block"><response_label ident="QUES_6441387_6450773_A23696530"><flow_mat><material><mattext texttype="text/html">&lt;div class="vtbegenerated inlineVtbegenerated"&gt;&lt;p&gt;All assets that are in a folder named &amp;quot;Resources&amp;quot; anywhere in the Assets folder can be accessed via the&amp;#160;&lt;span style="text-decoration: underline;"&gt;&lt;a rel="noopener" href="https://docs.unity3d.com/ScriptReference/Resources.Load.html"&gt;Resources.Load&lt;/a&gt;&lt;/span&gt; function.&lt;/p&gt;&lt;/div&gt;
</mattext></material></flow_mat></response_label></flow_label><flow_label class="Block"><response_label ident="QUES_6441387_6450773_A23696531"><flow_mat><material><mattext texttype="text/html">&lt;div class="vtbegenerated inlineVtbegenerated"&gt;&lt;p&gt;&lt;span style="text-decoration: underline;"&gt;&lt;a rel="noopener" href="https://docs.unity3d.com/ScriptReference/Resources.Load.html"&gt;Resources.Load&lt;/a&gt;&lt;/span&gt; function loads an asset asynchronously.&amp;#160;&lt;/p&gt;&lt;/div&gt;
</mattext></material></flow_mat></response_label></flow_label><flow_label class="Block"><response_label ident="QUES_6441387_6450773_A23696532"><flow_mat><material><mattext texttype="text/html">&lt;div class="vtbegenerated inlineVtbegenerated"&gt;&lt;div&gt;
 Multiple &amp;quot;Resources&amp;quot; folders may exist and when loading objects each will be examined.
&lt;/div&gt;&lt;/div&gt;
</mattext></material></flow_mat></response_label></flow_label><flow_label class="Block"><response_label ident="QUES_6441387_6450773_A23696533"><flow_mat><material><mattext texttype="text/html">&lt;div class="vtbegenerated inlineVtbegenerated"&gt;&lt;div&gt;
  In the editor, 
 &lt;span style="text-decoration: underline;"&gt;&lt;a rel="noopener" href="https://docs.unity3d.com/ScriptReference/Resources.FindObjectsOfTypeAll.html"&gt;Resources.FindObjectsOfTypeAll&lt;/a&gt;&lt;/span&gt;&amp;#160;can be used to locate assets and Scene objects. 
&lt;/div&gt;&lt;/div&gt;
</mattext></material></flow_mat></response_label></flow_label></render_choice></response_lid></flow></presentation><resprocessing><respcondition title="Response Condition 1"><conditionvar><varequal respident="QUES_6441387_6450773_LID">QUES_6441387_6450773_A23696530</varequal></conditionvar><setvar action="Set">0.000000000</setvar><displayfeedback feedbacktype="Response" linkrefid="QUES_6441387_6450773_IF23696530" /></respcondition><respcondition title="Response Condition 2"><conditionvar><varequal respident="QUES_6441387_6450773_LID">QUES_6441387_6450773_A23696531</varequal></conditionvar><setvar action="Set">100.000000000</setvar><displayfeedback feedbacktype="Response" linkrefid="QUES_6441387_6450773_IF23696531" /></respcondition><respcondition title="Response Condition 3"><conditionvar><varequal respident="QUES_6441387_6450773_LID">QUES_6441387_6450773_A23696532</varequal></conditionvar><setvar action="Set">0.000000000</setvar><displayfeedback feedbacktype="Response" linkrefid="QUES_6441387_6450773_IF23696532" /></respcondition><respcondition title="Response Condition 4"><conditionvar><varequal respident="QUES_6441387_6450773_LID">QUES_6441387_6450773_A23696533</varequal></conditionvar><setvar action="Set">0.000000000</setvar><displayfeedback feedbacktype="Response" linkrefid="QUES_6441387_6450773_IF23696533" /></respcondition></resprocessing><itemfeedback ident="QUES_6441387_6450773_IF23696530"><material><mattext texttype="text/plain" /></material></itemfeedback><itemfeedback ident="QUES_6441387_6450773_IF23696531"><material><mattext texttype="text/plain" /></material></itemfeedback><itemfeedback ident="QUES_6441387_6450773_IF23696532"><material><mattext texttype="text/plain" /></material></itemfeedback><itemfeedback ident="QUES_6441387_6450773_IF23696533"><material><mattext texttype="text/plain" /></material></itemfeedback></item><item ident="OBJ_7506428" label="QUES_6441388_6450774" d2l_2p0:page="1"><itemmetadata><qtimetadata><qti_metadatafield><fieldlabel>qmd_computerscored</fieldlabel><fieldentry>yes</fieldentry></qti_metadatafield><qti_metadatafield><fieldlabel>qmd_questiontype</fieldlabel><fieldentry>Multiple Choice</fieldentry></qti_metadatafield><qti_metadatafield><fieldlabel>qmd_weighting</fieldlabel><fieldentry>0.200000000</fieldentry></qti_metadatafield><qti_metadatafield><fieldlabel>qmd_globalid</fieldlabel><fieldentry>7c59be60-16ae-4bff-9e54-efc718db5e7f</fieldentry></qti_metadatafield><qti_metadatafield><fieldlabel>qmd_displayid</fieldlabel><fieldentry>XLIST_SALAMAT_GAME3121_202201-47</fieldentry></qti_metadatafield></qtimetadata></itemmetadata><itemproc_extension><d2l_2p0:difficulty>1</d2l_2p0:difficulty><d2l_2p0:isbonus>no</d2l_2p0:isbonus><d2l_2p0:ismandatory>no</d2l_2p0:ismandatory></itemproc_extension><presentation><flow><material><mattext texttype="text/html">&lt;p&gt;The source assets in its native DCC format gets passed to the game engine&amp;#160;via ACP. Which of the following is not a processing stage for ACP?&lt;/p&gt;</mattext></material><response_extension><d2l_2p0:display_style>2</d2l_2p0:display_style><d2l_2p0:enumeration>6</d2l_2p0:enumeration><d2l_2p0:grading_type>0</d2l_2p0:grading_type></response_extension><response_lid ident="QUES_6441388_6450774_LID" rcardinality="Single"><render_choice shuffle="no"><flow_label class="Block"><response_label ident="QUES_6441388_6450774_A23696534"><flow_mat><material><mattext texttype="text/html">&lt;div class="vtbegenerated inlineVtbegenerated"&gt;&lt;p&gt;Exporters for&amp;#160;getting the data out of the DCC&amp;#39;s native format and into a format that we can manipulate.&lt;/p&gt;&lt;/div&gt;
</mattext></material></flow_mat></response_label></flow_label><flow_label class="Block"><response_label ident="QUES_6441388_6450774_A23696535"><flow_mat><material><mattext texttype="text/html">&lt;div class="vtbegenerated inlineVtbegenerated"&gt;&lt;p&gt;Resource compilers&amp;#160;to massage the raw data exported from a DCC application in various ways in order to make them game ready.&lt;/p&gt;&lt;/div&gt;
</mattext></material></flow_mat></response_label></flow_label><flow_label class="Block"><response_label ident="QUES_6441388_6450774_A23696536"><flow_mat><material><mattext texttype="text/html">&lt;div class="vtbegenerated inlineVtbegenerated"&gt;&lt;p&gt;Resource linkers:&amp;#160; Multiple resource files sometimes need to be combined into a single useful package prior to being loaded by the game engine.&lt;/p&gt;&lt;/div&gt;
</mattext></material></flow_mat></response_label></flow_label><flow_label class="Block"><response_label ident="QUES_6441388_6450774_A23696537"><flow_mat><material><mattext texttype="text/html">&lt;div class="vtbegenerated inlineVtbegenerated"&gt;&lt;p&gt;&lt;span style="color: #000000;font-family: &amp;#39;Open Sans&amp;#39;, sans-serif;font-size: 13px;font-style: normal;font-weight: 400;letter-spacing: normal;text-align: start;text-indent: 0px;text-transform: none;white-space: normal;word-spacing: 0px;background-color: #ffffff;display: inline !important;float: none;"&gt;Importer for&amp;#160;&lt;/span&gt;&lt;span style="color: #000000;font-family: &amp;#39;Open Sans&amp;#39;, sans-serif;font-size: 13px;font-style: normal;font-weight: 400;letter-spacing: normal;text-align: start;text-indent: 0px;text-transform: none;white-space: normal;word-spacing: 0px;background-color: #ffffff;display: inline !important;float: none;"&gt;getting the data from the DCC&amp;#39;s&amp;#160;&lt;/span&gt;&lt;span style="color: #000000;font-family: &amp;#39;Open Sans&amp;#39;, sans-serif;font-size: 13px;font-style: normal;font-weight: 400;letter-spacing: normal;text-align: start;text-indent: 0px;text-transform: none;white-space: normal;word-spacing: 0px;background-color: #ffffff;display: inline !important;float: none;"&gt;native format&lt;/span&gt;&lt;span style="color: #000000;font-family: &amp;#39;Open Sans&amp;#39;, sans-serif;font-size: 13px;font-style: normal;font-weight: 400;letter-spacing: normal;text-align: start;text-indent: 0px;text-transform: none;white-space: normal;word-spacing: 0px;background-color: #ffffff;display: inline !important;float: none;"&gt;&amp;#160;and into a format that we can manipulate&lt;/span&gt;&lt;span style="color: #000000;font-family: &amp;#39;Open Sans&amp;#39;, sans-serif;font-size: 13px;font-style: normal;font-weight: 400;letter-spacing: normal;text-align: start;text-indent: 0px;text-transform: none;white-space: normal;word-spacing: 0px;background-color: #ffffff;display: inline !important;float: none;"&gt;.&lt;/span&gt;&lt;/p&gt;&lt;/div&gt;
</mattext></material></flow_mat></response_label></flow_label></render_choice></response_lid></flow></presentation><resprocessing><respcondition title="Response Condition 1"><conditionvar><varequal respident="QUES_6441388_6450774_LID">QUES_6441388_6450774_A23696534</varequal></conditionvar><setvar action="Set">0.000000000</setvar><displayfeedback feedbacktype="Response" linkrefid="QUES_6441388_6450774_IF23696534" /></respcondition><respcondition title="Response Condition 2"><conditionvar><varequal respident="QUES_6441388_6450774_LID">QUES_6441388_6450774_A23696535</varequal></conditionvar><setvar action="Set">0.000000000</setvar><displayfeedback feedbacktype="Response" linkrefid="QUES_6441388_6450774_IF23696535" /></respcondition><respcondition title="Response Condition 3"><conditionvar><varequal respident="QUES_6441388_6450774_LID">QUES_6441388_6450774_A23696536</varequal></conditionvar><setvar action="Set">0.000000000</setvar><displayfeedback feedbacktype="Response" linkrefid="QUES_6441388_6450774_IF23696536" /></respcondition><respcondition title="Response Condition 4"><conditionvar><varequal respident="QUES_6441388_6450774_LID">QUES_6441388_6450774_A23696537</varequal></conditionvar><setvar action="Set">100.000000000</setvar><displayfeedback feedbacktype="Response" linkrefid="QUES_6441388_6450774_IF23696537" /></respcondition></resprocessing><itemfeedback ident="QUES_6441388_6450774_IF23696534"><material><mattext texttype="text/plain" /></material></itemfeedback><itemfeedback ident="QUES_6441388_6450774_IF23696535"><material><mattext texttype="text/plain" /></material></itemfeedback><itemfeedback ident="QUES_6441388_6450774_IF23696536"><material><mattext texttype="text/plain" /></material></itemfeedback><itemfeedback ident="QUES_6441388_6450774_IF23696537"><material><mattext texttype="text/plain" /></material></itemfeedback></item><item ident="OBJ_7506429" label="QUES_6441389_6450775" d2l_2p0:page="1"><itemmetadata><qtimetadata><qti_metadatafield><fieldlabel>qmd_computerscored</fieldlabel><fieldentry>yes</fieldentry></qti_metadatafield><qti_metadatafield><fieldlabel>qmd_questiontype</fieldlabel><fieldentry>Multiple Choice</fieldentry></qti_metadatafield><qti_metadatafield><fieldlabel>qmd_weighting</fieldlabel><fieldentry>0.200000000</fieldentry></qti_metadatafield><qti_metadatafield><fieldlabel>qmd_globalid</fieldlabel><fieldentry>8fae8358-fb4b-4e91-8ec5-3175b5d87755</fieldentry></qti_metadatafield><qti_metadatafield><fieldlabel>qmd_displayid</fieldlabel><fieldentry>XLIST_SALAMAT_GAME3121_202201-52</fieldentry></qti_metadatafield></qtimetadata></itemmetadata><itemproc_extension><d2l_2p0:difficulty>1</d2l_2p0:difficulty><d2l_2p0:isbonus>no</d2l_2p0:isbonus><d2l_2p0:ismandatory>no</d2l_2p0:ismandatory></itemproc_extension><presentation><flow><material><mattext texttype="text/html">&lt;p&gt;What is not true about UnrealEd&amp;#160;(Unreal Resource database)?&lt;/p&gt;</mattext></material><response_extension><d2l_2p0:display_style>2</d2l_2p0:display_style><d2l_2p0:enumeration>6</d2l_2p0:enumeration><d2l_2p0:grading_type>0</d2l_2p0:grading_type></response_extension><response_lid ident="QUES_6441389_6450775_LID" rcardinality="Single"><render_choice shuffle="no"><flow_label class="Block"><response_label ident="QUES_6441389_6450775_A23696538"><flow_mat><material><mattext texttype="text/html">&lt;div class="vtbegenerated inlineVtbegenerated"&gt;&lt;p&gt;UnrealEd is responsible for literally everything, from resource metadata management to asset creation to level layout.&lt;/p&gt;&lt;/div&gt;
</mattext></material></flow_mat></response_label></flow_label><flow_label class="Block"><response_label ident="QUES_6441389_6450775_A23696539"><flow_mat><material><mattext texttype="text/html">&lt;div class="vtbegenerated inlineVtbegenerated"&gt;&lt;p&gt;UnrealEd is a part of the game engine itself.&lt;/p&gt;&lt;/div&gt;
</mattext></material></flow_mat></response_label></flow_label><flow_label class="Block"><response_label ident="QUES_6441389_6450775_A23696540"><flow_mat><material><mattext texttype="text/html">&lt;div class="vtbegenerated inlineVtbegenerated"&gt;&lt;p&gt;The game can &amp;quot;not&amp;quot; be run from within UnrealEd in order to visualize the assets in their natural surroundings&lt;/p&gt;&lt;/div&gt;
</mattext></material></flow_mat></response_label></flow_label><flow_label class="Block"><response_label ident="QUES_6441389_6450775_A23696541"><flow_mat><material><mattext texttype="text/html">&lt;div class="vtbegenerated inlineVtbegenerated"&gt;&lt;p&gt;UnrealEd permits assets to be created and then immediately viewed in their full glory, exactly as they will appear in-game.&lt;/p&gt;&lt;/div&gt;
</mattext></material></flow_mat></response_label></flow_label></render_choice></response_lid></flow></presentation><resprocessing><respcondition title="Response Condition 1"><conditionvar><varequal respident="QUES_6441389_6450775_LID">QUES_6441389_6450775_A23696538</varequal></conditionvar><setvar action="Set">0.000000000</setvar><displayfeedback feedbacktype="Response" linkrefid="QUES_6441389_6450775_IF23696538" /></respcondition><respcondition title="Response Condition 2"><conditionvar><varequal respident="QUES_6441389_6450775_LID">QUES_6441389_6450775_A23696539</varequal></conditionvar><setvar action="Set">0.000000000</setvar><displayfeedback feedbacktype="Response" linkrefid="QUES_6441389_6450775_IF23696539" /></respcondition><respcondition title="Response Condition 3"><conditionvar><varequal respident="QUES_6441389_6450775_LID">QUES_6441389_6450775_A23696540</varequal></conditionvar><setvar action="Set">100.000000000</setvar><displayfeedback feedbacktype="Response" linkrefid="QUES_6441389_6450775_IF23696540" /></respcondition><respcondition title="Response Condition 4"><conditionvar><varequal respident="QUES_6441389_6450775_LID">QUES_6441389_6450775_A23696541</varequal></conditionvar><setvar action="Set">0.000000000</setvar><displayfeedback feedbacktype="Response" linkrefid="QUES_6441389_6450775_IF23696541" /></respcondition></resprocessing><itemfeedback ident="QUES_6441389_6450775_IF23696538"><material><mattext texttype="text/plain" /></material></itemfeedback><itemfeedback ident="QUES_6441389_6450775_IF23696539"><material><mattext texttype="text/plain" /></material></itemfeedback><itemfeedback ident="QUES_6441389_6450775_IF23696540"><material><mattext texttype="text/plain" /></material></itemfeedback><itemfeedback ident="QUES_6441389_6450775_IF23696541"><material><mattext texttype="text/plain" /></material></itemfeedback></item><item ident="OBJ_7506430" label="QUES_6441390_6450776" d2l_2p0:page="1"><itemmetadata><qtimetadata><qti_metadatafield><fieldlabel>qmd_computerscored</fieldlabel><fieldentry>yes</fieldentry></qti_metadatafield><qti_metadatafield><fieldlabel>qmd_questiontype</fieldlabel><fieldentry>Multiple Choice</fieldentry></qti_metadatafield><qti_metadatafield><fieldlabel>qmd_weighting</fieldlabel><fieldentry>0.200000000</fieldentry></qti_metadatafield><qti_metadatafield><fieldlabel>qmd_globalid</fieldlabel><fieldentry>2e15292a-4679-4828-b327-e3ff7b159fca</fieldentry></qti_metadatafield><qti_metadatafield><fieldlabel>qmd_displayid</fieldlabel><fieldentry>XLIST_SALAMAT_GAME3121_202201-58</fieldentry></qti_metadatafield></qtimetadata></itemmetadata><itemproc_extension><d2l_2p0:difficulty>1</d2l_2p0:difficulty><d2l_2p0:isbonus>no</d2l_2p0:isbonus><d2l_2p0:ismandatory>no</d2l_2p0:ismandatory></itemproc_extension><presentation><flow><material><mattext texttype="text/html">&lt;p&gt;Which of the following is not a function in Buffered API?&lt;/p&gt;</mattext></material><response_extension><d2l_2p0:display_style>2</d2l_2p0:display_style><d2l_2p0:enumeration>6</d2l_2p0:enumeration><d2l_2p0:grading_type>0</d2l_2p0:grading_type></response_extension><response_lid ident="QUES_6441390_6450776_LID" rcardinality="Single"><render_choice shuffle="no"><flow_label class="Block"><response_label ident="QUES_6441390_6450776_A23696542"><flow_mat><material><mattext texttype="text/html">&lt;div class="vtbegenerated inlineVtbegenerated"&gt;&lt;p&gt;fopen()&lt;/p&gt;&lt;/div&gt;
</mattext></material></flow_mat></response_label></flow_label><flow_label class="Block"><response_label ident="QUES_6441390_6450776_A23696543"><flow_mat><material><mattext texttype="text/html">&lt;div class="vtbegenerated inlineVtbegenerated"&gt;&lt;p&gt;fwrite()&lt;/p&gt;&lt;/div&gt;
</mattext></material></flow_mat></response_label></flow_label><flow_label class="Block"><response_label ident="QUES_6441390_6450776_A23696544"><flow_mat><material><mattext texttype="text/html">&lt;div class="vtbegenerated inlineVtbegenerated"&gt;&lt;p&gt;fstat()&lt;/p&gt;&lt;/div&gt;
</mattext></material></flow_mat></response_label></flow_label><flow_label class="Block"><response_label ident="QUES_6441390_6450776_A23696545"><flow_mat><material><mattext texttype="text/html">&lt;div class="vtbegenerated inlineVtbegenerated"&gt;&lt;p&gt;write()&lt;/p&gt;&lt;/div&gt;
</mattext></material></flow_mat></response_label></flow_label></render_choice></response_lid></flow></presentation><resprocessing><respcondition title="Response Condition 1"><conditionvar><varequal respident="QUES_6441390_6450776_LID">QUES_6441390_6450776_A23696542</varequal></conditionvar><setvar action="Set">0.000000000</setvar><displayfeedback feedbacktype="Response" linkrefid="QUES_6441390_6450776_IF23696542" /></respcondition><respcondition title="Response Condition 2"><conditionvar><varequal respident="QUES_6441390_6450776_LID">QUES_6441390_6450776_A23696543</varequal></conditionvar><setvar action="Set">0.000000000</setvar><displayfeedback feedbacktype="Response" linkrefid="QUES_6441390_6450776_IF23696543" /></respcondition><respcondition title="Response Condition 3"><conditionvar><varequal respident="QUES_6441390_6450776_LID">QUES_6441390_6450776_A23696544</varequal></conditionvar><setvar action="Set">0.000000000</setvar><displayfeedback feedbacktype="Response" linkrefid="QUES_6441390_6450776_IF23696544" /></respcondition><respcondition title="Response Condition 4"><conditionvar><varequal respident="QUES_6441390_6450776_LID">QUES_6441390_6450776_A23696545</varequal></conditionvar><setvar action="Set">100.000000000</setvar><displayfeedback feedbacktype="Response" linkrefid="QUES_6441390_6450776_IF23696545" /></respcondition></resprocessing><itemfeedback ident="QUES_6441390_6450776_IF23696542"><material><mattext texttype="text/plain" /></material></itemfeedback><itemfeedback ident="QUES_6441390_6450776_IF23696543"><material><mattext texttype="text/plain" /></material></itemfeedback><itemfeedback ident="QUES_6441390_6450776_IF23696544"><material><mattext texttype="text/plain" /></material></itemfeedback><itemfeedback ident="QUES_6441390_6450776_IF23696545"><material><mattext texttype="text/plain" /></material></itemfeedback></item><item ident="OBJ_7506431" label="QUES_6441391_6450777" d2l_2p0:page="1"><itemmetadata><qtimetadata><qti_metadatafield><fieldlabel>qmd_computerscored</fieldlabel><fieldentry>yes</fieldentry></qti_metadatafield><qti_metadatafield><fieldlabel>qmd_questiontype</fieldlabel><fieldentry>Multiple Choice</fieldentry></qti_metadatafield><qti_metadatafield><fieldlabel>qmd_weighting</fieldlabel><fieldentry>0.200000000</fieldentry></qti_metadatafield><qti_metadatafield><fieldlabel>qmd_globalid</fieldlabel><fieldentry>6c869a03-bfef-48be-bc5b-425ee813f52b</fieldentry></qti_metadatafield><qti_metadatafield><fieldlabel>qmd_displayid</fieldlabel><fieldentry>XLIST_SALAMAT_GAME3121_202201-59</fieldentry></qti_metadatafield></qtimetadata></itemmetadata><itemproc_extension><d2l_2p0:difficulty>1</d2l_2p0:difficulty><d2l_2p0:isbonus>no</d2l_2p0:isbonus><d2l_2p0:ismandatory>no</d2l_2p0:ismandatory></itemproc_extension><presentation><flow><material><mattext texttype="text/html">&lt;p&gt;&lt;span style="color: #000000;font-family: &amp;#39;Open Sans&amp;#39;, sans-serif;font-size: 13px;font-style: normal;font-weight: 400;letter-spacing: normal;text-align: start;text-indent: 0px;text-transform: none;white-space: normal;word-spacing: 0px;background-color: #ffffff;display: inline !important;float: none;"&gt;Every file I/O&amp;#160;&lt;/span&gt;&lt;span style="color: #000000;font-family: &amp;#39;Open Sans&amp;#39;, sans-serif;font-size: 13px;font-style: normal;font-weight: 400;letter-spacing: normal;text-align: start;text-indent: 0px;text-transform: none;white-space: normal;word-spacing: 0px;background-color: #ffffff;display: inline !important;float: none;"&gt;API requires data blocks known as buffers to serve as the source or&amp;#160;&lt;/span&gt;&lt;span style="color: #000000;font-family: &amp;#39;Open Sans&amp;#39;, sans-serif;font-size: 13px;font-style: normal;font-weight: 400;letter-spacing: normal;text-align: start;text-indent: 0px;text-transform: none;white-space: normal;word-spacing: 0px;background-color: #ffffff;display: inline !important;float: none;"&gt;destination of&lt;/span&gt;&amp;#160;the bytes passing between the program and the file on disk. In which API, it is&lt;span style="color: #000000;font-family: &amp;#39;Open Sans&amp;#39;, sans-serif;font-size: 13px;font-style: normal;font-weight: 400;letter-spacing: normal;text-align: start;text-indent: 0px;text-transform: none;white-space: normal;word-spacing: 0px;background-color: #ffffff;display: inline !important;float: none;"&gt;&amp;#160;your responsibility as a&lt;/span&gt;&lt;span style="color: #000000;font-family: &amp;#39;Open Sans&amp;#39;, sans-serif;font-size: 13px;font-style: normal;font-weight: 400;letter-spacing: normal;text-align: start;text-indent: 0px;text-transform: none;white-space: normal;word-spacing: 0px;background-color: #ffffff;display: inline !important;float: none;"&gt;&amp;#160;programmer&lt;/span&gt;&lt;span style="color: #000000;font-family: &amp;#39;Open Sans&amp;#39;, sans-serif;font-size: 13px;font-style: normal;font-weight: 400;letter-spacing: normal;text-align: start;text-indent: 0px;text-transform: none;white-space: normal;word-spacing: 0px;background-color: #ffffff;display: inline !important;float: none;"&gt;&amp;#160; to allocate and manage the data buffers?&lt;/span&gt;&lt;/p&gt;</mattext></material><response_extension><d2l_2p0:display_style>2</d2l_2p0:display_style><d2l_2p0:enumeration>6</d2l_2p0:enumeration><d2l_2p0:grading_type>0</d2l_2p0:grading_type></response_extension><response_lid ident="QUES_6441391_6450777_LID" rcardinality="Single"><render_choice shuffle="no"><flow_label class="Block"><response_label ident="QUES_6441391_6450777_A23696546"><flow_mat><material><mattext texttype="text/html">&lt;div class="vtbegenerated inlineVtbegenerated"&gt;&lt;p&gt;Buffered&amp;#160;API&lt;/p&gt;&lt;/div&gt;
</mattext></material></flow_mat></response_label></flow_label><flow_label class="Block"><response_label ident="QUES_6441391_6450777_A23696547"><flow_mat><material><mattext texttype="text/html">&lt;div class="vtbegenerated inlineVtbegenerated"&gt;&lt;p&gt;Unbuffered API&lt;/p&gt;&lt;/div&gt;
</mattext></material></flow_mat></response_label></flow_label><flow_label class="Block"><response_label ident="QUES_6441391_6450777_A23696548"><flow_mat><material><mattext texttype="text/html">&lt;div class="vtbegenerated inlineVtbegenerated"&gt;&lt;p&gt;stream I/O API&lt;/p&gt;&lt;/div&gt;
</mattext></material></flow_mat></response_label></flow_label><flow_label class="Block"><response_label ident="QUES_6441391_6450777_A23696549"><flow_mat><material><mattext texttype="text/html">&lt;div class="vtbegenerated inlineVtbegenerated"&gt;&lt;p&gt;All of the above&lt;/p&gt;&lt;/div&gt;
</mattext></material></flow_mat></response_label></flow_label></render_choice></response_lid></flow></presentation><resprocessing><respcondition title="Response Condition 1"><conditionvar><varequal respident="QUES_6441391_6450777_LID">QUES_6441391_6450777_A23696546</varequal></conditionvar><setvar action="Set">0.000000000</setvar><displayfeedback feedbacktype="Response" linkrefid="QUES_6441391_6450777_IF23696546" /></respcondition><respcondition title="Response Condition 2"><conditionvar><varequal respident="QUES_6441391_6450777_LID">QUES_6441391_6450777_A23696547</varequal></conditionvar><setvar action="Set">100.000000000</setvar><displayfeedback feedbacktype="Response" linkrefid="QUES_6441391_6450777_IF23696547" /></respcondition><respcondition title="Response Condition 3"><conditionvar><varequal respident="QUES_6441391_6450777_LID">QUES_6441391_6450777_A23696548</varequal></conditionvar><setvar action="Set">0.000000000</setvar><displayfeedback feedbacktype="Response" linkrefid="QUES_6441391_6450777_IF23696548" /></respcondition><respcondition title="Response Condition 4"><conditionvar><varequal respident="QUES_6441391_6450777_LID">QUES_6441391_6450777_A23696549</varequal></conditionvar><setvar action="Set">0.000000000</setvar><displayfeedback feedbacktype="Response" linkrefid="QUES_6441391_6450777_IF23696549" /></respcondition></resprocessing><itemfeedback ident="QUES_6441391_6450777_IF23696546"><material><mattext texttype="text/plain" /></material></itemfeedback><itemfeedback ident="QUES_6441391_6450777_IF23696547"><material><mattext texttype="text/plain" /></material></itemfeedback><itemfeedback ident="QUES_6441391_6450777_IF23696548"><material><mattext texttype="text/plain" /></material></itemfeedback><itemfeedback ident="QUES_6441391_6450777_IF23696549"><material><mattext texttype="text/plain" /></material></itemfeedback></item><item ident="OBJ_7506432" label="QUES_6441392_6450778" d2l_2p0:page="1"><itemmetadata><qtimetadata><qti_metadatafield><fieldlabel>qmd_computerscored</fieldlabel><fieldentry>yes</fieldentry></qti_metadatafield><qti_metadatafield><fieldlabel>qmd_questiontype</fieldlabel><fieldentry>Multiple Choice</fieldentry></qti_metadatafield><qti_metadatafield><fieldlabel>qmd_weighting</fieldlabel><fieldentry>0.200000000</fieldentry></qti_metadatafield><qti_metadatafield><fieldlabel>qmd_globalid</fieldlabel><fieldentry>dff2a96a-c4ec-4a35-b527-e778ab914e07</fieldentry></qti_metadatafield><qti_metadatafield><fieldlabel>qmd_displayid</fieldlabel><fieldentry>XLIST_SALAMAT_GAME3121_202201-63</fieldentry></qti_metadatafield></qtimetadata></itemmetadata><itemproc_extension><d2l_2p0:difficulty>1</d2l_2p0:difficulty><d2l_2p0:isbonus>no</d2l_2p0:isbonus><d2l_2p0:ismandatory>no</d2l_2p0:ismandatory></itemproc_extension><presentation><flow><material><mattext texttype="text/html">&lt;p&gt;What is true about UnrealEd&amp;#160;when it comes to its disadvantages?&lt;/p&gt;</mattext></material><response_extension><d2l_2p0:display_style>2</d2l_2p0:display_style><d2l_2p0:enumeration>6</d2l_2p0:enumeration><d2l_2p0:grading_type>0</d2l_2p0:grading_type></response_extension><response_lid ident="QUES_6441392_6450778_LID" rcardinality="Single"><render_choice shuffle="no"><flow_label class="Block"><response_label ident="QUES_6441392_6450778_A23696550"><flow_mat><material><mattext texttype="text/html">&lt;div class="vtbegenerated inlineVtbegenerated"&gt;&lt;p&gt;All resource data is stored in a small number of large package files. These files are binary, so they are not easily merged by a revision control package like CVS, Subversion or Perforce.&lt;/p&gt;&lt;/div&gt;
</mattext></material></flow_mat></response_label></flow_label><flow_label class="Block"><response_label ident="QUES_6441392_6450778_A23696551"><flow_mat><material><mattext texttype="text/html">&lt;div class="vtbegenerated inlineVtbegenerated"&gt;&lt;p&gt;If the users are trying to modify different resources, only one user can lock the package at a time, so the other has to wait.&lt;/p&gt;&lt;/div&gt;
</mattext></material></flow_mat></response_label></flow_label><flow_label class="Block"><response_label ident="QUES_6441392_6450778_A23696552"><flow_mat><material><mattext texttype="text/html">&lt;div class="vtbegenerated inlineVtbegenerated"&gt;&lt;p&gt;When a resource is renamed or moved around, all references to it are maintained automatically using a dummy object that remaps the old resource to its new name/location. The problem with these dummy remapping objects is that they hang around and accumulate and sometimes cause problems,especially if a resource is deleted.&lt;/p&gt;&lt;/div&gt;
</mattext></material></flow_mat></response_label></flow_label><flow_label class="Block"><response_label ident="QUES_6441392_6450778_A23696553"><flow_mat><material><mattext texttype="text/html">&lt;div class="vtbegenerated inlineVtbegenerated"&gt;&lt;p&gt;All of the above&lt;/p&gt;&lt;/div&gt;
</mattext></material></flow_mat></response_label></flow_label></render_choice></response_lid></flow></presentation><resprocessing><respcondition title="Response Condition 1"><conditionvar><varequal respident="QUES_6441392_6450778_LID">QUES_6441392_6450778_A23696550</varequal></conditionvar><setvar action="Set">0.000000000</setvar><displayfeedback feedbacktype="Response" linkrefid="QUES_6441392_6450778_IF23696550" /></respcondition><respcondition title="Response Condition 2"><conditionvar><varequal respident="QUES_6441392_6450778_LID">QUES_6441392_6450778_A23696551</varequal></conditionvar><setvar action="Set">0.000000000</setvar><displayfeedback feedbacktype="Response" linkrefid="QUES_6441392_6450778_IF23696551" /></respcondition><respcondition title="Response Condition 3"><conditionvar><varequal respident="QUES_6441392_6450778_LID">QUES_6441392_6450778_A23696552</varequal></conditionvar><setvar action="Set">0.000000000</setvar><displayfeedback feedbacktype="Response" linkrefid="QUES_6441392_6450778_IF23696552" /></respcondition><respcondition title="Response Condition 4"><conditionvar><varequal respident="QUES_6441392_6450778_LID">QUES_6441392_6450778_A23696553</varequal></conditionvar><setvar action="Set">100.000000000</setvar><displayfeedback feedbacktype="Response" linkrefid="QUES_6441392_6450778_IF23696553" /></respcondition></resprocessing><itemfeedback ident="QUES_6441392_6450778_IF23696550"><material><mattext texttype="text/plain" /></material></itemfeedback><itemfeedback ident="QUES_6441392_6450778_IF23696551"><material><mattext texttype="text/plain" /></material></itemfeedback><itemfeedback ident="QUES_6441392_6450778_IF23696552"><material><mattext texttype="text/plain" /></material></itemfeedback><itemfeedback ident="QUES_6441392_6450778_IF23696553"><material><mattext texttype="text/plain" /></material></itemfeedback></item><item ident="OBJ_7506433" label="QUES_6441393_6450779" d2l_2p0:page="1"><itemmetadata><qtimetadata><qti_metadatafield><fieldlabel>qmd_computerscored</fieldlabel><fieldentry>yes</fieldentry></qti_metadatafield><qti_metadatafield><fieldlabel>qmd_questiontype</fieldlabel><fieldentry>Multiple Choice</fieldentry></qti_metadatafield><qti_metadatafield><fieldlabel>qmd_weighting</fieldlabel><fieldentry>0.200000000</fieldentry></qti_metadatafield><qti_metadatafield><fieldlabel>qmd_globalid</fieldlabel><fieldentry>21f104b8-5aa7-4e9a-bcb3-1fe0fe990742</fieldentry></qti_metadatafield><qti_metadatafield><fieldlabel>qmd_displayid</fieldlabel><fieldentry>XLIST_SALAMAT_GAME3121_202201-65</fieldentry></qti_metadatafield></qtimetadata></itemmetadata><itemproc_extension><d2l_2p0:difficulty>1</d2l_2p0:difficulty><d2l_2p0:isbonus>no</d2l_2p0:isbonus><d2l_2p0:ismandatory>no</d2l_2p0:ismandatory></itemproc_extension><presentation><flow><material><mattext texttype="text/html">&lt;p&gt;What is true about the Asset Conditioning Pipeline (ACP)?&lt;/p&gt;</mattext></material><response_extension><d2l_2p0:display_style>2</d2l_2p0:display_style><d2l_2p0:enumeration>6</d2l_2p0:enumeration><d2l_2p0:grading_type>0</d2l_2p0:grading_type></response_extension><response_lid ident="QUES_6441393_6450779_LID" rcardinality="Single"><render_choice shuffle="no"><flow_label class="Block"><response_label ident="QUES_6441393_6450779_A23696554"><flow_mat><material><mattext texttype="text/html">&lt;div class="vtbegenerated inlineVtbegenerated"&gt;&lt;p&gt;The resource data is typically created using advanced digital content creation (DCC) tools like Maya, ZBrush, Photoshop or Houdini. However, the data formats used by these tools are usually not suitable for direct consumption by a game engine. So the majority of resource data is passed through an asset conditioning pipeline (ACP) on its way to the game engine.&lt;/p&gt;&lt;/div&gt;
</mattext></material></flow_mat></response_label></flow_label><flow_label class="Block"><response_label ident="QUES_6441393_6450779_A23696555"><flow_mat><material><mattext texttype="text/html">&lt;div class="vtbegenerated inlineVtbegenerated"&gt;&lt;p&gt;The ACP is sometimes referred to as the resource conditioning pipeline(RCP), or simply the tool chain.&lt;/p&gt;&lt;/div&gt;
</mattext></material></flow_mat></response_label></flow_label><flow_label class="Block"><response_label ident="QUES_6441393_6450779_A23696556"><flow_mat><material><mattext texttype="text/html">&lt;div class="vtbegenerated inlineVtbegenerated"&gt;&lt;p&gt;Every resource pipeline starts with a collection of source assets in nativeDCC formats (e.g., Maya .ma or .mb files, Photoshop .psd files, etc.).&lt;/p&gt;&lt;/div&gt;
</mattext></material></flow_mat></response_label></flow_label><flow_label class="Block"><response_label ident="QUES_6441393_6450779_A23696557"><flow_mat><material><mattext texttype="text/html">&lt;div class="vtbegenerated inlineVtbegenerated"&gt;&lt;p&gt;All of the above&lt;/p&gt;&lt;/div&gt;
</mattext></material></flow_mat></response_label></flow_label></render_choice></response_lid></flow></presentation><resprocessing><respcondition title="Response Condition 1"><conditionvar><varequal respident="QUES_6441393_6450779_LID">QUES_6441393_6450779_A23696554</varequal></conditionvar><setvar action="Set">0.000000000</setvar><displayfeedback feedbacktype="Response" linkrefid="QUES_6441393_6450779_IF23696554" /></respcondition><respcondition title="Response Condition 2"><conditionvar><varequal respident="QUES_6441393_6450779_LID">QUES_6441393_6450779_A23696555</varequal></conditionvar><setvar action="Set">0.000000000</setvar><displayfeedback feedbacktype="Response" linkrefid="QUES_6441393_6450779_IF23696555" /></respcondition><respcondition title="Response Condition 3"><conditionvar><varequal respident="QUES_6441393_6450779_LID">QUES_6441393_6450779_A23696556</varequal></conditionvar><setvar action="Set">0.000000000</setvar><displayfeedback feedbacktype="Response" linkrefid="QUES_6441393_6450779_IF23696556" /></respcondition><respcondition title="Response Condition 4"><conditionvar><varequal respident="QUES_6441393_6450779_LID">QUES_6441393_6450779_A23696557</varequal></conditionvar><setvar action="Set">100.000000000</setvar><displayfeedback feedbacktype="Response" linkrefid="QUES_6441393_6450779_IF23696557" /></respcondition></resprocessing><itemfeedback ident="QUES_6441393_6450779_IF23696554"><material><mattext texttype="text/plain" /></material></itemfeedback><itemfeedback ident="QUES_6441393_6450779_IF23696555"><material><mattext texttype="text/plain" /></material></itemfeedback><itemfeedback ident="QUES_6441393_6450779_IF23696556"><material><mattext texttype="text/plain" /></material></itemfeedback><itemfeedback ident="QUES_6441393_6450779_IF23696557"><material><mattext texttype="text/plain" /></material></itemfeedback></item><item ident="OBJ_7506434" label="QUES_6441394_6450780" d2l_2p0:page="1"><itemmetadata><qtimetadata><qti_metadatafield><fieldlabel>qmd_computerscored</fieldlabel><fieldentry>yes</fieldentry></qti_metadatafield><qti_metadatafield><fieldlabel>qmd_questiontype</fieldlabel><fieldentry>Multiple Choice</fieldentry></qti_metadatafield><qti_metadatafield><fieldlabel>qmd_weighting</fieldlabel><fieldentry>0.200000000</fieldentry></qti_metadatafield><qti_metadatafield><fieldlabel>qmd_globalid</fieldlabel><fieldentry>d0b133c8-8b6b-4695-ad29-99620f435b2b</fieldentry></qti_metadatafield><qti_metadatafield><fieldlabel>qmd_displayid</fieldlabel><fieldentry>XLIST_SALAMAT_GAME3121_202201-68</fieldentry></qti_metadatafield></qtimetadata></itemmetadata><itemproc_extension><d2l_2p0:difficulty>1</d2l_2p0:difficulty><d2l_2p0:isbonus>no</d2l_2p0:isbonus><d2l_2p0:ismandatory>no</d2l_2p0:ismandatory></itemproc_extension><presentation><flow><material><mattext texttype="text/html">&lt;p&gt;Which of the following is &amp;quot;not&amp;quot; true about Asset Bundles in Unity?&lt;/p&gt;</mattext></material><response_extension><d2l_2p0:display_style>2</d2l_2p0:display_style><d2l_2p0:enumeration>6</d2l_2p0:enumeration><d2l_2p0:grading_type>0</d2l_2p0:grading_type></response_extension><response_lid ident="QUES_6441394_6450780_LID" rcardinality="Single"><render_choice shuffle="no"><flow_label class="Block"><response_label ident="QUES_6441394_6450780_A23696558"><flow_mat><material><mattext texttype="text/html">&lt;div class="vtbegenerated inlineVtbegenerated"&gt;&lt;div&gt;
 An AssetBundle is an archive file that contains platform-specific non-code Assets (such as Models, Textures, Prefabs, Audio clips, and even entire Scenes) that Unity can load at run time.
&lt;/div&gt;&lt;/div&gt;
</mattext></material></flow_mat></response_label></flow_label><flow_label class="Block"><response_label ident="QUES_6441394_6450780_A23696559"><flow_mat><material><mattext texttype="text/html">&lt;div class="vtbegenerated inlineVtbegenerated"&gt;&lt;p&gt;AssetBundles can express dependencies between each other; for example, a Material in one AssetBundle can reference a Texture in another AssetBundle.&lt;/p&gt;&lt;/div&gt;
</mattext></material></flow_mat></response_label></flow_label><flow_label class="Block"><response_label ident="QUES_6441394_6450780_A23696560"><flow_mat><material><mattext texttype="text/html">&lt;div class="vtbegenerated inlineVtbegenerated"&gt;&lt;div&gt;
 AssetBundles can be useful for downloadable content (DLC), reducing initial install size, loading assets optimized for the end-user&amp;#39;s platform, and reduce runtime memory pressure.
&lt;/div&gt;&lt;/div&gt;
</mattext></material></flow_mat></response_label></flow_label><flow_label class="Block"><response_label ident="QUES_6441394_6450780_A23696561"><flow_mat><material><mattext texttype="text/html">&lt;div class="vtbegenerated inlineVtbegenerated"&gt;&lt;p&gt;You can not compress AssetBundles&lt;/p&gt;&lt;/div&gt;
</mattext></material></flow_mat></response_label></flow_label></render_choice></response_lid></flow></presentation><resprocessing><respcondition title="Response Condition 1"><conditionvar><varequal respident="QUES_6441394_6450780_LID">QUES_6441394_6450780_A23696558</varequal></conditionvar><setvar action="Set">0.000000000</setvar><displayfeedback feedbacktype="Response" linkrefid="QUES_6441394_6450780_IF23696558" /></respcondition><respcondition title="Response Condition 2"><conditionvar><varequal respident="QUES_6441394_6450780_LID">QUES_6441394_6450780_A23696559</varequal></conditionvar><setvar action="Set">0.000000000</setvar><displayfeedback feedbacktype="Response" linkrefid="QUES_6441394_6450780_IF23696559" /></respcondition><respcondition title="Response Condition 3"><conditionvar><varequal respident="QUES_6441394_6450780_LID">QUES_6441394_6450780_A23696560</varequal></conditionvar><setvar action="Set">0.000000000</setvar><displayfeedback feedbacktype="Response" linkrefid="QUES_6441394_6450780_IF23696560" /></respcondition><respcondition title="Response Condition 4"><conditionvar><varequal respident="QUES_6441394_6450780_LID">QUES_6441394_6450780_A23696561</varequal></conditionvar><setvar action="Set">100.000000000</setvar><displayfeedback feedbacktype="Response" linkrefid="QUES_6441394_6450780_IF23696561" /></respcondition></resprocessing><itemfeedback ident="QUES_6441394_6450780_IF23696558"><material><mattext texttype="text/plain" /></material></itemfeedback><itemfeedback ident="QUES_6441394_6450780_IF23696559"><material><mattext texttype="text/plain" /></material></itemfeedback><itemfeedback ident="QUES_6441394_6450780_IF23696560"><material><mattext texttype="text/plain" /></material></itemfeedback><itemfeedback ident="QUES_6441394_6450780_IF23696561"><material><mattext texttype="text/plain" /></material></itemfeedback></item><item ident="OBJ_7506435" label="QUES_6441395_6450781" d2l_2p0:page="1"><itemmetadata><qtimetadata><qti_metadatafield><fieldlabel>qmd_computerscored</fieldlabel><fieldentry>yes</fieldentry></qti_metadatafield><qti_metadatafield><fieldlabel>qmd_questiontype</fieldlabel><fieldentry>Multiple Choice</fieldentry></qti_metadatafield><qti_metadatafield><fieldlabel>qmd_weighting</fieldlabel><fieldentry>0.200000000</fieldentry></qti_metadatafield><qti_metadatafield><fieldlabel>qmd_globalid</fieldlabel><fieldentry>94c99374-b68e-4774-9cc1-951f27e99b7a</fieldentry></qti_metadatafield><qti_metadatafield><fieldlabel>qmd_displayid</fieldlabel><fieldentry>XLIST_SALAMAT_GAME3121_202201-77</fieldentry></qti_metadatafield></qtimetadata></itemmetadata><itemproc_extension><d2l_2p0:difficulty>1</d2l_2p0:difficulty><d2l_2p0:isbonus>no</d2l_2p0:isbonus><d2l_2p0:ismandatory>no</d2l_2p0:ismandatory></itemproc_extension><presentation><flow><material><mattext texttype="text/html">&lt;p&gt;There are many things a programmer may need to do when dealing with paths, such as isolating the directory, filename and extension, canonicalizing a path, converting back and forth between absolute and relative paths and so on. Which header file would you use in Microsoft&amp;#160;API for this purpose?&lt;/p&gt;</mattext></material><response_extension><d2l_2p0:display_style>2</d2l_2p0:display_style><d2l_2p0:enumeration>6</d2l_2p0:enumeration><d2l_2p0:grading_type>0</d2l_2p0:grading_type></response_extension><response_lid ident="QUES_6441395_6450781_LID" rcardinality="Single"><render_choice shuffle="no"><flow_label class="Block"><response_label ident="QUES_6441395_6450781_A23696562"><flow_mat><material><mattext texttype="text/html">&lt;div class="vtbegenerated inlineVtbegenerated"&gt;&lt;p&gt;shlwapi.h&lt;/p&gt;&lt;/div&gt;
</mattext></material></flow_mat></response_label></flow_label><flow_label class="Block"><response_label ident="QUES_6441395_6450781_A23696563"><flow_mat><material><mattext texttype="text/html">&lt;div class="vtbegenerated inlineVtbegenerated"&gt;&lt;p&gt;path.h&lt;/p&gt;&lt;/div&gt;
</mattext></material></flow_mat></response_label></flow_label><flow_label class="Block"><response_label ident="QUES_6441395_6450781_A23696564"><flow_mat><material><mattext texttype="text/html">&lt;div class="vtbegenerated inlineVtbegenerated"&gt;&lt;p&gt;searchpath.h&lt;/p&gt;&lt;/div&gt;
</mattext></material></flow_mat></response_label></flow_label><flow_label class="Block"><response_label ident="QUES_6441395_6450781_A23696565"><flow_mat><material><mattext texttype="text/html">&lt;div class="vtbegenerated inlineVtbegenerated"&gt;&lt;p&gt;relativepath.h&lt;/p&gt;&lt;/div&gt;
</mattext></material></flow_mat></response_label></flow_label></render_choice></response_lid></flow></presentation><resprocessing><respcondition title="Response Condition 1"><conditionvar><varequal respident="QUES_6441395_6450781_LID">QUES_6441395_6450781_A23696562</varequal></conditionvar><setvar action="Set">100.000000000</setvar><displayfeedback feedbacktype="Response" linkrefid="QUES_6441395_6450781_IF23696562" /></respcondition><respcondition title="Response Condition 2"><conditionvar><varequal respident="QUES_6441395_6450781_LID">QUES_6441395_6450781_A23696563</varequal></conditionvar><setvar action="Set">0.000000000</setvar><displayfeedback feedbacktype="Response" linkrefid="QUES_6441395_6450781_IF23696563" /></respcondition><respcondition title="Response Condition 3"><conditionvar><varequal respident="QUES_6441395_6450781_LID">QUES_6441395_6450781_A23696564</varequal></conditionvar><setvar action="Set">0.000000000</setvar><displayfeedback feedbacktype="Response" linkrefid="QUES_6441395_6450781_IF23696564" /></respcondition><respcondition title="Response Condition 4"><conditionvar><varequal respident="QUES_6441395_6450781_LID">QUES_6441395_6450781_A23696565</varequal></conditionvar><setvar action="Set">0.000000000</setvar><displayfeedback feedbacktype="Response" linkrefid="QUES_6441395_6450781_IF23696565" /></respcondition></resprocessing><itemfeedback ident="QUES_6441395_6450781_IF23696562"><material><mattext texttype="text/plain" /></material></itemfeedback><itemfeedback ident="QUES_6441395_6450781_IF23696563"><material><mattext texttype="text/plain" /></material></itemfeedback><itemfeedback ident="QUES_6441395_6450781_IF23696564"><material><mattext texttype="text/plain" /></material></itemfeedback><itemfeedback ident="QUES_6441395_6450781_IF23696565"><material><mattext texttype="text/plain" /></material></itemfeedback></item></section></assessment></questestinterop>