﻿<?xml version="1.0" encoding="UTF-8"?><questestinterop xmlns:d2l_2p0="http://desire2learn.com/xsd/d2lcp_v2p0"><assessment d2l_2p0:id="31" title="Lab Test9" ident="res_quiz_247306" d2l_2p0:resource_code="FCF4E421-A020-454B-979C-FE41E4E97EDB-2245097"><rubric><flow_mat><material><mattext d2l_2p0:isdisplayed="yes" texttype="text/html">&lt;div style="padding-left: 10px;padding-right: 10px"&gt;&lt;/div&gt;</mattext></material></flow_mat></rubric><assessmentcontrol hintswitch="no" solutionswitch="yes" feedbackswitch="no" /><presentation_material><flow_mat><material label="page header"><mattext d2l_2p0:isdisplayed="no" texttype="text/html" /></material><material label="page footer"><mattext d2l_2p0:isdisplayed="no" texttype="text/html" /></material></flow_mat></presentation_material><assess_procextension><d2l_2p0:intro_message d2l_2p0:isdisplayed="no" texttype="text/html" /><d2l_2p0:disable_right_click>no</d2l_2p0:disable_right_click><d2l_2p0:disable_pager_access>no</d2l_2p0:disable_pager_access><is_active>no</is_active><d2l_2p0:date_start><d2l_2p0:timestamp><d2l_2p0:month>12</d2l_2p0:month><d2l_2p0:day>5</d2l_2p0:day><d2l_2p0:year>2022</d2l_2p0:year><d2l_2p0:hour>17</d2l_2p0:hour><d2l_2p0:minutes>0</d2l_2p0:minutes><d2l_2p0:seconds>0</d2l_2p0:seconds></d2l_2p0:timestamp></d2l_2p0:date_start><d2l_2p0:date_end><d2l_2p0:timestamp><d2l_2p0:month>12</d2l_2p0:month><d2l_2p0:day>7</d2l_2p0:day><d2l_2p0:year>2022</d2l_2p0:year><d2l_2p0:hour>20</d2l_2p0:hour><d2l_2p0:minutes>0</d2l_2p0:minutes><d2l_2p0:seconds>0</d2l_2p0:seconds></d2l_2p0:timestamp></d2l_2p0:date_end><d2l_2p0:date_due /><d2l_2p0:has_schedule_event>yes</d2l_2p0:has_schedule_event><d2l_2p0:is_attempt_Rldb>no</d2l_2p0:is_attempt_Rldb><d2l_2p0:is_subview_Rldb>no</d2l_2p0:is_subview_Rldb><d2l_2p0:time_limit>120</d2l_2p0:time_limit><d2l_2p0:show_clock>no</d2l_2p0:show_clock><d2l_2p0:enforce_time_limit>no</d2l_2p0:enforce_time_limit><d2l_2p0:quiz_start_type>no</d2l_2p0:quiz_start_type><d2l_2p0:grace_period>1</d2l_2p0:grace_period><d2l_2p0:late_limit>0</d2l_2p0:late_limit><d2l_2p0:attempts_allowed>1</d2l_2p0:attempts_allowed><d2l_2p0:attempt_restrictions /><d2l_2p0:mark_calculation_type>1</d2l_2p0:mark_calculation_type><d2l_2p0:is_forward_only>no</d2l_2p0:is_forward_only></assess_procextension><assessfeedback title=""><rubric><flow_mat><material><mattext texttype="yes">Your quiz has been submitted successfully.</mattext></material></flow_mat></rubric><d2l_2p0:duration>0</d2l_2p0:duration><d2l_2p0:response_display_type_id>1</d2l_2p0:response_display_type_id><d2l_2p0:show_correct_answers>no</d2l_2p0:show_correct_answers><d2l_2p0:submission_restrictip>no</d2l_2p0:submission_restrictip><d2l_2p0:show_class_average>no</d2l_2p0:show_class_average><d2l_2p0:show_score_distribution>no</d2l_2p0:show_score_distribution></assessfeedback><section ident="CONTAINER_SECTION"><item ident="OBJ_7506538" label="QUES_6441498_6450884" d2l_2p0:page="1"><itemmetadata><qtimetadata><qti_metadatafield><fieldlabel>qmd_computerscored</fieldlabel><fieldentry>yes</fieldentry></qti_metadatafield><qti_metadatafield><fieldlabel>qmd_questiontype</fieldlabel><fieldentry>Multiple Choice</fieldentry></qti_metadatafield><qti_metadatafield><fieldlabel>qmd_weighting</fieldlabel><fieldentry>0.200000000</fieldentry></qti_metadatafield><qti_metadatafield><fieldlabel>qmd_globalid</fieldlabel><fieldentry>4af63bd8-10be-4aca-8513-60928168d950</fieldentry></qti_metadatafield><qti_metadatafield><fieldlabel>qmd_displayid</fieldlabel><fieldentry>XLIST_SALAMAT_GAME3121_202201-145</fieldentry></qti_metadatafield></qtimetadata></itemmetadata><itemproc_extension><d2l_2p0:difficulty>1</d2l_2p0:difficulty><d2l_2p0:isbonus>no</d2l_2p0:isbonus><d2l_2p0:ismandatory>no</d2l_2p0:ismandatory></itemproc_extension><presentation><flow><material><mattext texttype="text/html">&lt;p&gt;What HID output type is usually produced by one or two motors with an unbalanced weight at various speed?&lt;/p&gt;</mattext></material><response_extension><d2l_2p0:display_style>2</d2l_2p0:display_style><d2l_2p0:enumeration>6</d2l_2p0:enumeration><d2l_2p0:grading_type>0</d2l_2p0:grading_type></response_extension><response_lid ident="QUES_6441498_6450884_LID" rcardinality="Single"><render_choice shuffle="no"><flow_label class="Block"><response_label ident="QUES_6441498_6450884_A23696974"><flow_mat><material><mattext texttype="text/html">&lt;div class="vtbegenerated inlineVtbegenerated"&gt;&lt;p&gt;IR camera&lt;/p&gt;&lt;/div&gt;
</mattext></material></flow_mat></response_label></flow_label><flow_label class="Block"><response_label ident="QUES_6441498_6450884_A23696975"><flow_mat><material><mattext texttype="text/html">&lt;div class="vtbegenerated inlineVtbegenerated"&gt;&lt;p&gt;Force Feeback&lt;/p&gt;&lt;/div&gt;
</mattext></material></flow_mat></response_label></flow_label><flow_label class="Block"><response_label ident="QUES_6441498_6450884_A23696976"><flow_mat><material><mattext texttype="text/html">&lt;div class="vtbegenerated inlineVtbegenerated"&gt;&lt;p&gt;Rumble&lt;/p&gt;&lt;/div&gt;
</mattext></material></flow_mat></response_label></flow_label><flow_label class="Block"><response_label ident="QUES_6441498_6450884_A23696977"><flow_mat><material><mattext texttype="text/html">&lt;div class="vtbegenerated inlineVtbegenerated"&gt;&lt;p&gt;Audio&lt;/p&gt;&lt;/div&gt;
</mattext></material></flow_mat></response_label></flow_label></render_choice></response_lid></flow></presentation><resprocessing><respcondition title="Response Condition 1"><conditionvar><varequal respident="QUES_6441498_6450884_LID">QUES_6441498_6450884_A23696974</varequal></conditionvar><setvar action="Set">0.000000000</setvar><displayfeedback feedbacktype="Response" linkrefid="QUES_6441498_6450884_IF23696974" /></respcondition><respcondition title="Response Condition 2"><conditionvar><varequal respident="QUES_6441498_6450884_LID">QUES_6441498_6450884_A23696975</varequal></conditionvar><setvar action="Set">0.000000000</setvar><displayfeedback feedbacktype="Response" linkrefid="QUES_6441498_6450884_IF23696975" /></respcondition><respcondition title="Response Condition 3"><conditionvar><varequal respident="QUES_6441498_6450884_LID">QUES_6441498_6450884_A23696976</varequal></conditionvar><setvar action="Set">100.000000000</setvar><displayfeedback feedbacktype="Response" linkrefid="QUES_6441498_6450884_IF23696976" /></respcondition><respcondition title="Response Condition 4"><conditionvar><varequal respident="QUES_6441498_6450884_LID">QUES_6441498_6450884_A23696977</varequal></conditionvar><setvar action="Set">0.000000000</setvar><displayfeedback feedbacktype="Response" linkrefid="QUES_6441498_6450884_IF23696977" /></respcondition></resprocessing><itemfeedback ident="QUES_6441498_6450884_IF23696974"><material><mattext texttype="text/plain" /></material></itemfeedback><itemfeedback ident="QUES_6441498_6450884_IF23696975"><material><mattext texttype="text/plain" /></material></itemfeedback><itemfeedback ident="QUES_6441498_6450884_IF23696976"><material><mattext texttype="text/plain" /></material></itemfeedback><itemfeedback ident="QUES_6441498_6450884_IF23696977"><material><mattext texttype="text/plain" /></material></itemfeedback></item><item ident="OBJ_7506539" label="QUES_6441499_6450885" d2l_2p0:page="1"><itemmetadata><qtimetadata><qti_metadatafield><fieldlabel>qmd_computerscored</fieldlabel><fieldentry>yes</fieldentry></qti_metadatafield><qti_metadatafield><fieldlabel>qmd_questiontype</fieldlabel><fieldentry>Multiple Choice</fieldentry></qti_metadatafield><qti_metadatafield><fieldlabel>qmd_weighting</fieldlabel><fieldentry>0.200000000</fieldentry></qti_metadatafield><qti_metadatafield><fieldlabel>qmd_globalid</fieldlabel><fieldentry>ef554348-ad63-4826-a511-f72d6f001070</fieldentry></qti_metadatafield><qti_metadatafield><fieldlabel>qmd_displayid</fieldlabel><fieldentry>XLIST_SALAMAT_GAME3121_202201-147</fieldentry></qti_metadatafield></qtimetadata></itemmetadata><itemproc_extension><d2l_2p0:difficulty>1</d2l_2p0:difficulty><d2l_2p0:isbonus>no</d2l_2p0:isbonus><d2l_2p0:ismandatory>no</d2l_2p0:ismandatory></itemproc_extension><presentation><flow><material><mattext texttype="text/html">&lt;div&gt;  Some HIDs like mouse only send data to the game engine when the state of the controller changes in some way. How does a mouse &amp;quot;usually&amp;quot; communicate with the host computer? &lt;/div&gt;</mattext></material><response_extension><d2l_2p0:display_style>2</d2l_2p0:display_style><d2l_2p0:enumeration>6</d2l_2p0:enumeration><d2l_2p0:grading_type>0</d2l_2p0:grading_type></response_extension><response_lid ident="QUES_6441499_6450885_LID" rcardinality="Single"><render_choice shuffle="no"><flow_label class="Block"><response_label ident="QUES_6441499_6450885_A23696978"><flow_mat><material><mattext texttype="text/html">&lt;div class="vtbegenerated inlineVtbegenerated"&gt;&lt;p&gt;Polling&lt;/p&gt;&lt;/div&gt;
</mattext></material></flow_mat></response_label></flow_label><flow_label class="Block"><response_label ident="QUES_6441499_6450885_A23696979"><flow_mat><material><mattext texttype="text/html">&lt;div class="vtbegenerated inlineVtbegenerated"&gt;&lt;p&gt;Hardware Interrupts&lt;/p&gt;&lt;/div&gt;
</mattext></material></flow_mat></response_label></flow_label><flow_label class="Block"><response_label ident="QUES_6441499_6450885_A23696980"><flow_mat><material><mattext texttype="text/html">&lt;div class="vtbegenerated inlineVtbegenerated"&gt;&lt;p&gt;By a thread separate from the game engine&amp;#39;s main loop&lt;/p&gt;&lt;/div&gt;
</mattext></material></flow_mat></response_label></flow_label><flow_label class="Block"><response_label ident="QUES_6441499_6450885_A23696981"><flow_mat><material><mattext texttype="text/html">&lt;div class="vtbegenerated inlineVtbegenerated"&gt;&lt;p&gt;All of the above&lt;/p&gt;&lt;/div&gt;
</mattext></material></flow_mat></response_label></flow_label></render_choice></response_lid></flow></presentation><resprocessing><respcondition title="Response Condition 1"><conditionvar><varequal respident="QUES_6441499_6450885_LID">QUES_6441499_6450885_A23696978</varequal></conditionvar><setvar action="Set">0.000000000</setvar><displayfeedback feedbacktype="Response" linkrefid="QUES_6441499_6450885_IF23696978" /></respcondition><respcondition title="Response Condition 2"><conditionvar><varequal respident="QUES_6441499_6450885_LID">QUES_6441499_6450885_A23696979</varequal></conditionvar><setvar action="Set">100.000000000</setvar><displayfeedback feedbacktype="Response" linkrefid="QUES_6441499_6450885_IF23696979" /></respcondition><respcondition title="Response Condition 3"><conditionvar><varequal respident="QUES_6441499_6450885_LID">QUES_6441499_6450885_A23696980</varequal></conditionvar><setvar action="Set">0.000000000</setvar><displayfeedback feedbacktype="Response" linkrefid="QUES_6441499_6450885_IF23696980" /></respcondition><respcondition title="Response Condition 4"><conditionvar><varequal respident="QUES_6441499_6450885_LID">QUES_6441499_6450885_A23696981</varequal></conditionvar><setvar action="Set">0.000000000</setvar><displayfeedback feedbacktype="Response" linkrefid="QUES_6441499_6450885_IF23696981" /></respcondition></resprocessing><itemfeedback ident="QUES_6441499_6450885_IF23696978"><material><mattext texttype="text/plain" /></material></itemfeedback><itemfeedback ident="QUES_6441499_6450885_IF23696979"><material><mattext texttype="text/plain" /></material></itemfeedback><itemfeedback ident="QUES_6441499_6450885_IF23696980"><material><mattext texttype="text/plain" /></material></itemfeedback><itemfeedback ident="QUES_6441499_6450885_IF23696981"><material><mattext texttype="text/plain" /></material></itemfeedback></item><item ident="OBJ_7506540" label="QUES_6441500_6450886" d2l_2p0:page="1"><itemmetadata><qtimetadata><qti_metadatafield><fieldlabel>qmd_computerscored</fieldlabel><fieldentry>yes</fieldentry></qti_metadatafield><qti_metadatafield><fieldlabel>qmd_questiontype</fieldlabel><fieldentry>Multiple Choice</fieldentry></qti_metadatafield><qti_metadatafield><fieldlabel>qmd_weighting</fieldlabel><fieldentry>0.400000000</fieldentry></qti_metadatafield><qti_metadatafield><fieldlabel>qmd_globalid</fieldlabel><fieldentry>02be37e4-5ce6-47fc-b08e-16594417c802</fieldentry></qti_metadatafield><qti_metadatafield><fieldlabel>qmd_displayid</fieldlabel><fieldentry>XLIST_SALAMAT_GAME3121_202201-148</fieldentry></qti_metadatafield></qtimetadata></itemmetadata><itemproc_extension><d2l_2p0:difficulty>1</d2l_2p0:difficulty><d2l_2p0:isbonus>no</d2l_2p0:isbonus><d2l_2p0:ismandatory>no</d2l_2p0:ismandatory></itemproc_extension><presentation><flow><material><mattext texttype="text/html">&lt;p&gt;Let&amp;#39;s assume&amp;#160; that our buttons&amp;#39; input bits are 0 when not pressed and 1 when pressed. Given a 32-bit word buttonStates containing the current state bits of up to 32 buttons, we want to generate two new 32-bit words: one for button-down events, which we&amp;#39;ll call buttonDowns, and one for button-up events, which we&amp;#39;ll call buttonUps. In both cases, the bit corresponding to each button will be 0 if the event has not occurred this frame and 1 if it has. Which of the following code snippet is the correct implementation to detect button ups and downs?&lt;/p&gt;</mattext></material><response_extension><d2l_2p0:display_style>2</d2l_2p0:display_style><d2l_2p0:enumeration>6</d2l_2p0:enumeration><d2l_2p0:grading_type>0</d2l_2p0:grading_type></response_extension><response_lid ident="QUES_6441500_6450886_LID" rcardinality="Single"><render_choice shuffle="no"><flow_label class="Block"><response_label ident="QUES_6441500_6450886_A23696982"><flow_mat><material><mattext texttype="text/html">&lt;div class="vtbegenerated inlineVtbegenerated"&gt;&lt;div&gt;  class ButtonState &lt;/div&gt;  &lt;div&gt;  { &lt;/div&gt;  &lt;div&gt;  &lt;span style="white-space: pre;"&gt; &lt;/span&gt;U32 m_buttonStates; // current frame&amp;#39;s button states &lt;/div&gt;  &lt;div&gt;  &lt;span style="white-space: pre;"&gt; &lt;/span&gt;U32 m_prevButtonStates; // previous frame&amp;#39;s states &lt;/div&gt;  &lt;div&gt;  &lt;span style="white-space: pre;"&gt; &lt;/span&gt;U32 m_buttonDowns; // 1 = button pressed this frame &lt;/div&gt;  &lt;div&gt;  &lt;span style="white-space: pre;"&gt; &lt;/span&gt;U32 m_buttonUps; // 1 = button released this frame &lt;/div&gt;  &lt;div&gt;  &lt;span style="white-space: pre;"&gt; &lt;/span&gt;void DetectButtonUpDownEvents() &lt;/div&gt;  &lt;div&gt;  &lt;span style="white-space: pre;"&gt; &lt;/span&gt;{ &lt;/div&gt;  &lt;div&gt;&lt;/div&gt;  &lt;div&gt;  &lt;span style="white-space: pre;"&gt; &lt;/span&gt;U32 buttonChanges = m_buttonStates ^ m_prevButtonStates; //XOR &lt;/div&gt;  &lt;div&gt;  &lt;span style="white-space: pre;"&gt; &lt;/span&gt;m_buttonDowns = buttonChanges &amp;amp; m_buttonStates; &lt;/div&gt;  &lt;div&gt;  &lt;span style="white-space: pre;"&gt; &lt;/span&gt;m_buttonUps = buttonChanges &amp;amp; (~m_buttonStates); &lt;/div&gt;  &lt;div&gt;  &lt;span style="white-space: pre;"&gt; &lt;/span&gt;} &lt;/div&gt;  &lt;div&gt;  }; &lt;/div&gt;&lt;/div&gt;
</mattext></material></flow_mat></response_label></flow_label><flow_label class="Block"><response_label ident="QUES_6441500_6450886_A23696983"><flow_mat><material><mattext texttype="text/html">&lt;div class="vtbegenerated inlineVtbegenerated"&gt;&lt;div&gt;  class ButtonState &lt;/div&gt;  &lt;div&gt;  { &lt;/div&gt;  &lt;div&gt;  &lt;span style="white-space: pre;"&gt; &lt;/span&gt;U32 m_buttonStates; // current frame&amp;#39;s button states &lt;/div&gt;  &lt;div&gt;  &lt;span style="white-space: pre;"&gt; &lt;/span&gt;U32 m_prevButtonStates; // previous frame&amp;#39;s states &lt;/div&gt;  &lt;div&gt;  &lt;span style="white-space: pre;"&gt; &lt;/span&gt;U32 m_buttonDowns; // 1 = button pressed this frame &lt;/div&gt;  &lt;div&gt;  &lt;span style="white-space: pre;"&gt; &lt;/span&gt;U32 m_buttonUps; // 1 = button released this frame &lt;/div&gt;  &lt;div&gt;  &lt;span style="white-space: pre;"&gt; &lt;/span&gt;void DetectButtonUpDownEvents() &lt;/div&gt;  &lt;div&gt;  &lt;span style="white-space: pre;"&gt; &lt;/span&gt;{ &lt;/div&gt;  &lt;div&gt;&lt;/div&gt;  &lt;div&gt;  &lt;span style="white-space: pre;"&gt; &lt;/span&gt;U32 buttonChanges = m_buttonStates &amp;amp; m_prevButtonStates; &lt;/div&gt;  &lt;div&gt;  &lt;span style="white-space: pre;"&gt; &lt;/span&gt;m_buttonDowns = buttonChanges &amp;amp; m_buttonStates; &lt;/div&gt;  &lt;div&gt;  &lt;span style="white-space: pre;"&gt; &lt;/span&gt;m_buttonUps = buttonChanges &amp;amp; (~m_buttonStates); &lt;/div&gt;  &lt;div&gt;  &lt;span style="white-space: pre;"&gt; &lt;/span&gt;} &lt;/div&gt;  &lt;div&gt;  }; &lt;/div&gt;&lt;/div&gt;
</mattext></material></flow_mat></response_label></flow_label><flow_label class="Block"><response_label ident="QUES_6441500_6450886_A23696984"><flow_mat><material><mattext texttype="text/html">&lt;div class="vtbegenerated inlineVtbegenerated"&gt;&lt;div&gt;  class ButtonState &lt;/div&gt;  &lt;div&gt;  { &lt;/div&gt;  &lt;div&gt;  &lt;span style="white-space: pre;"&gt; &lt;/span&gt;U32 m_buttonStates; // current frame&amp;#39;s button states &lt;/div&gt;  &lt;div&gt;  &lt;span style="white-space: pre;"&gt; &lt;/span&gt;U32 m_prevButtonStates; // previous frame&amp;#39;s states &lt;/div&gt;  &lt;div&gt;  &lt;span style="white-space: pre;"&gt; &lt;/span&gt;U32 m_buttonDowns; // 1 = button pressed this frame &lt;/div&gt;  &lt;div&gt;  &lt;span style="white-space: pre;"&gt; &lt;/span&gt;U32 m_buttonUps; // 1 = button released this frame &lt;/div&gt;  &lt;div&gt;  &lt;span style="white-space: pre;"&gt; &lt;/span&gt;void DetectButtonUpDownEvents() &lt;/div&gt;  &lt;div&gt;  &lt;span style="white-space: pre;"&gt; &lt;/span&gt;{ &lt;/div&gt;  &lt;div&gt;&lt;/div&gt;  &lt;div&gt;  &lt;span style="white-space: pre;"&gt; &lt;/span&gt;U32 buttonChanges = m_buttonStates ^ m_prevButtonStates; //XOR &lt;/div&gt;  &lt;div&gt;  &lt;span style="white-space: pre;"&gt; &lt;/span&gt;m_buttonUps = buttonChanges &amp;amp; m_buttonStates; &lt;/div&gt;  &lt;div&gt;  &lt;span style="white-space: pre;"&gt; &lt;/span&gt;m_buttonDowns = buttonChanges &amp;amp; (~m_buttonStates); &lt;/div&gt;  &lt;div&gt;  &lt;span style="white-space: pre;"&gt; &lt;/span&gt;} &lt;/div&gt;  &lt;div&gt;  }; &lt;/div&gt;&lt;/div&gt;
</mattext></material></flow_mat></response_label></flow_label><flow_label class="Block"><response_label ident="QUES_6441500_6450886_A23696985"><flow_mat><material><mattext texttype="text/html">&lt;div class="vtbegenerated inlineVtbegenerated"&gt;&lt;div&gt;  class ButtonState &lt;/div&gt;  &lt;div&gt;  { &lt;/div&gt;  &lt;div&gt;  &lt;span style="white-space: pre;"&gt; &lt;/span&gt;U32 m_buttonStates; // current frame&amp;#39;s button states &lt;/div&gt;  &lt;div&gt;  &lt;span style="white-space: pre;"&gt; &lt;/span&gt;U32 m_prevButtonStates; // previous frame&amp;#39;s states &lt;/div&gt;  &lt;div&gt;  &lt;span style="white-space: pre;"&gt; &lt;/span&gt;U32 m_buttonDowns; // 1 = button pressed this frame &lt;/div&gt;  &lt;div&gt;  &lt;span style="white-space: pre;"&gt; &lt;/span&gt;U32 m_buttonUps; // 1 = button released this frame &lt;/div&gt;  &lt;div&gt;  &lt;span style="white-space: pre;"&gt; &lt;/span&gt;void DetectButtonUpDownEvents() &lt;/div&gt;  &lt;div&gt;  &lt;span style="white-space: pre;"&gt; &lt;/span&gt;{ &lt;/div&gt;  &lt;div&gt;&lt;/div&gt;  &lt;div&gt;  &lt;span style="white-space: pre;"&gt; &lt;/span&gt;U32 buttonChanges = m_buttonStates &amp;amp; m_prevButtonStates;&amp;#160; &lt;/div&gt;  &lt;div&gt;  &lt;span style="white-space: pre;"&gt; &lt;/span&gt;m_buttonUps = buttonChanges &amp;amp; m_buttonStates; &lt;/div&gt;  &lt;div&gt;  &lt;span style="white-space: pre;"&gt; &lt;/span&gt;m_buttonDowns = buttonChanges &amp;amp; (~m_buttonStates); &lt;/div&gt;  &lt;div&gt;  &lt;span style="white-space: pre;"&gt; &lt;/span&gt;} &lt;/div&gt;  &lt;div&gt;  }; &lt;/div&gt;&lt;/div&gt;
</mattext></material></flow_mat></response_label></flow_label></render_choice></response_lid></flow></presentation><resprocessing><respcondition title="Response Condition 1"><conditionvar><varequal respident="QUES_6441500_6450886_LID">QUES_6441500_6450886_A23696982</varequal></conditionvar><setvar action="Set">100.000000000</setvar><displayfeedback feedbacktype="Response" linkrefid="QUES_6441500_6450886_IF23696982" /></respcondition><respcondition title="Response Condition 2"><conditionvar><varequal respident="QUES_6441500_6450886_LID">QUES_6441500_6450886_A23696983</varequal></conditionvar><setvar action="Set">0.000000000</setvar><displayfeedback feedbacktype="Response" linkrefid="QUES_6441500_6450886_IF23696983" /></respcondition><respcondition title="Response Condition 3"><conditionvar><varequal respident="QUES_6441500_6450886_LID">QUES_6441500_6450886_A23696984</varequal></conditionvar><setvar action="Set">0.000000000</setvar><displayfeedback feedbacktype="Response" linkrefid="QUES_6441500_6450886_IF23696984" /></respcondition><respcondition title="Response Condition 4"><conditionvar><varequal respident="QUES_6441500_6450886_LID">QUES_6441500_6450886_A23696985</varequal></conditionvar><setvar action="Set">0.000000000</setvar><displayfeedback feedbacktype="Response" linkrefid="QUES_6441500_6450886_IF23696985" /></respcondition></resprocessing><itemfeedback ident="QUES_6441500_6450886_IF23696982"><material><mattext texttype="text/plain" /></material></itemfeedback><itemfeedback ident="QUES_6441500_6450886_IF23696983"><material><mattext texttype="text/plain" /></material></itemfeedback><itemfeedback ident="QUES_6441500_6450886_IF23696984"><material><mattext texttype="text/plain" /></material></itemfeedback><itemfeedback ident="QUES_6441500_6450886_IF23696985"><material><mattext texttype="text/plain" /></material></itemfeedback></item><item ident="OBJ_7506541" label="QUES_6441501_6450887" d2l_2p0:page="1"><itemmetadata><qtimetadata><qti_metadatafield><fieldlabel>qmd_computerscored</fieldlabel><fieldentry>yes</fieldentry></qti_metadatafield><qti_metadatafield><fieldlabel>qmd_questiontype</fieldlabel><fieldentry>Multiple Choice</fieldentry></qti_metadatafield><qti_metadatafield><fieldlabel>qmd_weighting</fieldlabel><fieldentry>0.200000000</fieldentry></qti_metadatafield><qti_metadatafield><fieldlabel>qmd_globalid</fieldlabel><fieldentry>9f7b9915-316f-46a7-a119-48c8a5f00bd8</fieldentry></qti_metadatafield><qti_metadatafield><fieldlabel>qmd_displayid</fieldlabel><fieldentry>XLIST_SALAMAT_GAME3121_202201-156</fieldentry></qti_metadatafield></qtimetadata></itemmetadata><itemproc_extension><d2l_2p0:difficulty>1</d2l_2p0:difficulty><d2l_2p0:isbonus>no</d2l_2p0:isbonus><d2l_2p0:ismandatory>no</d2l_2p0:ismandatory></itemproc_extension><presentation><flow><material><mattext texttype="text/html">&lt;p&gt;All human interface devices provide input to the game software. What mechanism does Microsoft&amp;#39;s XInput API use to send data to the game engine used with Xbox game pads on both the Xbox and Windows PC platforms?&lt;/p&gt;</mattext></material><response_extension><d2l_2p0:display_style>2</d2l_2p0:display_style><d2l_2p0:enumeration>6</d2l_2p0:enumeration><d2l_2p0:grading_type>0</d2l_2p0:grading_type></response_extension><response_lid ident="QUES_6441501_6450887_LID" rcardinality="Single"><render_choice shuffle="no"><flow_label class="Block"><response_label ident="QUES_6441501_6450887_A23696986"><flow_mat><material><mattext texttype="text/html">&lt;div class="vtbegenerated inlineVtbegenerated"&gt;&lt;p&gt;Polling&lt;/p&gt;&lt;/div&gt;
</mattext></material></flow_mat></response_label></flow_label><flow_label class="Block"><response_label ident="QUES_6441501_6450887_A23696987"><flow_mat><material><mattext texttype="text/html">&lt;div class="vtbegenerated inlineVtbegenerated"&gt;&lt;p&gt;Interrupts&lt;/p&gt;&lt;/div&gt;
</mattext></material></flow_mat></response_label></flow_label><flow_label class="Block"><response_label ident="QUES_6441501_6450887_A23696988"><flow_mat><material><mattext texttype="text/html">&lt;div class="vtbegenerated inlineVtbegenerated"&gt;&lt;p&gt;Bluetooth&lt;/p&gt;&lt;/div&gt;
</mattext></material></flow_mat></response_label></flow_label><flow_label class="Block"><response_label ident="QUES_6441501_6450887_A23696989"><flow_mat><material><mattext texttype="text/html">&lt;div class="vtbegenerated inlineVtbegenerated"&gt;&lt;p&gt;All of the above&lt;/p&gt;&lt;/div&gt;
</mattext></material></flow_mat></response_label></flow_label></render_choice></response_lid></flow></presentation><resprocessing><respcondition title="Response Condition 1"><conditionvar><varequal respident="QUES_6441501_6450887_LID">QUES_6441501_6450887_A23696986</varequal></conditionvar><setvar action="Set">100.000000000</setvar><displayfeedback feedbacktype="Response" linkrefid="QUES_6441501_6450887_IF23696986" /></respcondition><respcondition title="Response Condition 2"><conditionvar><varequal respident="QUES_6441501_6450887_LID">QUES_6441501_6450887_A23696987</varequal></conditionvar><setvar action="Set">0.000000000</setvar><displayfeedback feedbacktype="Response" linkrefid="QUES_6441501_6450887_IF23696987" /></respcondition><respcondition title="Response Condition 3"><conditionvar><varequal respident="QUES_6441501_6450887_LID">QUES_6441501_6450887_A23696988</varequal></conditionvar><setvar action="Set">0.000000000</setvar><displayfeedback feedbacktype="Response" linkrefid="QUES_6441501_6450887_IF23696988" /></respcondition><respcondition title="Response Condition 4"><conditionvar><varequal respident="QUES_6441501_6450887_LID">QUES_6441501_6450887_A23696989</varequal></conditionvar><setvar action="Set">0.000000000</setvar><displayfeedback feedbacktype="Response" linkrefid="QUES_6441501_6450887_IF23696989" /></respcondition></resprocessing><itemfeedback ident="QUES_6441501_6450887_IF23696986"><material><mattext texttype="text/plain" /></material></itemfeedback><itemfeedback ident="QUES_6441501_6450887_IF23696987"><material><mattext texttype="text/plain" /></material></itemfeedback><itemfeedback ident="QUES_6441501_6450887_IF23696988"><material><mattext texttype="text/plain" /></material></itemfeedback><itemfeedback ident="QUES_6441501_6450887_IF23696989"><material><mattext texttype="text/plain" /></material></itemfeedback></item><item ident="OBJ_7506542" label="QUES_6441502_6450888" d2l_2p0:page="1"><itemmetadata><qtimetadata><qti_metadatafield><fieldlabel>qmd_computerscored</fieldlabel><fieldentry>yes</fieldentry></qti_metadatafield><qti_metadatafield><fieldlabel>qmd_questiontype</fieldlabel><fieldentry>Multiple Choice</fieldentry></qti_metadatafield><qti_metadatafield><fieldlabel>qmd_weighting</fieldlabel><fieldentry>0.400000000</fieldentry></qti_metadatafield><qti_metadatafield><fieldlabel>qmd_globalid</fieldlabel><fieldentry>f43172b4-f528-453f-8351-0940e0c6b988</fieldentry></qti_metadatafield><qti_metadatafield><fieldlabel>qmd_displayid</fieldlabel><fieldentry>XLIST_SALAMAT_GAME3121_202201-161</fieldentry></qti_metadatafield></qtimetadata></itemmetadata><itemproc_extension><d2l_2p0:difficulty>1</d2l_2p0:difficulty><d2l_2p0:isbonus>no</d2l_2p0:isbonus><d2l_2p0:ismandatory>no</d2l_2p0:ismandatory></itemproc_extension><presentation><flow><material><mattext texttype="text/html">&lt;p&gt;What can the following class be used for?&lt;/p&gt;  &lt;p&gt;&lt;br/&gt;&lt;/p&gt;  &lt;div&gt;  class MyClass &lt;/div&gt;  &lt;div&gt;  { &lt;/div&gt;  &lt;div&gt;  &lt;span style="white-space: pre;"&gt; &lt;/span&gt;U32 m_buttonMask;&amp;#160; &lt;/div&gt;  &lt;div&gt;  &lt;span style="white-space: pre;"&gt; &lt;/span&gt;F32 m_dtMax;&amp;#160; &lt;/div&gt;  &lt;div&gt;  &lt;span style="white-space: pre;"&gt; &lt;/span&gt;F32 m_tLast;&amp;#160; &lt;/div&gt;  &lt;div&gt;  public: &lt;/div&gt;  &lt;div&gt;  &lt;span style="white-space: pre;"&gt; &lt;/span&gt;MyClass(U32 buttonId, F32 dtMax) : &lt;/div&gt;  &lt;div&gt;  &lt;span style="white-space: pre;"&gt; &lt;/span&gt;m_buttonMask(1U &amp;lt;&amp;lt; buttonId), &lt;/div&gt;  &lt;div&gt;  &lt;span style="white-space: pre;"&gt; &lt;/span&gt;m_dtMax(dtMax), &lt;/div&gt;  &lt;div&gt;  &lt;span style="white-space: pre;"&gt; &lt;/span&gt;m_tLast(CurrentTime() - dtMax)&amp;#160; &lt;/div&gt;  &lt;div&gt;  &lt;span style="white-space: pre;"&gt; &lt;/span&gt;{ &lt;/div&gt;  &lt;div&gt;  &lt;span style="white-space: pre;"&gt; &lt;/span&gt;} &lt;/div&gt;  &lt;div&gt;  &lt;span style="white-space: pre;"&gt; &lt;/span&gt;bool IsGestureValid() const &lt;/div&gt;  &lt;div&gt;  &lt;span style="white-space: pre;"&gt; &lt;/span&gt;{ &lt;/div&gt;  &lt;div&gt;  &lt;span style="white-space: pre;"&gt; &lt;/span&gt;F32 t = CurrentTime(); &lt;/div&gt;  &lt;div&gt;  &lt;span style="white-space: pre;"&gt; &lt;/span&gt;F32 dt = t - m_tLast; &lt;/div&gt;  &lt;div&gt;  &lt;span style="white-space: pre;"&gt; &lt;/span&gt;return (dt &amp;lt; m_dtMax); &lt;/div&gt;  &lt;div&gt;  &lt;span style="white-space: pre;"&gt; &lt;/span&gt;} &lt;/div&gt;  &lt;div&gt;  &lt;span style="white-space: pre;"&gt; &lt;/span&gt;void Update() &lt;/div&gt;  &lt;div&gt;  &lt;span style="white-space: pre;"&gt; &lt;/span&gt;{ &lt;/div&gt;  &lt;div&gt;  &lt;span style="white-space: pre;"&gt; &lt;/span&gt;if (ButtonsJustWentDown(m_buttonMask)) &lt;/div&gt;  &lt;div&gt;  &lt;span style="white-space: pre;"&gt; &lt;/span&gt;{ &lt;/div&gt;  &lt;div&gt;  &lt;span style="white-space: pre;"&gt; &lt;/span&gt;m_tLast = CurrentTime(); &lt;/div&gt;  &lt;div&gt;  &lt;span style="white-space: pre;"&gt; &lt;/span&gt;} &lt;/div&gt;  &lt;div&gt;  &lt;span style="white-space: pre;"&gt; &lt;/span&gt;} &lt;/div&gt;  &lt;div&gt;  }; &lt;/div&gt;</mattext></material><response_extension><d2l_2p0:display_style>2</d2l_2p0:display_style><d2l_2p0:enumeration>6</d2l_2p0:enumeration><d2l_2p0:grading_type>0</d2l_2p0:grading_type></response_extension><response_lid ident="QUES_6441502_6450888_LID" rcardinality="Single"><render_choice shuffle="no"><flow_label class="Block"><response_label ident="QUES_6441502_6450888_A23696990"><flow_mat><material><mattext texttype="text/html">&lt;div class="vtbegenerated inlineVtbegenerated"&gt;&lt;p&gt;Chord detector&lt;/p&gt;&lt;/div&gt;
</mattext></material></flow_mat></response_label></flow_label><flow_label class="Block"><response_label ident="QUES_6441502_6450888_A23696991"><flow_mat><material><mattext texttype="text/html">&lt;div class="vtbegenerated inlineVtbegenerated"&gt;&lt;p&gt;Button sequence detector&lt;/p&gt;&lt;/div&gt;
</mattext></material></flow_mat></response_label></flow_label><flow_label class="Block"><response_label ident="QUES_6441502_6450888_A23696992"><flow_mat><material><mattext texttype="text/html">&lt;div class="vtbegenerated inlineVtbegenerated"&gt;&lt;p&gt;Thumb stick rotation detector&lt;/p&gt;&lt;/div&gt;
</mattext></material></flow_mat></response_label></flow_label><flow_label class="Block"><response_label ident="QUES_6441502_6450888_A23696993"><flow_mat><material><mattext texttype="text/html">&lt;div class="vtbegenerated inlineVtbegenerated"&gt;&lt;p&gt;Rapid button tap detector&lt;/p&gt;&lt;/div&gt;
</mattext></material></flow_mat></response_label></flow_label></render_choice></response_lid></flow></presentation><resprocessing><respcondition title="Response Condition 1"><conditionvar><varequal respident="QUES_6441502_6450888_LID">QUES_6441502_6450888_A23696990</varequal></conditionvar><setvar action="Set">0.000000000</setvar><displayfeedback feedbacktype="Response" linkrefid="QUES_6441502_6450888_IF23696990" /></respcondition><respcondition title="Response Condition 2"><conditionvar><varequal respident="QUES_6441502_6450888_LID">QUES_6441502_6450888_A23696991</varequal></conditionvar><setvar action="Set">0.000000000</setvar><displayfeedback feedbacktype="Response" linkrefid="QUES_6441502_6450888_IF23696991" /></respcondition><respcondition title="Response Condition 3"><conditionvar><varequal respident="QUES_6441502_6450888_LID">QUES_6441502_6450888_A23696992</varequal></conditionvar><setvar action="Set">0.000000000</setvar><displayfeedback feedbacktype="Response" linkrefid="QUES_6441502_6450888_IF23696992" /></respcondition><respcondition title="Response Condition 4"><conditionvar><varequal respident="QUES_6441502_6450888_LID">QUES_6441502_6450888_A23696993</varequal></conditionvar><setvar action="Set">100.000000000</setvar><displayfeedback feedbacktype="Response" linkrefid="QUES_6441502_6450888_IF23696993" /></respcondition></resprocessing><itemfeedback ident="QUES_6441502_6450888_IF23696990"><material><mattext texttype="text/plain" /></material></itemfeedback><itemfeedback ident="QUES_6441502_6450888_IF23696991"><material><mattext texttype="text/plain" /></material></itemfeedback><itemfeedback ident="QUES_6441502_6450888_IF23696992"><material><mattext texttype="text/plain" /></material></itemfeedback><itemfeedback ident="QUES_6441502_6450888_IF23696993"><material><mattext texttype="text/plain" /></material></itemfeedback></item><item ident="OBJ_7506543" label="QUES_6441503_6450889" d2l_2p0:page="1"><itemmetadata><qtimetadata><qti_metadatafield><fieldlabel>qmd_computerscored</fieldlabel><fieldentry>yes</fieldentry></qti_metadatafield><qti_metadatafield><fieldlabel>qmd_questiontype</fieldlabel><fieldentry>Multiple Choice</fieldentry></qti_metadatafield><qti_metadatafield><fieldlabel>qmd_weighting</fieldlabel><fieldentry>0.200000000</fieldentry></qti_metadatafield><qti_metadatafield><fieldlabel>qmd_globalid</fieldlabel><fieldentry>3cc0d9b8-e045-4e68-9f88-6595c6d3fc05</fieldentry></qti_metadatafield><qti_metadatafield><fieldlabel>qmd_displayid</fieldlabel><fieldentry>XLIST_SALAMAT_GAME3121_202201-162</fieldentry></qti_metadatafield></qtimetadata></itemmetadata><itemproc_extension><d2l_2p0:difficulty>1</d2l_2p0:difficulty><d2l_2p0:isbonus>no</d2l_2p0:isbonus><d2l_2p0:ismandatory>no</d2l_2p0:ismandatory></itemproc_extension><presentation><flow><material><mattext texttype="text/html">&lt;p&gt;Which of the following is the typical requirement(s) of a game engine&amp;#39;s HID system?&lt;/p&gt;</mattext></material><response_extension><d2l_2p0:display_style>2</d2l_2p0:display_style><d2l_2p0:enumeration>6</d2l_2p0:enumeration><d2l_2p0:grading_type>0</d2l_2p0:grading_type></response_extension><response_lid ident="QUES_6441503_6450889_LID" rcardinality="Single"><render_choice shuffle="no"><flow_label class="Block"><response_label ident="QUES_6441503_6450889_A23696994"><flow_mat><material><mattext texttype="text/html">&lt;div class="vtbegenerated inlineVtbegenerated"&gt;&lt;p&gt;Dead zones&lt;/p&gt;&lt;/div&gt;
</mattext></material></flow_mat></response_label></flow_label><flow_label class="Block"><response_label ident="QUES_6441503_6450889_A23696995"><flow_mat><material><mattext texttype="text/html">&lt;div class="vtbegenerated inlineVtbegenerated"&gt;&lt;p&gt;Analog signal filtering&lt;/p&gt;&lt;/div&gt;
</mattext></material></flow_mat></response_label></flow_label><flow_label class="Block"><response_label ident="QUES_6441503_6450889_A23696996"><flow_mat><material><mattext texttype="text/html">&lt;div class="vtbegenerated inlineVtbegenerated"&gt;&lt;p&gt;Gesture Detection&lt;/p&gt;&lt;/div&gt;
</mattext></material></flow_mat></response_label></flow_label><flow_label class="Block"><response_label ident="QUES_6441503_6450889_A23696997"><flow_mat><material><mattext texttype="text/html">&lt;div class="vtbegenerated inlineVtbegenerated"&gt;&lt;p&gt;All of the above&lt;/p&gt;&lt;/div&gt;
</mattext></material></flow_mat></response_label></flow_label></render_choice></response_lid></flow></presentation><resprocessing><respcondition title="Response Condition 1"><conditionvar><varequal respident="QUES_6441503_6450889_LID">QUES_6441503_6450889_A23696994</varequal></conditionvar><setvar action="Set">0.000000000</setvar><displayfeedback feedbacktype="Response" linkrefid="QUES_6441503_6450889_IF23696994" /></respcondition><respcondition title="Response Condition 2"><conditionvar><varequal respident="QUES_6441503_6450889_LID">QUES_6441503_6450889_A23696995</varequal></conditionvar><setvar action="Set">0.000000000</setvar><displayfeedback feedbacktype="Response" linkrefid="QUES_6441503_6450889_IF23696995" /></respcondition><respcondition title="Response Condition 3"><conditionvar><varequal respident="QUES_6441503_6450889_LID">QUES_6441503_6450889_A23696996</varequal></conditionvar><setvar action="Set">0.000000000</setvar><displayfeedback feedbacktype="Response" linkrefid="QUES_6441503_6450889_IF23696996" /></respcondition><respcondition title="Response Condition 4"><conditionvar><varequal respident="QUES_6441503_6450889_LID">QUES_6441503_6450889_A23696997</varequal></conditionvar><setvar action="Set">100.000000000</setvar><displayfeedback feedbacktype="Response" linkrefid="QUES_6441503_6450889_IF23696997" /></respcondition></resprocessing><itemfeedback ident="QUES_6441503_6450889_IF23696994"><material><mattext texttype="text/plain" /></material></itemfeedback><itemfeedback ident="QUES_6441503_6450889_IF23696995"><material><mattext texttype="text/plain" /></material></itemfeedback><itemfeedback ident="QUES_6441503_6450889_IF23696996"><material><mattext texttype="text/plain" /></material></itemfeedback><itemfeedback ident="QUES_6441503_6450889_IF23696997"><material><mattext texttype="text/plain" /></material></itemfeedback></item><item ident="OBJ_7506544" label="QUES_6441504_6450890" d2l_2p0:page="1"><itemmetadata><qtimetadata><qti_metadatafield><fieldlabel>qmd_computerscored</fieldlabel><fieldentry>yes</fieldentry></qti_metadatafield><qti_metadatafield><fieldlabel>qmd_questiontype</fieldlabel><fieldentry>Multiple Choice</fieldentry></qti_metadatafield><qti_metadatafield><fieldlabel>qmd_weighting</fieldlabel><fieldentry>0.400000000</fieldentry></qti_metadatafield><qti_metadatafield><fieldlabel>qmd_globalid</fieldlabel><fieldentry>4888ee7d-9f30-4c4d-ae1c-4b2f23da317f</fieldentry></qti_metadatafield><qti_metadatafield><fieldlabel>qmd_displayid</fieldlabel><fieldentry>XLIST_SALAMAT_GAME3121_202201-169</fieldentry></qti_metadatafield></qtimetadata></itemmetadata><itemproc_extension><d2l_2p0:difficulty>1</d2l_2p0:difficulty><d2l_2p0:isbonus>no</d2l_2p0:isbonus><d2l_2p0:ismandatory>no</d2l_2p0:ismandatory></itemproc_extension><presentation><flow><material><mattext texttype="text/html">&lt;p&gt;What does the following class detect?&lt;/p&gt;  &lt;p&gt;&lt;br/&gt;&lt;/p&gt;  &lt;div&gt;  class Detector &lt;/div&gt;  &lt;div&gt;  { &lt;/div&gt;  &lt;div&gt;  &lt;span style="white-space: pre;"&gt; &lt;/span&gt;U32* m_aButtonIds;&amp;#160; &lt;/div&gt;  &lt;div&gt;  &lt;span style="white-space: pre;"&gt; &lt;/span&gt;U32 m_buttonCount;&amp;#160; &lt;/div&gt;  &lt;div&gt;  &lt;span style="white-space: pre;"&gt; &lt;/span&gt;F32 m_dtMax;&amp;#160; &lt;/div&gt;  &lt;div&gt;  &lt;span style="white-space: pre;"&gt; &lt;/span&gt;U32 m_iButton;&amp;#160; &lt;/div&gt;  &lt;div&gt;  &lt;span style="white-space: pre;"&gt; &lt;/span&gt;F32 m_tStart;&amp;#160; &lt;/div&gt;  &lt;div&gt;  public: &lt;/div&gt;  &lt;div&gt;  &lt;span style="white-space: pre;"&gt; &lt;/span&gt;Detector(U32* aButtonIds, &lt;/div&gt;  &lt;div&gt;  &lt;span style="white-space: pre;"&gt; &lt;/span&gt;U32 buttonCount, &lt;/div&gt;  &lt;div&gt;  &lt;span style="white-space: pre;"&gt; &lt;/span&gt;F32 dtMax, &lt;/div&gt;  &lt;div&gt;  &lt;span style="white-space: pre;"&gt; &lt;/span&gt;EventId eventIdToSend) : &lt;/div&gt;  &lt;div&gt;  &lt;span style="white-space: pre;"&gt; &lt;/span&gt;m_aButtonIds(aButtonIds), &lt;/div&gt;  &lt;div&gt;  &lt;span style="white-space: pre;"&gt; &lt;/span&gt;m_buttonCount(buttonCount), &lt;/div&gt;  &lt;div&gt;  &lt;span style="white-space: pre;"&gt; &lt;/span&gt;m_dtMax(dtMax), &lt;/div&gt;  &lt;div&gt;  &lt;span style="white-space: pre;"&gt; &lt;/span&gt;m_eventId(eventIdToSend),&amp;#160; &lt;/div&gt;  &lt;div&gt;  &lt;span style="white-space: pre;"&gt; &lt;/span&gt;m_iButton(0),&amp;#160; &lt;/div&gt;  &lt;div&gt;  &lt;span style="white-space: pre;"&gt; &lt;/span&gt;m_tStart(0)&amp;#160; &lt;/div&gt;  &lt;div&gt;  &lt;span style="white-space: pre;"&gt; &lt;/span&gt;{ &lt;/div&gt;  &lt;div&gt;  &lt;span style="white-space: pre;"&gt; &lt;/span&gt;} &lt;/div&gt;  &lt;div&gt;  &lt;span style="white-space: pre;"&gt; &lt;/span&gt;void Update() &lt;/div&gt;  &lt;div&gt;  &lt;span style="white-space: pre;"&gt; &lt;/span&gt;{ &lt;/div&gt;  &lt;div&gt;  &lt;span style="white-space: pre;"&gt; &lt;/span&gt;ASSERT(m_iButton &amp;lt; m_buttonCount); &lt;/div&gt;  &lt;div&gt;  &lt;span style="white-space: pre;"&gt; &lt;/span&gt;U32 buttonMask = (1U &amp;lt;&amp;lt; m_aButtonId[m_iButton]); &lt;/div&gt;  &lt;div&gt;  &lt;span style="white-space: pre;"&gt; &lt;/span&gt;if (ButtonsJustWentDown(~buttonMask)) &lt;/div&gt;  &lt;div&gt;  &lt;span style="white-space: pre;"&gt; &lt;/span&gt;{ &lt;/div&gt;  &lt;div&gt;  &lt;span style="white-space: pre;"&gt; &lt;/span&gt;m_iButton = 0;&amp;#160; &lt;/div&gt;  &lt;div&gt;  &lt;span style="white-space: pre;"&gt; &lt;/span&gt;} &lt;/div&gt;  &lt;div&gt;  &lt;span style="white-space: pre;"&gt; &lt;/span&gt;else if (ButtonsJustWentDown(buttonMask)) &lt;/div&gt;  &lt;div&gt;  &lt;span style="white-space: pre;"&gt; &lt;/span&gt;{ &lt;/div&gt;  &lt;div&gt;  &lt;span style="white-space: pre;"&gt; &lt;/span&gt;if (m_iButton == 0) &lt;/div&gt;  &lt;div&gt;  &lt;span style="white-space: pre;"&gt; &lt;/span&gt;{ &lt;/div&gt;  &lt;div&gt;  &lt;span style="white-space: pre;"&gt; &lt;/span&gt;m_tStart = CurrentTime(); &lt;/div&gt;  &lt;div&gt;  &lt;span style="white-space: pre;"&gt; &lt;/span&gt;m_iButton++;&amp;#160; &lt;/div&gt;  &lt;div&gt;  &lt;span style="white-space: pre;"&gt; &lt;/span&gt;} &lt;/div&gt;  &lt;div&gt;  &lt;span style="white-space: pre;"&gt; &lt;/span&gt;else &lt;/div&gt;  &lt;div&gt;  &lt;span style="white-space: pre;"&gt; &lt;/span&gt;{ &lt;/div&gt;  &lt;div&gt;  &lt;span style="white-space: pre;"&gt; &lt;/span&gt;F32 dt = CurrentTime() - m_tStart; &lt;/div&gt;  &lt;div&gt;  &lt;span style="white-space: pre;"&gt; &lt;/span&gt;if (dt &amp;lt; m_dtMax) &lt;/div&gt;  &lt;div&gt;  &lt;span style="white-space: pre;"&gt; &lt;/span&gt;{ &lt;/div&gt;  &lt;div&gt;  &lt;span style="white-space: pre;"&gt; &lt;/span&gt;m_iButton++;&amp;#160; &lt;/div&gt;  &lt;div&gt;  &lt;span style="white-space: pre;"&gt; &lt;/span&gt;if (m_iButton == m_buttonCount) &lt;/div&gt;  &lt;div&gt;  &lt;span style="white-space: pre;"&gt; &lt;/span&gt;{ &lt;/div&gt;  &lt;div&gt;  &lt;span style="white-space: pre;"&gt; &lt;/span&gt;BroadcastEvent(m_eventId); &lt;/div&gt;  &lt;div&gt;  &lt;span style="white-space: pre;"&gt; &lt;/span&gt;m_iButton = 0;&amp;#160; &lt;/div&gt;  &lt;div&gt;  &lt;span style="white-space: pre;"&gt; &lt;/span&gt;} &lt;/div&gt;  &lt;div&gt;  &lt;span style="white-space: pre;"&gt; &lt;/span&gt;} &lt;/div&gt;  &lt;div&gt;  &lt;span style="white-space: pre;"&gt; &lt;/span&gt;else &lt;/div&gt;  &lt;div&gt;  &lt;span style="white-space: pre;"&gt; &lt;/span&gt;{ &lt;/div&gt;  &lt;div&gt;  &lt;span style="white-space: pre;"&gt; &lt;/span&gt;m_iButton = 0;&amp;#160; &lt;/div&gt;  &lt;div&gt;  &lt;span style="white-space: pre;"&gt; &lt;/span&gt;} &lt;/div&gt;  &lt;div&gt;  &lt;span style="white-space: pre;"&gt; &lt;/span&gt;} &lt;/div&gt;  &lt;div&gt;  &lt;span style="white-space: pre;"&gt; &lt;/span&gt;} &lt;/div&gt;  &lt;div&gt;  &lt;span style="white-space: pre;"&gt; &lt;/span&gt;} &lt;/div&gt;  &lt;div&gt;  }; &lt;/div&gt;</mattext></material><response_extension><d2l_2p0:display_style>2</d2l_2p0:display_style><d2l_2p0:enumeration>6</d2l_2p0:enumeration><d2l_2p0:grading_type>0</d2l_2p0:grading_type></response_extension><response_lid ident="QUES_6441504_6450890_LID" rcardinality="Single"><render_choice shuffle="no"><flow_label class="Block"><response_label ident="QUES_6441504_6450890_A23696998"><flow_mat><material><mattext texttype="text/html">&lt;div class="vtbegenerated inlineVtbegenerated"&gt;&lt;p&gt;Multibutton sequence&lt;/p&gt;&lt;/div&gt;
</mattext></material></flow_mat></response_label></flow_label><flow_label class="Block"><response_label ident="QUES_6441504_6450890_A23696999"><flow_mat><material><mattext texttype="text/html">&lt;div class="vtbegenerated inlineVtbegenerated"&gt;&lt;p&gt;Chords&lt;/p&gt;&lt;/div&gt;
</mattext></material></flow_mat></response_label></flow_label><flow_label class="Block"><response_label ident="QUES_6441504_6450890_A23697000"><flow_mat><material><mattext texttype="text/html">&lt;div class="vtbegenerated inlineVtbegenerated"&gt;&lt;p&gt;Rapid rotation&lt;/p&gt;&lt;/div&gt;
</mattext></material></flow_mat></response_label></flow_label><flow_label class="Block"><response_label ident="QUES_6441504_6450890_A23697001"><flow_mat><material><mattext texttype="text/html">&lt;div class="vtbegenerated inlineVtbegenerated"&gt;&lt;p&gt;Analog signal&lt;/p&gt;&lt;/div&gt;
</mattext></material></flow_mat></response_label></flow_label></render_choice></response_lid></flow></presentation><resprocessing><respcondition title="Response Condition 1"><conditionvar><varequal respident="QUES_6441504_6450890_LID">QUES_6441504_6450890_A23696998</varequal></conditionvar><setvar action="Set">100.000000000</setvar><displayfeedback feedbacktype="Response" linkrefid="QUES_6441504_6450890_IF23696998" /></respcondition><respcondition title="Response Condition 2"><conditionvar><varequal respident="QUES_6441504_6450890_LID">QUES_6441504_6450890_A23696999</varequal></conditionvar><setvar action="Set">0.000000000</setvar><displayfeedback feedbacktype="Response" linkrefid="QUES_6441504_6450890_IF23696999" /></respcondition><respcondition title="Response Condition 3"><conditionvar><varequal respident="QUES_6441504_6450890_LID">QUES_6441504_6450890_A23697000</varequal></conditionvar><setvar action="Set">0.000000000</setvar><displayfeedback feedbacktype="Response" linkrefid="QUES_6441504_6450890_IF23697000" /></respcondition><respcondition title="Response Condition 4"><conditionvar><varequal respident="QUES_6441504_6450890_LID">QUES_6441504_6450890_A23697001</varequal></conditionvar><setvar action="Set">0.000000000</setvar><displayfeedback feedbacktype="Response" linkrefid="QUES_6441504_6450890_IF23697001" /></respcondition></resprocessing><itemfeedback ident="QUES_6441504_6450890_IF23696998"><material><mattext texttype="text/plain" /></material></itemfeedback><itemfeedback ident="QUES_6441504_6450890_IF23696999"><material><mattext texttype="text/plain" /></material></itemfeedback><itemfeedback ident="QUES_6441504_6450890_IF23697000"><material><mattext texttype="text/plain" /></material></itemfeedback><itemfeedback ident="QUES_6441504_6450890_IF23697001"><material><mattext texttype="text/plain" /></material></itemfeedback></item></section></assessment></questestinterop>