﻿<?xml version="1.0" encoding="UTF-8"?><questestinterop xmlns:d2l_2p0="http://desire2learn.com/xsd/d2lcp_v2p0"><assessment d2l_2p0:id="24" title="Lab Test6" ident="res_quiz_247299" d2l_2p0:resource_code="FCF4E421-A020-454B-979C-FE41E4E97EDB-2245082"><rubric><flow_mat><material><mattext d2l_2p0:isdisplayed="yes" texttype="text/html">&lt;div style="padding-left: 10px;padding-right: 10px"&gt;&lt;/div&gt;</mattext></material></flow_mat></rubric><assessmentcontrol hintswitch="no" solutionswitch="yes" feedbackswitch="no" /><presentation_material><flow_mat><material label="page header"><mattext d2l_2p0:isdisplayed="no" texttype="text/html" /></material><material label="page footer"><mattext d2l_2p0:isdisplayed="no" texttype="text/html" /></material></flow_mat></presentation_material><assess_procextension><d2l_2p0:intro_message d2l_2p0:isdisplayed="no" texttype="text/html" /><d2l_2p0:disable_right_click>no</d2l_2p0:disable_right_click><d2l_2p0:disable_pager_access>no</d2l_2p0:disable_pager_access><is_active>no</is_active><d2l_2p0:date_start><d2l_2p0:timestamp><d2l_2p0:month>11</d2l_2p0:month><d2l_2p0:day>8</d2l_2p0:day><d2l_2p0:year>2022</d2l_2p0:year><d2l_2p0:hour>19</d2l_2p0:hour><d2l_2p0:minutes>0</d2l_2p0:minutes><d2l_2p0:seconds>0</d2l_2p0:seconds></d2l_2p0:timestamp></d2l_2p0:date_start><d2l_2p0:date_end><d2l_2p0:timestamp><d2l_2p0:month>11</d2l_2p0:month><d2l_2p0:day>8</d2l_2p0:day><d2l_2p0:year>2022</d2l_2p0:year><d2l_2p0:hour>20</d2l_2p0:hour><d2l_2p0:minutes>30</d2l_2p0:minutes><d2l_2p0:seconds>0</d2l_2p0:seconds></d2l_2p0:timestamp></d2l_2p0:date_end><d2l_2p0:date_due /><d2l_2p0:has_schedule_event>yes</d2l_2p0:has_schedule_event><d2l_2p0:is_attempt_Rldb>no</d2l_2p0:is_attempt_Rldb><d2l_2p0:is_subview_Rldb>no</d2l_2p0:is_subview_Rldb><d2l_2p0:time_limit>60</d2l_2p0:time_limit><d2l_2p0:show_clock>no</d2l_2p0:show_clock><d2l_2p0:enforce_time_limit>no</d2l_2p0:enforce_time_limit><d2l_2p0:quiz_start_type>no</d2l_2p0:quiz_start_type><d2l_2p0:grace_period>1</d2l_2p0:grace_period><d2l_2p0:late_limit>0</d2l_2p0:late_limit><d2l_2p0:attempts_allowed>1</d2l_2p0:attempts_allowed><d2l_2p0:attempt_restrictions /><d2l_2p0:mark_calculation_type>1</d2l_2p0:mark_calculation_type><d2l_2p0:is_forward_only>no</d2l_2p0:is_forward_only></assess_procextension><assessfeedback title=""><rubric><flow_mat><material><mattext texttype="yes">Your quiz has been submitted successfully.</mattext></material></flow_mat></rubric><d2l_2p0:duration>0</d2l_2p0:duration><d2l_2p0:response_display_type_id>1</d2l_2p0:response_display_type_id><d2l_2p0:show_correct_answers>no</d2l_2p0:show_correct_answers><d2l_2p0:submission_restrictip>no</d2l_2p0:submission_restrictip><d2l_2p0:show_class_average>no</d2l_2p0:show_class_average><d2l_2p0:show_score_distribution>no</d2l_2p0:show_score_distribution></assessfeedback><section ident="CONTAINER_SECTION"><item ident="OBJ_7506418" label="QUES_6441378_6450764" d2l_2p0:page="1"><itemmetadata><qtimetadata><qti_metadatafield><fieldlabel>qmd_computerscored</fieldlabel><fieldentry>yes</fieldentry></qti_metadatafield><qti_metadatafield><fieldlabel>qmd_questiontype</fieldlabel><fieldentry>Multiple Choice</fieldentry></qti_metadatafield><qti_metadatafield><fieldlabel>qmd_weighting</fieldlabel><fieldentry>0.200000000</fieldentry></qti_metadatafield><qti_metadatafield><fieldlabel>qmd_globalid</fieldlabel><fieldentry>e39bd084-dc35-42b3-b999-dad997024c9d</fieldentry></qti_metadatafield><qti_metadatafield><fieldlabel>qmd_displayid</fieldlabel><fieldentry>XLIST_SALAMAT_GAME3121_202201-43</fieldentry></qti_metadatafield></qtimetadata></itemmetadata><itemproc_extension><d2l_2p0:difficulty>1</d2l_2p0:difficulty><d2l_2p0:isbonus>no</d2l_2p0:isbonus><d2l_2p0:ismandatory>no</d2l_2p0:ismandatory></itemproc_extension><presentation><flow><material><mattext texttype="text/html">&lt;p&gt;Why brute-force approach is a good way to start up and shutdown a game engine subsystems (managers)?&lt;/p&gt;</mattext></material><response_extension><d2l_2p0:display_style>2</d2l_2p0:display_style><d2l_2p0:enumeration>6</d2l_2p0:enumeration><d2l_2p0:grading_type>0</d2l_2p0:grading_type></response_extension><response_lid ident="QUES_6441378_6450764_LID" rcardinality="Single"><render_choice shuffle="no"><flow_label class="Block"><response_label ident="QUES_6441378_6450764_A23696495"><flow_mat><material><mattext texttype="text/html">&lt;div class="vtbegenerated inlineVtbegenerated"&gt;&lt;p&gt;It&amp;#39;s simple and easy to implement.&lt;/p&gt;&lt;/div&gt;
</mattext></material></flow_mat></response_label></flow_label><flow_label class="Block"><response_label ident="QUES_6441378_6450764_A23696496"><flow_mat><material><mattext texttype="text/html">&lt;div class="vtbegenerated inlineVtbegenerated"&gt;&lt;p&gt;It&amp;#39;s explicit. You can see and understand the start-up order immediatelyby just looking at the code.&lt;/p&gt;&lt;/div&gt;
</mattext></material></flow_mat></response_label></flow_label><flow_label class="Block"><response_label ident="QUES_6441378_6450764_A23696497"><flow_mat><material><mattext texttype="text/html">&lt;div class="vtbegenerated inlineVtbegenerated"&gt;&lt;p&gt;It&amp;#39;s easy to debug and maintain. If something isn&amp;#39;t starting early enough,or is starting too early, you can just move one line of code.&lt;/p&gt;&lt;/div&gt;
</mattext></material></flow_mat></response_label></flow_label><flow_label class="Block"><response_label ident="QUES_6441378_6450764_A23696498"><flow_mat><material><mattext texttype="text/html">&lt;div class="vtbegenerated inlineVtbegenerated"&gt;&lt;p&gt;All of the above&lt;/p&gt;&lt;/div&gt;
</mattext></material></flow_mat></response_label></flow_label></render_choice></response_lid></flow></presentation><resprocessing><respcondition title="Response Condition 1"><conditionvar><varequal respident="QUES_6441378_6450764_LID">QUES_6441378_6450764_A23696495</varequal></conditionvar><setvar action="Set">0.000000000</setvar><displayfeedback feedbacktype="Response" linkrefid="QUES_6441378_6450764_IF23696495" /></respcondition><respcondition title="Response Condition 2"><conditionvar><varequal respident="QUES_6441378_6450764_LID">QUES_6441378_6450764_A23696496</varequal></conditionvar><setvar action="Set">0.000000000</setvar><displayfeedback feedbacktype="Response" linkrefid="QUES_6441378_6450764_IF23696496" /></respcondition><respcondition title="Response Condition 3"><conditionvar><varequal respident="QUES_6441378_6450764_LID">QUES_6441378_6450764_A23696497</varequal></conditionvar><setvar action="Set">0.000000000</setvar><displayfeedback feedbacktype="Response" linkrefid="QUES_6441378_6450764_IF23696497" /></respcondition><respcondition title="Response Condition 4"><conditionvar><varequal respident="QUES_6441378_6450764_LID">QUES_6441378_6450764_A23696498</varequal></conditionvar><setvar action="Set">100.000000000</setvar><displayfeedback feedbacktype="Response" linkrefid="QUES_6441378_6450764_IF23696498" /></respcondition></resprocessing><itemfeedback ident="QUES_6441378_6450764_IF23696495"><material><mattext texttype="text/plain" /></material></itemfeedback><itemfeedback ident="QUES_6441378_6450764_IF23696496"><material><mattext texttype="text/plain" /></material></itemfeedback><itemfeedback ident="QUES_6441378_6450764_IF23696497"><material><mattext texttype="text/plain" /></material></itemfeedback><itemfeedback ident="QUES_6441378_6450764_IF23696498"><material><mattext texttype="text/plain" /></material></itemfeedback></item><item ident="OBJ_7506419" label="QUES_6441379_6450765" d2l_2p0:page="1"><itemmetadata><qtimetadata><qti_metadatafield><fieldlabel>qmd_computerscored</fieldlabel><fieldentry>yes</fieldentry></qti_metadatafield><qti_metadatafield><fieldlabel>qmd_questiontype</fieldlabel><fieldentry>Multiple Choice</fieldentry></qti_metadatafield><qti_metadatafield><fieldlabel>qmd_weighting</fieldlabel><fieldentry>0.200000000</fieldentry></qti_metadatafield><qti_metadatafield><fieldlabel>qmd_globalid</fieldlabel><fieldentry>9758b455-8f4a-4aca-bb74-512386e24cc1</fieldentry></qti_metadatafield><qti_metadatafield><fieldlabel>qmd_displayid</fieldlabel><fieldentry>XLIST_SALAMAT_GAME3121_202201-44</fieldentry></qti_metadatafield></qtimetadata></itemmetadata><itemproc_extension><d2l_2p0:difficulty>1</d2l_2p0:difficulty><d2l_2p0:isbonus>no</d2l_2p0:isbonus><d2l_2p0:ismandatory>no</d2l_2p0:ismandatory></itemproc_extension><presentation><flow><material><mattext texttype="text/html">&lt;p&gt;Why&amp;#160;C++&amp;#39;s native start-up and shut-down semantics can &amp;quot;not&amp;quot; be leveraged in order to start up and shut down our engine&amp;#39;s subsystems?&lt;/p&gt;</mattext></material><response_extension><d2l_2p0:display_style>2</d2l_2p0:display_style><d2l_2p0:enumeration>6</d2l_2p0:enumeration><d2l_2p0:grading_type>0</d2l_2p0:grading_type></response_extension><response_lid ident="QUES_6441379_6450765_LID" rcardinality="Single"><render_choice shuffle="no"><flow_label class="Block"><response_label ident="QUES_6441379_6450765_A23696499"><flow_mat><material><mattext texttype="text/html">&lt;div class="vtbegenerated inlineVtbegenerated"&gt;&lt;p&gt;C++&amp;#39;s native start-up and shut-down &amp;#160;doesn&amp;#39;t&amp;#160;support&amp;#160;singleton class&amp;#160;for each subsystem&lt;/p&gt;&lt;/div&gt;
</mattext></material></flow_mat></response_label></flow_label><flow_label class="Block"><response_label ident="QUES_6441379_6450765_A23696500"><flow_mat><material><mattext texttype="text/html">&lt;div class="vtbegenerated inlineVtbegenerated"&gt;&lt;p&gt;In C++, global and static objects are constructed before the program&amp;#39;s entry point (main(), or WinMain() under Windows) is called. However,these constructors are called in a totally unpredictable order.&lt;/p&gt;&lt;/div&gt;
</mattext></material></flow_mat></response_label></flow_label><flow_label class="Block"><response_label ident="QUES_6441379_6450765_A23696501"><flow_mat><material><mattext texttype="text/html">&lt;div class="vtbegenerated inlineVtbegenerated"&gt;&lt;p&gt;C++&amp;#39;s native start-up and shut-down&amp;#160; already has&amp;#160;a common design pattern for implementing major subsystems such as the ones that make up a game engine.&lt;/p&gt;&lt;/div&gt;
</mattext></material></flow_mat></response_label></flow_label><flow_label class="Block"><response_label ident="QUES_6441379_6450765_A23696502"><flow_mat><material><mattext texttype="text/html">&lt;div class="vtbegenerated inlineVtbegenerated"&gt;&lt;p&gt;None of the above&lt;/p&gt;&lt;/div&gt;
</mattext></material></flow_mat></response_label></flow_label></render_choice></response_lid></flow></presentation><resprocessing><respcondition title="Response Condition 1"><conditionvar><varequal respident="QUES_6441379_6450765_LID">QUES_6441379_6450765_A23696499</varequal></conditionvar><setvar action="Set">0.000000000</setvar><displayfeedback feedbacktype="Response" linkrefid="QUES_6441379_6450765_IF23696499" /></respcondition><respcondition title="Response Condition 2"><conditionvar><varequal respident="QUES_6441379_6450765_LID">QUES_6441379_6450765_A23696500</varequal></conditionvar><setvar action="Set">100.000000000</setvar><displayfeedback feedbacktype="Response" linkrefid="QUES_6441379_6450765_IF23696500" /></respcondition><respcondition title="Response Condition 3"><conditionvar><varequal respident="QUES_6441379_6450765_LID">QUES_6441379_6450765_A23696501</varequal></conditionvar><setvar action="Set">0.000000000</setvar><displayfeedback feedbacktype="Response" linkrefid="QUES_6441379_6450765_IF23696501" /></respcondition><respcondition title="Response Condition 4"><conditionvar><varequal respident="QUES_6441379_6450765_LID">QUES_6441379_6450765_A23696502</varequal></conditionvar><setvar action="Set">0.000000000</setvar><displayfeedback feedbacktype="Response" linkrefid="QUES_6441379_6450765_IF23696502" /></respcondition></resprocessing><itemfeedback ident="QUES_6441379_6450765_IF23696499"><material><mattext texttype="text/plain" /></material></itemfeedback><itemfeedback ident="QUES_6441379_6450765_IF23696500"><material><mattext texttype="text/plain" /></material></itemfeedback><itemfeedback ident="QUES_6441379_6450765_IF23696501"><material><mattext texttype="text/plain" /></material></itemfeedback><itemfeedback ident="QUES_6441379_6450765_IF23696502"><material><mattext texttype="text/plain" /></material></itemfeedback></item><item ident="OBJ_7506420" label="QUES_6441380_6450766" d2l_2p0:page="1"><itemmetadata><qtimetadata><qti_metadatafield><fieldlabel>qmd_computerscored</fieldlabel><fieldentry>yes</fieldentry></qti_metadatafield><qti_metadatafield><fieldlabel>qmd_questiontype</fieldlabel><fieldentry>Multiple Choice</fieldentry></qti_metadatafield><qti_metadatafield><fieldlabel>qmd_weighting</fieldlabel><fieldentry>0.400000000</fieldentry></qti_metadatafield><qti_metadatafield><fieldlabel>qmd_globalid</fieldlabel><fieldentry>81d48912-bad5-4612-b408-ce292865f933</fieldentry></qti_metadatafield><qti_metadatafield><fieldlabel>qmd_displayid</fieldlabel><fieldentry>XLIST_SALAMAT_GAME3121_202201-48</fieldentry></qti_metadatafield></qtimetadata></itemmetadata><itemproc_extension><d2l_2p0:difficulty>1</d2l_2p0:difficulty><d2l_2p0:isbonus>no</d2l_2p0:isbonus><d2l_2p0:ismandatory>no</d2l_2p0:ismandatory></itemproc_extension><presentation><flow><material><mattext texttype="text/html">&lt;p&gt;What does this code do for us?&lt;/p&gt;  &lt;p&gt;class RenderManager{&lt;/p&gt;  &lt;p&gt;public:&amp;#160; &amp;#160;&lt;/p&gt;  &lt;p&gt;// Get the one and only instance.&amp;#160; &amp;#160;&lt;/p&gt;  &lt;p&gt;static RenderManager&amp;amp; get()&amp;#160; &amp;#160; {&amp;#160; &amp;#160; &amp;#160; &amp;#160;&lt;/p&gt;  &lt;p&gt;// This function-static will be constructed on the&amp;#160; &amp;#160;first call to this function.&amp;#160; &amp;#160; &amp;#160; &amp;#160;&lt;/p&gt;  &lt;p&gt;static RenderManager sSingleton;&amp;#160; &amp;#160; &amp;#160; &amp;#160;&lt;/p&gt;  &lt;p&gt;return sSingleton;&amp;#160; &amp;#160;&lt;/p&gt;  &lt;p&gt;}&amp;#160; &amp;#160;&lt;/p&gt;  &lt;p&gt;RenderManager()&amp;#160; &amp;#160;&lt;/p&gt;  &lt;p&gt;{&amp;#160; &amp;#160; &amp;#160; &amp;#160;&lt;/p&gt;  &lt;p&gt;// Start up other managers we depend on, by&amp;#160; &amp;#160;calling their get() functions first...&amp;#160; &amp;#160; &amp;#160; &amp;#160;&lt;/p&gt;  &lt;p&gt;VideoManager::get();&amp;#160; &amp;#160; &amp;#160; &amp;#160;&lt;/p&gt;  &lt;p&gt;TextureManager::get();&amp;#160; &amp;#160; &amp;#160; &amp;#160;&lt;/p&gt;  &lt;p&gt;// Now start up the render manager.&amp;#160; &amp;#160; &amp;#160; &amp;#160;&lt;/p&gt;  &lt;p&gt;// ...&amp;#160; &amp;#160;&lt;/p&gt;  &lt;p&gt;}&amp;#160; &amp;#160;&lt;/p&gt;  &lt;p&gt;~RenderManager()&amp;#160; &amp;#160;&lt;/p&gt;  &lt;p&gt;{&amp;#160; &amp;#160; &amp;#160; &amp;#160;&lt;/p&gt;  &lt;p&gt;// Shut down the manager.&amp;#160; &amp;#160; &amp;#160; &amp;#160; // ...&amp;#160; &amp;#160;&lt;/p&gt;  &lt;p&gt;}&lt;/p&gt;  &lt;p&gt;};&lt;/p&gt;</mattext></material><response_extension><d2l_2p0:display_style>2</d2l_2p0:display_style><d2l_2p0:enumeration>6</d2l_2p0:enumeration><d2l_2p0:grading_type>0</d2l_2p0:grading_type></response_extension><response_lid ident="QUES_6441380_6450766_LID" rcardinality="Single"><render_choice shuffle="no"><flow_label class="Block"><response_label ident="QUES_6441380_6450766_A23696503"><flow_mat><material><mattext texttype="text/html">&lt;div class="vtbegenerated inlineVtbegenerated"&gt;&lt;p&gt;Construct On Demand to start our Render Manager.&amp;#160;We use&amp;#160;our global singleton as&amp;#160;function-static, so we can control the order of construction for our global singletons.&lt;/p&gt;&lt;/div&gt;
</mattext></material></flow_mat></response_label></flow_label><flow_label class="Block"><response_label ident="QUES_6441380_6450766_A23696504"><flow_mat><material><mattext texttype="text/html">&lt;div class="vtbegenerated inlineVtbegenerated"&gt;&lt;p&gt;Dynamic allocation of the singleton&amp;#160;to control construction/destruction order&lt;/p&gt;&lt;/div&gt;
</mattext></material></flow_mat></response_label></flow_label><flow_label class="Block"><response_label ident="QUES_6441380_6450766_A23696505"><flow_mat><material><mattext texttype="text/html">&lt;div class="vtbegenerated inlineVtbegenerated"&gt;&lt;p&gt;C++ will &amp;quot;not&amp;quot; start up&amp;#160;&amp;#160;the managers (Video or Texture) upon which the RenderManager depends for their startup procedure, prior to the RenderManager&amp;#39;s constructor being called.&lt;/p&gt;&lt;/div&gt;
</mattext></material></flow_mat></response_label></flow_label><flow_label class="Block"><response_label ident="QUES_6441380_6450766_A23696506"><flow_mat><material><mattext texttype="text/html">&lt;div class="vtbegenerated inlineVtbegenerated"&gt;&lt;p&gt;&lt;span style="color: #000000;font-family: &amp;#39;Open Sans&amp;#39;, sans-serif;font-size: 13px;font-style: normal;font-weight: 400;letter-spacing: normal;text-align: start;text-indent: 0px;text-transform: none;white-space: normal;word-spacing: 0px;background-color: #ffffff;display: inline !important;float: none;"&gt;&lt;/span&gt;This code still gives us no way to control construction order of the render managers or its dependencies.&lt;/p&gt;&lt;/div&gt;
</mattext></material></flow_mat></response_label></flow_label></render_choice></response_lid></flow></presentation><resprocessing><respcondition title="Response Condition 1"><conditionvar><varequal respident="QUES_6441380_6450766_LID">QUES_6441380_6450766_A23696503</varequal></conditionvar><setvar action="Set">100.000000000</setvar><displayfeedback feedbacktype="Response" linkrefid="QUES_6441380_6450766_IF23696503" /></respcondition><respcondition title="Response Condition 2"><conditionvar><varequal respident="QUES_6441380_6450766_LID">QUES_6441380_6450766_A23696504</varequal></conditionvar><setvar action="Set">0.000000000</setvar><displayfeedback feedbacktype="Response" linkrefid="QUES_6441380_6450766_IF23696504" /></respcondition><respcondition title="Response Condition 3"><conditionvar><varequal respident="QUES_6441380_6450766_LID">QUES_6441380_6450766_A23696505</varequal></conditionvar><setvar action="Set">0.000000000</setvar><displayfeedback feedbacktype="Response" linkrefid="QUES_6441380_6450766_IF23696505" /></respcondition><respcondition title="Response Condition 4"><conditionvar><varequal respident="QUES_6441380_6450766_LID">QUES_6441380_6450766_A23696506</varequal></conditionvar><setvar action="Set">0.000000000</setvar><displayfeedback feedbacktype="Response" linkrefid="QUES_6441380_6450766_IF23696506" /></respcondition></resprocessing><itemfeedback ident="QUES_6441380_6450766_IF23696503"><material><mattext texttype="text/plain" /></material></itemfeedback><itemfeedback ident="QUES_6441380_6450766_IF23696504"><material><mattext texttype="text/plain" /></material></itemfeedback><itemfeedback ident="QUES_6441380_6450766_IF23696505"><material><mattext texttype="text/plain" /></material></itemfeedback><itemfeedback ident="QUES_6441380_6450766_IF23696506"><material><mattext texttype="text/plain" /></material></itemfeedback></item><item ident="OBJ_7506421" label="QUES_6441381_6450767" d2l_2p0:page="1"><itemmetadata><qtimetadata><qti_metadatafield><fieldlabel>qmd_computerscored</fieldlabel><fieldentry>yes</fieldentry></qti_metadatafield><qti_metadatafield><fieldlabel>qmd_questiontype</fieldlabel><fieldentry>Multiple Choice</fieldentry></qti_metadatafield><qti_metadatafield><fieldlabel>qmd_weighting</fieldlabel><fieldentry>0.200000000</fieldentry></qti_metadatafield><qti_metadatafield><fieldlabel>qmd_globalid</fieldlabel><fieldentry>8edd7958-2f36-4bac-89a0-aedaa204ddb3</fieldentry></qti_metadatafield><qti_metadatafield><fieldlabel>qmd_displayid</fieldlabel><fieldentry>XLIST_SALAMAT_GAME3121_202201-49</fieldentry></qti_metadatafield></qtimetadata></itemmetadata><itemproc_extension><d2l_2p0:difficulty>1</d2l_2p0:difficulty><d2l_2p0:isbonus>no</d2l_2p0:isbonus><d2l_2p0:ismandatory>no</d2l_2p0:ismandatory></itemproc_extension><presentation><flow><material><mattext texttype="text/html">&lt;p&gt;As game developers, we are always trying to make our code run more quickly.&amp;#160;How does memory affect the performance of your game?&lt;/p&gt;</mattext></material><response_extension><d2l_2p0:display_style>2</d2l_2p0:display_style><d2l_2p0:enumeration>6</d2l_2p0:enumeration><d2l_2p0:grading_type>0</d2l_2p0:grading_type></response_extension><response_lid ident="QUES_6441381_6450767_LID" rcardinality="Single"><render_choice shuffle="no"><flow_label class="Block"><response_label ident="QUES_6441381_6450767_A23696507"><flow_mat><material><mattext texttype="text/html">&lt;div class="vtbegenerated inlineVtbegenerated"&gt;&lt;p&gt;We can improve the performance of our codeby either avoiding dynamic allocation altogether or by making use ofcustom memory allocators that greatly reduce allocation costs.&lt;/p&gt;&lt;/div&gt;
</mattext></material></flow_mat></response_label></flow_label><flow_label class="Block"><response_label ident="QUES_6441381_6450767_A23696508"><flow_mat><material><mattext texttype="text/html">&lt;div class="vtbegenerated inlineVtbegenerated"&gt;&lt;p&gt;Dynamic memory allocation via malloc() or C++&amp;#39;s global operator new is a very slow operation.&lt;/p&gt;&lt;/div&gt;
</mattext></material></flow_mat></response_label></flow_label><flow_label class="Block"><response_label ident="QUES_6441381_6450767_A23696509"><flow_mat><material><mattext texttype="text/html">&lt;div class="vtbegenerated inlineVtbegenerated"&gt;&lt;p&gt;A data that is located in small, contiguous blocks of memory that can be operated on much more efficiently by the CPU than if that same data were to be spread out across a wide range of memory addresses&lt;/p&gt;&lt;/div&gt;
</mattext></material></flow_mat></response_label></flow_label><flow_label class="Block"><response_label ident="QUES_6441381_6450767_A23696510"><flow_mat><material><mattext texttype="text/html">&lt;div class="vtbegenerated inlineVtbegenerated"&gt;&lt;p&gt;All of the above&lt;/p&gt;&lt;/div&gt;
</mattext></material></flow_mat></response_label></flow_label></render_choice></response_lid></flow></presentation><resprocessing><respcondition title="Response Condition 1"><conditionvar><varequal respident="QUES_6441381_6450767_LID">QUES_6441381_6450767_A23696507</varequal></conditionvar><setvar action="Set">0.000000000</setvar><displayfeedback feedbacktype="Response" linkrefid="QUES_6441381_6450767_IF23696507" /></respcondition><respcondition title="Response Condition 2"><conditionvar><varequal respident="QUES_6441381_6450767_LID">QUES_6441381_6450767_A23696508</varequal></conditionvar><setvar action="Set">0.000000000</setvar><displayfeedback feedbacktype="Response" linkrefid="QUES_6441381_6450767_IF23696508" /></respcondition><respcondition title="Response Condition 3"><conditionvar><varequal respident="QUES_6441381_6450767_LID">QUES_6441381_6450767_A23696509</varequal></conditionvar><setvar action="Set">0.000000000</setvar><displayfeedback feedbacktype="Response" linkrefid="QUES_6441381_6450767_IF23696509" /></respcondition><respcondition title="Response Condition 4"><conditionvar><varequal respident="QUES_6441381_6450767_LID">QUES_6441381_6450767_A23696510</varequal></conditionvar><setvar action="Set">100.000000000</setvar><displayfeedback feedbacktype="Response" linkrefid="QUES_6441381_6450767_IF23696510" /></respcondition></resprocessing><itemfeedback ident="QUES_6441381_6450767_IF23696507"><material><mattext texttype="text/plain" /></material></itemfeedback><itemfeedback ident="QUES_6441381_6450767_IF23696508"><material><mattext texttype="text/plain" /></material></itemfeedback><itemfeedback ident="QUES_6441381_6450767_IF23696509"><material><mattext texttype="text/plain" /></material></itemfeedback><itemfeedback ident="QUES_6441381_6450767_IF23696510"><material><mattext texttype="text/plain" /></material></itemfeedback></item><item ident="OBJ_7506422" label="QUES_6441382_6450768" d2l_2p0:page="1"><itemmetadata><qtimetadata><qti_metadatafield><fieldlabel>qmd_computerscored</fieldlabel><fieldentry>yes</fieldentry></qti_metadatafield><qti_metadatafield><fieldlabel>qmd_questiontype</fieldlabel><fieldentry>Multiple Choice</fieldentry></qti_metadatafield><qti_metadatafield><fieldlabel>qmd_weighting</fieldlabel><fieldentry>0.400000000</fieldentry></qti_metadatafield><qti_metadatafield><fieldlabel>qmd_globalid</fieldlabel><fieldentry>a50746a5-9191-4ebd-88b3-f22d49d34fc2</fieldentry></qti_metadatafield><qti_metadatafield><fieldlabel>qmd_displayid</fieldlabel><fieldentry>XLIST_SALAMAT_GAME3121_202201-54</fieldentry></qti_metadatafield></qtimetadata></itemmetadata><itemproc_extension><d2l_2p0:difficulty>1</d2l_2p0:difficulty><d2l_2p0:isbonus>no</d2l_2p0:isbonus><d2l_2p0:ismandatory>no</d2l_2p0:ismandatory></itemproc_extension><presentation><flow><material><mattext texttype="text/html">&lt;p&gt;Let&amp;#39;s assume that we want to have singleton managers for our subsystems. Which of the following codes is the simplest &amp;quot;brute-force&amp;quot; approach is to define explicit start-up and shut-down functions for each singleton manager class.&lt;/p&gt;</mattext></material><response_extension><d2l_2p0:display_style>2</d2l_2p0:display_style><d2l_2p0:enumeration>6</d2l_2p0:enumeration><d2l_2p0:grading_type>0</d2l_2p0:grading_type></response_extension><response_lid ident="QUES_6441382_6450768_LID" rcardinality="Single"><render_choice shuffle="no"><flow_label class="Block"><response_label ident="QUES_6441382_6450768_A23696511"><flow_mat><material><mattext texttype="text/html">&lt;div class="vtbegenerated inlineVtbegenerated"&gt;&lt;p style="font-family: &amp;#39;Open Sans&amp;#39;, sans-serif;text-shadow: none !important;letter-spacing: normal;margin: 0px 0px 1em;padding: 0px;border: 0px;outline: 0px;font-weight: 400;font-style: normal;font-size: small;position: relative;color: #000000;text-align: left;text-indent: 0px;text-transform: none;white-space: normal;word-spacing: 0px;background-color: #f4f4f4;"&gt;class RenderManager{&lt;/p&gt;  &lt;p style="font-family: &amp;#39;Open Sans&amp;#39;, sans-serif;text-shadow: none !important;letter-spacing: normal;margin: 0px 0px 1em;padding: 0px;border: 0px;outline: 0px;font-weight: 400;font-style: normal;font-size: small;position: relative;color: #000000;text-align: left;text-indent: 0px;text-transform: none;white-space: normal;word-spacing: 0px;background-color: #f4f4f4;"&gt;public:&amp;#160; &amp;#160;&lt;/p&gt;  &lt;p style="font-family: &amp;#39;Open Sans&amp;#39;, sans-serif;text-shadow: none !important;letter-spacing: normal;margin: 0px 0px 1em;padding: 0px;border: 0px;outline: 0px;font-weight: 400;font-style: normal;font-size: small;position: relative;color: #000000;text-align: left;text-indent: 0px;text-transform: none;white-space: normal;word-spacing: 0px;background-color: #f4f4f4;"&gt;// Get the one and only instance.&amp;#160; &amp;#160;&lt;/p&gt;  &lt;p style="font-family: &amp;#39;Open Sans&amp;#39;, sans-serif;text-shadow: none !important;letter-spacing: normal;margin: 0px 0px 1em;padding: 0px;border: 0px;outline: 0px;font-weight: 400;font-style: normal;font-size: small;position: relative;color: #000000;text-align: left;text-indent: 0px;text-transform: none;white-space: normal;word-spacing: 0px;background-color: #f4f4f4;"&gt;static RenderManager&amp;amp; get()&amp;#160; &amp;#160; {&amp;#160; &amp;#160; &amp;#160; &amp;#160;&lt;/p&gt;  &lt;p style="font-family: &amp;#39;Open Sans&amp;#39;, sans-serif;text-shadow: none !important;letter-spacing: normal;margin: 0px 0px 1em;padding: 0px;border: 0px;outline: 0px;font-weight: 400;font-style: normal;font-size: small;position: relative;color: #000000;text-align: left;text-indent: 0px;text-transform: none;white-space: normal;word-spacing: 0px;background-color: #f4f4f4;"&gt;// This function-static will be constructed on the&amp;#160; &amp;#160;first call to this function.&amp;#160; &amp;#160; &amp;#160; &amp;#160;&lt;/p&gt;  &lt;p style="font-family: &amp;#39;Open Sans&amp;#39;, sans-serif;text-shadow: none !important;letter-spacing: normal;margin: 0px 0px 1em;padding: 0px;border: 0px;outline: 0px;font-weight: 400;font-style: normal;font-size: small;position: relative;color: #000000;text-align: left;text-indent: 0px;text-transform: none;white-space: normal;word-spacing: 0px;background-color: #f4f4f4;"&gt;static RenderManager sSingleton;&amp;#160; &amp;#160; &amp;#160; &amp;#160;&lt;/p&gt;  &lt;p style="font-family: &amp;#39;Open Sans&amp;#39;, sans-serif;text-shadow: none !important;letter-spacing: normal;margin: 0px 0px 1em;padding: 0px;border: 0px;outline: 0px;font-weight: 400;font-style: normal;font-size: small;position: relative;color: #000000;text-align: left;text-indent: 0px;text-transform: none;white-space: normal;word-spacing: 0px;background-color: #f4f4f4;"&gt;return sSingleton;&amp;#160; &amp;#160;&lt;/p&gt;  &lt;p style="font-family: &amp;#39;Open Sans&amp;#39;, sans-serif;text-shadow: none !important;letter-spacing: normal;margin: 0px 0px 1em;padding: 0px;border: 0px;outline: 0px;font-weight: 400;font-style: normal;font-size: small;position: relative;color: #000000;text-align: left;text-indent: 0px;text-transform: none;white-space: normal;word-spacing: 0px;background-color: #f4f4f4;"&gt;}&amp;#160; &amp;#160;&lt;/p&gt;  &lt;p style="font-family: &amp;#39;Open Sans&amp;#39;, sans-serif;text-shadow: none !important;letter-spacing: normal;margin: 0px 0px 1em;padding: 0px;border: 0px;outline: 0px;font-weight: 400;font-style: normal;font-size: small;position: relative;color: #000000;text-align: left;text-indent: 0px;text-transform: none;white-space: normal;word-spacing: 0px;background-color: #f4f4f4;"&gt;RenderManager()&amp;#160; &amp;#160;&lt;/p&gt;  &lt;p style="font-family: &amp;#39;Open Sans&amp;#39;, sans-serif;text-shadow: none !important;letter-spacing: normal;margin: 0px 0px 1em;padding: 0px;border: 0px;outline: 0px;font-weight: 400;font-style: normal;font-size: small;position: relative;color: #000000;text-align: left;text-indent: 0px;text-transform: none;white-space: normal;word-spacing: 0px;background-color: #f4f4f4;"&gt;{&amp;#160; &amp;#160; &amp;#160; &amp;#160;&lt;/p&gt;  &lt;p style="font-family: &amp;#39;Open Sans&amp;#39;, sans-serif;text-shadow: none !important;letter-spacing: normal;margin: 0px 0px 1em;padding: 0px;border: 0px;outline: 0px;font-weight: 400;font-style: normal;font-size: small;position: relative;color: #000000;text-align: left;text-indent: 0px;text-transform: none;white-space: normal;word-spacing: 0px;background-color: #f4f4f4;"&gt;// Start up other managers we depend on, by&amp;#160; &amp;#160;calling their get() functions first...&amp;#160; &amp;#160; &amp;#160; &amp;#160;&lt;/p&gt;  &lt;p style="font-family: &amp;#39;Open Sans&amp;#39;, sans-serif;text-shadow: none !important;letter-spacing: normal;margin: 0px 0px 1em;padding: 0px;border: 0px;outline: 0px;font-weight: 400;font-style: normal;font-size: small;position: relative;color: #000000;text-align: left;text-indent: 0px;text-transform: none;white-space: normal;word-spacing: 0px;background-color: #f4f4f4;"&gt;VideoManager::get();&amp;#160; &amp;#160; &amp;#160; &amp;#160;&lt;/p&gt;  &lt;p style="font-family: &amp;#39;Open Sans&amp;#39;, sans-serif;text-shadow: none !important;letter-spacing: normal;margin: 0px 0px 1em;padding: 0px;border: 0px;outline: 0px;font-weight: 400;font-style: normal;font-size: small;position: relative;color: #000000;text-align: left;text-indent: 0px;text-transform: none;white-space: normal;word-spacing: 0px;background-color: #f4f4f4;"&gt;TextureManager::get();&amp;#160; &amp;#160; &amp;#160; &amp;#160;&lt;/p&gt;  &lt;p style="font-family: &amp;#39;Open Sans&amp;#39;, sans-serif;text-shadow: none !important;letter-spacing: normal;margin: 0px 0px 1em;padding: 0px;border: 0px;outline: 0px;font-weight: 400;font-style: normal;font-size: small;position: relative;color: #000000;text-align: left;text-indent: 0px;text-transform: none;white-space: normal;word-spacing: 0px;background-color: #f4f4f4;"&gt;// Now start up the render manager.&amp;#160; &amp;#160; &amp;#160; &amp;#160;&lt;/p&gt;  &lt;p style="font-family: &amp;#39;Open Sans&amp;#39;, sans-serif;text-shadow: none !important;letter-spacing: normal;margin: 0px 0px 1em;padding: 0px;border: 0px;outline: 0px;font-weight: 400;font-style: normal;font-size: small;position: relative;color: #000000;text-align: left;text-indent: 0px;text-transform: none;white-space: normal;word-spacing: 0px;background-color: #f4f4f4;"&gt;// ...&amp;#160; &amp;#160;&lt;/p&gt;  &lt;p style="font-family: &amp;#39;Open Sans&amp;#39;, sans-serif;text-shadow: none !important;letter-spacing: normal;margin: 0px 0px 1em;padding: 0px;border: 0px;outline: 0px;font-weight: 400;font-style: normal;font-size: small;position: relative;color: #000000;text-align: left;text-indent: 0px;text-transform: none;white-space: normal;word-spacing: 0px;background-color: #f4f4f4;"&gt;}&amp;#160; &amp;#160;&lt;/p&gt;  &lt;p style="font-family: &amp;#39;Open Sans&amp;#39;, sans-serif;text-shadow: none !important;letter-spacing: normal;margin: 0px 0px 1em;padding: 0px;border: 0px;outline: 0px;font-weight: 400;font-style: normal;font-size: small;position: relative;color: #000000;text-align: left;text-indent: 0px;text-transform: none;white-space: normal;word-spacing: 0px;background-color: #f4f4f4;"&gt;~RenderManager()&amp;#160; &amp;#160;&lt;/p&gt;  &lt;p style="font-family: &amp;#39;Open Sans&amp;#39;, sans-serif;text-shadow: none !important;letter-spacing: normal;margin: 0px 0px 1em;padding: 0px;border: 0px;outline: 0px;font-weight: 400;font-style: normal;font-size: small;position: relative;color: #000000;text-align: left;text-indent: 0px;text-transform: none;white-space: normal;word-spacing: 0px;background-color: #f4f4f4;"&gt;{&amp;#160; &amp;#160; &amp;#160; &amp;#160;&lt;/p&gt;  &lt;p style="font-family: &amp;#39;Open Sans&amp;#39;, sans-serif;text-shadow: none !important;letter-spacing: normal;margin: 0px 0px 1em;padding: 0px;border: 0px;outline: 0px;font-weight: 400;font-style: normal;font-size: small;position: relative;color: #000000;text-align: left;text-indent: 0px;text-transform: none;white-space: normal;word-spacing: 0px;background-color: #f4f4f4;"&gt;// Shut down the manager.&amp;#160; &amp;#160; &amp;#160; &amp;#160; // ...&amp;#160; &amp;#160;&lt;/p&gt;  &lt;p style="font-family: &amp;#39;Open Sans&amp;#39;, sans-serif;text-shadow: none !important;letter-spacing: normal;margin: 0px 0px 1em;padding: 0px;border: 0px;outline: 0px;font-weight: 400;font-style: normal;font-size: small;position: relative;color: #000000;text-align: left;text-indent: 0px;text-transform: none;white-space: normal;word-spacing: 0px;background-color: #f4f4f4;"&gt;}&lt;/p&gt;  &lt;p style="font-family: &amp;#39;Open Sans&amp;#39;, sans-serif;text-shadow: none !important;letter-spacing: normal;margin: 0px 0px 1em;padding: 0px;border: 0px;outline: 0px;font-weight: 400;font-style: normal;font-size: small;position: relative;color: #000000;text-align: left;text-indent: 0px;text-transform: none;white-space: normal;word-spacing: 0px;background-color: #f4f4f4;"&gt;};&lt;/p&gt;  &lt;p&gt;&lt;br/&gt;&lt;/p&gt;&lt;/div&gt;
</mattext></material></flow_mat></response_label></flow_label><flow_label class="Block"><response_label ident="QUES_6441382_6450768_A23696512"><flow_mat><material><mattext texttype="text/html">&lt;div class="vtbegenerated inlineVtbegenerated"&gt;&lt;p style="font-family: &amp;#39;Open Sans&amp;#39;, sans-serif;text-shadow: none !important;letter-spacing: normal;margin: 0px 0px 1em;padding: 0px;border: 0px;outline: 0px;font-weight: 400;font-style: normal;font-size: small;position: relative;color: #000000;text-align: left;text-indent: 0px;text-transform: none;white-space: normal;word-spacing: 0px;background-color: #f4f4f4;"&gt;class RenderManager{&lt;/p&gt;  &lt;p style="font-family: &amp;#39;Open Sans&amp;#39;, sans-serif;text-shadow: none !important;letter-spacing: normal;margin: 0px 0px 1em;padding: 0px;border: 0px;outline: 0px;font-weight: 400;font-style: normal;font-size: small;position: relative;color: #000000;text-align: left;text-indent: 0px;text-transform: none;white-space: normal;word-spacing: 0px;background-color: #f4f4f4;"&gt;public:&amp;#160; &amp;#160;&lt;/p&gt;  &lt;p style="font-family: &amp;#39;Open Sans&amp;#39;, sans-serif;text-shadow: none !important;letter-spacing: normal;margin: 0px 0px 1em;padding: 0px;border: 0px;outline: 0px;font-weight: 400;font-style: normal;font-size: small;position: relative;color: #000000;text-align: left;text-indent: 0px;text-transform: none;white-space: normal;word-spacing: 0px;background-color: #f4f4f4;"&gt;// Get the one and only instance.&amp;#160; &amp;#160;&lt;/p&gt;  &lt;p style="font-family: &amp;#39;Open Sans&amp;#39;, sans-serif;text-shadow: none !important;letter-spacing: normal;margin: 0px 0px 1em;padding: 0px;border: 0px;outline: 0px;font-weight: 400;font-style: normal;font-size: small;position: relative;color: #000000;text-align: left;text-indent: 0px;text-transform: none;white-space: normal;word-spacing: 0px;background-color: #f4f4f4;"&gt;static RenderManager&amp;amp; get()&amp;#160; &amp;#160; {&amp;#160; &amp;#160; &amp;#160; &amp;#160;&lt;/p&gt;  &lt;p style="font-family: &amp;#39;Open Sans&amp;#39;, sans-serif;text-shadow: none !important;letter-spacing: normal;margin: 0px 0px 1em;padding: 0px;border: 0px;outline: 0px;font-weight: 400;font-style: normal;font-size: small;position: relative;color: #000000;text-align: left;text-indent: 0px;text-transform: none;white-space: normal;word-spacing: 0px;background-color: #f4f4f4;"&gt;// This function-static will be constructed on the&amp;#160; &amp;#160;first call to this function.&amp;#160; &amp;#160; &amp;#160; &amp;#160;&lt;/p&gt;  &lt;p style="font-family: &amp;#39;Open Sans&amp;#39;, sans-serif;text-shadow: none !important;letter-spacing: normal;margin: 0px 0px 1em;padding: 0px;border: 0px;outline: 0px;font-weight: 400;font-style: normal;font-size: small;position: relative;color: #000000;text-align: left;text-indent: 0px;text-transform: none;white-space: normal;word-spacing: 0px;background-color: #f4f4f4;"&gt;static RenderManager* gpSingleton = nullptr;&lt;/p&gt;  &lt;p style="font-family: &amp;#39;Open Sans&amp;#39;, sans-serif;text-shadow: none !important;letter-spacing: normal;margin: 0px 0px 1em;padding: 0px;border: 0px;outline: 0px;font-weight: 400;font-style: normal;font-size: small;position: relative;color: #000000;text-align: left;text-indent: 0px;text-transform: none;white-space: normal;word-spacing: 0px;background-color: #f4f4f4;"&gt;if (gpSingleton == nullptr)&lt;/p&gt;  &lt;p style="font-family: &amp;#39;Open Sans&amp;#39;, sans-serif;text-shadow: none !important;letter-spacing: normal;margin: 0px 0px 1em;padding: 0px;border: 0px;outline: 0px;font-weight: 400;font-style: normal;font-size: small;position: relative;color: #000000;text-align: left;text-indent: 0px;text-transform: none;white-space: normal;word-spacing: 0px;background-color: #f4f4f4;"&gt;{&lt;/p&gt;  &lt;p style="font-family: &amp;#39;Open Sans&amp;#39;, sans-serif;text-shadow: none !important;letter-spacing: normal;margin: 0px 0px 1em;padding: 0px;border: 0px;outline: 0px;font-weight: 400;font-style: normal;font-size: small;position: relative;color: #000000;text-align: left;text-indent: 0px;text-transform: none;white-space: normal;word-spacing: 0px;background-color: #f4f4f4;"&gt;gpSingleton = new RenderManager; &amp;#160;&lt;/p&gt;  &lt;p style="font-family: &amp;#39;Open Sans&amp;#39;, sans-serif;text-shadow: none !important;letter-spacing: normal;margin: 0px 0px 1em;padding: 0px;border: 0px;outline: 0px;font-weight: 400;font-style: normal;font-size: small;position: relative;color: #000000;text-align: left;text-indent: 0px;text-transform: none;white-space: normal;word-spacing: 0px;background-color: #f4f4f4;"&gt;&lt;/p&gt;  &lt;p&gt;}&lt;/p&gt;  &lt;p&gt;ASSERT(gpSingleton);return *gpSingleton;&lt;/p&gt;  &lt;p&gt;}&lt;/p&gt;  &lt;p style="font-family: &amp;#39;Open Sans&amp;#39;, sans-serif;text-shadow: none !important;letter-spacing: normal;margin: 0px 0px 1em;padding: 0px;border: 0px;outline: 0px;font-weight: 400;font-style: normal;font-size: small;position: relative;color: #000000;text-align: left;text-indent: 0px;text-transform: none;white-space: normal;word-spacing: 0px;background-color: #f4f4f4;"&gt;&amp;#160;&lt;/p&gt;  &lt;p style="font-family: &amp;#39;Open Sans&amp;#39;, sans-serif;text-shadow: none !important;letter-spacing: normal;margin: 0px 0px 1em;padding: 0px;border: 0px;outline: 0px;font-weight: 400;font-style: normal;font-size: small;position: relative;color: #000000;text-align: left;text-indent: 0px;text-transform: none;white-space: normal;word-spacing: 0px;background-color: #f4f4f4;"&gt;RenderManager()&amp;#160; &amp;#160;&lt;/p&gt;  &lt;p style="font-family: &amp;#39;Open Sans&amp;#39;, sans-serif;text-shadow: none !important;letter-spacing: normal;margin: 0px 0px 1em;padding: 0px;border: 0px;outline: 0px;font-weight: 400;font-style: normal;font-size: small;position: relative;color: #000000;text-align: left;text-indent: 0px;text-transform: none;white-space: normal;word-spacing: 0px;background-color: #f4f4f4;"&gt;{&amp;#160; &amp;#160; &amp;#160; &amp;#160;&lt;/p&gt;  &lt;p style="font-family: &amp;#39;Open Sans&amp;#39;, sans-serif;text-shadow: none !important;letter-spacing: normal;margin: 0px 0px 1em;padding: 0px;border: 0px;outline: 0px;font-weight: 400;font-style: normal;font-size: small;position: relative;color: #000000;text-align: left;text-indent: 0px;text-transform: none;white-space: normal;word-spacing: 0px;background-color: #f4f4f4;"&gt;// Start up other managers we depend on, by&amp;#160; &amp;#160;calling their get() functions first...&amp;#160; &amp;#160; &amp;#160; &amp;#160;&lt;/p&gt;  &lt;p style="font-family: &amp;#39;Open Sans&amp;#39;, sans-serif;text-shadow: none !important;letter-spacing: normal;margin: 0px 0px 1em;padding: 0px;border: 0px;outline: 0px;font-weight: 400;font-style: normal;font-size: small;position: relative;color: #000000;text-align: left;text-indent: 0px;text-transform: none;white-space: normal;word-spacing: 0px;background-color: #f4f4f4;"&gt;VideoManager::get();&amp;#160; &amp;#160; &amp;#160; &amp;#160;&lt;/p&gt;  &lt;p style="font-family: &amp;#39;Open Sans&amp;#39;, sans-serif;text-shadow: none !important;letter-spacing: normal;margin: 0px 0px 1em;padding: 0px;border: 0px;outline: 0px;font-weight: 400;font-style: normal;font-size: small;position: relative;color: #000000;text-align: left;text-indent: 0px;text-transform: none;white-space: normal;word-spacing: 0px;background-color: #f4f4f4;"&gt;TextureManager::get();&amp;#160; &amp;#160; &amp;#160; &amp;#160;&lt;/p&gt;  &lt;p style="font-family: &amp;#39;Open Sans&amp;#39;, sans-serif;text-shadow: none !important;letter-spacing: normal;margin: 0px 0px 1em;padding: 0px;border: 0px;outline: 0px;font-weight: 400;font-style: normal;font-size: small;position: relative;color: #000000;text-align: left;text-indent: 0px;text-transform: none;white-space: normal;word-spacing: 0px;background-color: #f4f4f4;"&gt;// Now start up the render manager.&amp;#160; &amp;#160; &amp;#160; &amp;#160;&lt;/p&gt;  &lt;p style="font-family: &amp;#39;Open Sans&amp;#39;, sans-serif;text-shadow: none !important;letter-spacing: normal;margin: 0px 0px 1em;padding: 0px;border: 0px;outline: 0px;font-weight: 400;font-style: normal;font-size: small;position: relative;color: #000000;text-align: left;text-indent: 0px;text-transform: none;white-space: normal;word-spacing: 0px;background-color: #f4f4f4;"&gt;// ...&amp;#160; &amp;#160;&lt;/p&gt;  &lt;p style="font-family: &amp;#39;Open Sans&amp;#39;, sans-serif;text-shadow: none !important;letter-spacing: normal;margin: 0px 0px 1em;padding: 0px;border: 0px;outline: 0px;font-weight: 400;font-style: normal;font-size: small;position: relative;color: #000000;text-align: left;text-indent: 0px;text-transform: none;white-space: normal;word-spacing: 0px;background-color: #f4f4f4;"&gt;}&amp;#160; &amp;#160;&lt;/p&gt;  &lt;p style="font-family: &amp;#39;Open Sans&amp;#39;, sans-serif;text-shadow: none !important;letter-spacing: normal;margin: 0px 0px 1em;padding: 0px;border: 0px;outline: 0px;font-weight: 400;font-style: normal;font-size: small;position: relative;color: #000000;text-align: left;text-indent: 0px;text-transform: none;white-space: normal;word-spacing: 0px;background-color: #f4f4f4;"&gt;~RenderManager()&amp;#160; &amp;#160;&lt;/p&gt;  &lt;p style="font-family: &amp;#39;Open Sans&amp;#39;, sans-serif;text-shadow: none !important;letter-spacing: normal;margin: 0px 0px 1em;padding: 0px;border: 0px;outline: 0px;font-weight: 400;font-style: normal;font-size: small;position: relative;color: #000000;text-align: left;text-indent: 0px;text-transform: none;white-space: normal;word-spacing: 0px;background-color: #f4f4f4;"&gt;{&amp;#160; &amp;#160; &amp;#160; &amp;#160;&lt;/p&gt;  &lt;p style="font-family: &amp;#39;Open Sans&amp;#39;, sans-serif;text-shadow: none !important;letter-spacing: normal;margin: 0px 0px 1em;padding: 0px;border: 0px;outline: 0px;font-weight: 400;font-style: normal;font-size: small;position: relative;color: #000000;text-align: left;text-indent: 0px;text-transform: none;white-space: normal;word-spacing: 0px;background-color: #f4f4f4;"&gt;// Shut down the manager.&amp;#160; &amp;#160; &amp;#160; &amp;#160; // ...&amp;#160; &amp;#160;&lt;/p&gt;  &lt;p style="font-family: &amp;#39;Open Sans&amp;#39;, sans-serif;text-shadow: none !important;letter-spacing: normal;margin: 0px 0px 1em;padding: 0px;border: 0px;outline: 0px;font-weight: 400;font-style: normal;font-size: small;position: relative;color: #000000;text-align: left;text-indent: 0px;text-transform: none;white-space: normal;word-spacing: 0px;background-color: #f4f4f4;"&gt;}&lt;/p&gt;  &lt;p style="font-family: &amp;#39;Open Sans&amp;#39;, sans-serif;text-shadow: none !important;letter-spacing: normal;margin: 0px 0px 1em;padding: 0px;border: 0px;outline: 0px;font-weight: 400;font-style: normal;font-size: small;position: relative;color: #000000;text-align: left;text-indent: 0px;text-transform: none;white-space: normal;word-spacing: 0px;background-color: #f4f4f4;"&gt;};&lt;/p&gt;  &lt;p&gt;&lt;br/&gt;&lt;/p&gt;&lt;/div&gt;
</mattext></material></flow_mat></response_label></flow_label><flow_label class="Block"><response_label ident="QUES_6441382_6450768_A23696513"><flow_mat><material><mattext texttype="text/html">&lt;div class="vtbegenerated inlineVtbegenerated"&gt;&lt;p style="font-family: &amp;#39;Open Sans&amp;#39;, sans-serif;text-shadow: none !important;letter-spacing: normal;margin: 0px 0px 1em;padding: 0px;border: 0px;outline: 0px;font-weight: 400;font-style: normal;font-size: small;position: relative;color: #000000;text-align: left;text-indent: 0px;text-transform: none;white-space: normal;word-spacing: 0px;background-color: #f4f4f4;"&gt;class RenderManager{&lt;/p&gt;  &lt;p style="font-family: &amp;#39;Open Sans&amp;#39;, sans-serif;text-shadow: none !important;letter-spacing: normal;margin: 0px 0px 1em;padding: 0px;border: 0px;outline: 0px;font-weight: 400;font-style: normal;font-size: small;position: relative;color: #000000;text-align: left;text-indent: 0px;text-transform: none;white-space: normal;word-spacing: 0px;background-color: #f4f4f4;"&gt;public:&amp;#160; &amp;#160;&lt;/p&gt;  &lt;p style="font-family: &amp;#39;Open Sans&amp;#39;, sans-serif;text-shadow: none !important;letter-spacing: normal;margin: 0px 0px 1em;padding: 0px;border: 0px;outline: 0px;font-weight: 400;font-style: normal;font-size: small;position: relative;color: #000000;text-align: left;text-indent: 0px;text-transform: none;white-space: normal;word-spacing: 0px;background-color: #f4f4f4;"&gt;// Get the one and only instance.&amp;#160; &amp;#160;&lt;/p&gt;  &lt;p style="font-family: &amp;#39;Open Sans&amp;#39;, sans-serif;text-shadow: none !important;letter-spacing: normal;margin: 0px 0px 1em;padding: 0px;border: 0px;outline: 0px;font-weight: 400;font-style: normal;font-size: small;position: relative;color: #000000;text-align: left;text-indent: 0px;text-transform: none;white-space: normal;word-spacing: 0px;background-color: #f4f4f4;"&gt;static RenderManager&amp;amp; get()&amp;#160; &amp;#160; {&amp;#160; &amp;#160; &amp;#160; &amp;#160;&lt;/p&gt;  &lt;p style="font-family: &amp;#39;Open Sans&amp;#39;, sans-serif;text-shadow: none !important;letter-spacing: normal;margin: 0px 0px 1em;padding: 0px;border: 0px;outline: 0px;font-weight: 400;font-style: normal;font-size: small;position: relative;color: #000000;text-align: left;text-indent: 0px;text-transform: none;white-space: normal;word-spacing: 0px;background-color: #f4f4f4;"&gt;// This function-static will be constructed on the&amp;#160; &amp;#160;first call to this function.&amp;#160; &amp;#160; &amp;#160; &amp;#160;&lt;/p&gt;  &lt;p style="font-family: &amp;#39;Open Sans&amp;#39;, sans-serif;text-shadow: none !important;letter-spacing: normal;margin: 0px 0px 1em;padding: 0px;border: 0px;outline: 0px;font-weight: 400;font-style: normal;font-size: small;position: relative;color: #000000;text-align: left;text-indent: 0px;text-transform: none;white-space: normal;word-spacing: 0px;background-color: #f4f4f4;"&gt;static RenderManager* gSingleton;&amp;#160; &amp;#160; &amp;#160; &amp;#160;&lt;/p&gt;  &lt;p style="font-family: &amp;#39;Open Sans&amp;#39;, sans-serif;text-shadow: none !important;letter-spacing: normal;margin: 0px 0px 1em;padding: 0px;border: 0px;outline: 0px;font-weight: 400;font-style: normal;font-size: small;position: relative;color: #000000;text-align: left;text-indent: 0px;text-transform: none;white-space: normal;word-spacing: 0px;background-color: #f4f4f4;"&gt;return gSingleton;&amp;#160; &amp;#160;&lt;/p&gt;  &lt;p style="font-family: &amp;#39;Open Sans&amp;#39;, sans-serif;text-shadow: none !important;letter-spacing: normal;margin: 0px 0px 1em;padding: 0px;border: 0px;outline: 0px;font-weight: 400;font-style: normal;font-size: small;position: relative;color: #000000;text-align: left;text-indent: 0px;text-transform: none;white-space: normal;word-spacing: 0px;background-color: #f4f4f4;"&gt;}&amp;#160; &amp;#160;&lt;/p&gt;  &lt;p style="font-family: &amp;#39;Open Sans&amp;#39;, sans-serif;text-shadow: none !important;letter-spacing: normal;margin: 0px 0px 1em;padding: 0px;border: 0px;outline: 0px;font-weight: 400;font-style: normal;font-size: small;position: relative;color: #000000;text-align: left;text-indent: 0px;text-transform: none;white-space: normal;word-spacing: 0px;background-color: #f4f4f4;"&gt;RenderManager()&amp;#160; &amp;#160;&lt;/p&gt;  &lt;p style="font-family: &amp;#39;Open Sans&amp;#39;, sans-serif;text-shadow: none !important;letter-spacing: normal;margin: 0px 0px 1em;padding: 0px;border: 0px;outline: 0px;font-weight: 400;font-style: normal;font-size: small;position: relative;color: #000000;text-align: left;text-indent: 0px;text-transform: none;white-space: normal;word-spacing: 0px;background-color: #f4f4f4;"&gt;{&amp;#160; &amp;#160; &amp;#160; &amp;#160;&lt;/p&gt;  &lt;p style="font-family: &amp;#39;Open Sans&amp;#39;, sans-serif;text-shadow: none !important;letter-spacing: normal;margin: 0px 0px 1em;padding: 0px;border: 0px;outline: 0px;font-weight: 400;font-style: normal;font-size: small;position: relative;color: #000000;text-align: left;text-indent: 0px;text-transform: none;white-space: normal;word-spacing: 0px;background-color: #f4f4f4;"&gt;// Start up other managers we depend on, by&amp;#160; &amp;#160;calling their get() functions first...&amp;#160; &amp;#160; &amp;#160; &amp;#160;&lt;/p&gt;  &lt;p style="font-family: &amp;#39;Open Sans&amp;#39;, sans-serif;text-shadow: none !important;letter-spacing: normal;margin: 0px 0px 1em;padding: 0px;border: 0px;outline: 0px;font-weight: 400;font-style: normal;font-size: small;position: relative;color: #000000;text-align: left;text-indent: 0px;text-transform: none;white-space: normal;word-spacing: 0px;background-color: #f4f4f4;"&gt;VideoManager::get();&amp;#160; &amp;#160; &amp;#160; &amp;#160;&lt;/p&gt;  &lt;p style="font-family: &amp;#39;Open Sans&amp;#39;, sans-serif;text-shadow: none !important;letter-spacing: normal;margin: 0px 0px 1em;padding: 0px;border: 0px;outline: 0px;font-weight: 400;font-style: normal;font-size: small;position: relative;color: #000000;text-align: left;text-indent: 0px;text-transform: none;white-space: normal;word-spacing: 0px;background-color: #f4f4f4;"&gt;TextureManager::get();&amp;#160; &amp;#160; &amp;#160; &amp;#160;&lt;/p&gt;  &lt;p style="font-family: &amp;#39;Open Sans&amp;#39;, sans-serif;text-shadow: none !important;letter-spacing: normal;margin: 0px 0px 1em;padding: 0px;border: 0px;outline: 0px;font-weight: 400;font-style: normal;font-size: small;position: relative;color: #000000;text-align: left;text-indent: 0px;text-transform: none;white-space: normal;word-spacing: 0px;background-color: #f4f4f4;"&gt;// Now start up the render manager.&amp;#160; &amp;#160; &amp;#160; &amp;#160;&lt;/p&gt;  &lt;p style="font-family: &amp;#39;Open Sans&amp;#39;, sans-serif;text-shadow: none !important;letter-spacing: normal;margin: 0px 0px 1em;padding: 0px;border: 0px;outline: 0px;font-weight: 400;font-style: normal;font-size: small;position: relative;color: #000000;text-align: left;text-indent: 0px;text-transform: none;white-space: normal;word-spacing: 0px;background-color: #f4f4f4;"&gt;// ...&amp;#160; &amp;#160;&lt;/p&gt;  &lt;p style="font-family: &amp;#39;Open Sans&amp;#39;, sans-serif;text-shadow: none !important;letter-spacing: normal;margin: 0px 0px 1em;padding: 0px;border: 0px;outline: 0px;font-weight: 400;font-style: normal;font-size: small;position: relative;color: #000000;text-align: left;text-indent: 0px;text-transform: none;white-space: normal;word-spacing: 0px;background-color: #f4f4f4;"&gt;}&amp;#160; &amp;#160;&lt;/p&gt;  &lt;p style="font-family: &amp;#39;Open Sans&amp;#39;, sans-serif;text-shadow: none !important;letter-spacing: normal;margin: 0px 0px 1em;padding: 0px;border: 0px;outline: 0px;font-weight: 400;font-style: normal;font-size: small;position: relative;color: #000000;text-align: left;text-indent: 0px;text-transform: none;white-space: normal;word-spacing: 0px;background-color: #f4f4f4;"&gt;~RenderManager()&amp;#160; &amp;#160;&lt;/p&gt;  &lt;p style="font-family: &amp;#39;Open Sans&amp;#39;, sans-serif;text-shadow: none !important;letter-spacing: normal;margin: 0px 0px 1em;padding: 0px;border: 0px;outline: 0px;font-weight: 400;font-style: normal;font-size: small;position: relative;color: #000000;text-align: left;text-indent: 0px;text-transform: none;white-space: normal;word-spacing: 0px;background-color: #f4f4f4;"&gt;{&amp;#160; &amp;#160; &amp;#160; &amp;#160;&lt;/p&gt;  &lt;p style="font-family: &amp;#39;Open Sans&amp;#39;, sans-serif;text-shadow: none !important;letter-spacing: normal;margin: 0px 0px 1em;padding: 0px;border: 0px;outline: 0px;font-weight: 400;font-style: normal;font-size: small;position: relative;color: #000000;text-align: left;text-indent: 0px;text-transform: none;white-space: normal;word-spacing: 0px;background-color: #f4f4f4;"&gt;// Shut down the manager.&amp;#160; &amp;#160; &amp;#160; &amp;#160; // ...&amp;#160; &amp;#160;&lt;/p&gt;  &lt;p style="font-family: &amp;#39;Open Sans&amp;#39;, sans-serif;text-shadow: none !important;letter-spacing: normal;margin: 0px 0px 1em;padding: 0px;border: 0px;outline: 0px;font-weight: 400;font-style: normal;font-size: small;position: relative;color: #000000;text-align: left;text-indent: 0px;text-transform: none;white-space: normal;word-spacing: 0px;background-color: #f4f4f4;"&gt;}&lt;/p&gt;  &lt;p style="font-family: &amp;#39;Open Sans&amp;#39;, sans-serif;text-shadow: none !important;letter-spacing: normal;margin: 0px 0px 1em;padding: 0px;border: 0px;outline: 0px;font-weight: 400;font-style: normal;font-size: small;position: relative;color: #000000;text-align: left;text-indent: 0px;text-transform: none;white-space: normal;word-spacing: 0px;background-color: #f4f4f4;"&gt;};&lt;/p&gt;  &lt;p&gt;&lt;br/&gt;&lt;/p&gt;&lt;/div&gt;
</mattext></material></flow_mat></response_label></flow_label><flow_label class="Block"><response_label ident="QUES_6441382_6450768_A23696514"><flow_mat><material><mattext texttype="text/html">&lt;div class="vtbegenerated inlineVtbegenerated"&gt;&lt;p&gt;class RenderManager&lt;/p&gt;  &lt;p&gt;{&lt;/p&gt;  &lt;p&gt;public:RenderManager()&lt;/p&gt;  &lt;p&gt;{&lt;/p&gt;  &lt;p&gt;// do nothing&lt;/p&gt;  &lt;p&gt;}&lt;/p&gt;  &lt;p&gt;~RenderManager(){&lt;/p&gt;  &lt;p&gt;// do nothing&lt;/p&gt;  &lt;p&gt;}&lt;/p&gt;  &lt;p&gt;void startUp(){&lt;/p&gt;  &lt;p&gt;// start up the manager...&lt;/p&gt;  &lt;p&gt;}&lt;/p&gt;  &lt;p&gt;void shutDown(){&lt;/p&gt;  &lt;p&gt;// shut down the manager&lt;/p&gt;  &lt;p&gt;...&lt;/p&gt;  &lt;p&gt;}&lt;/p&gt;  &lt;p&gt;// ...&lt;/p&gt;  &lt;p&gt;};&lt;/p&gt;&lt;/div&gt;
</mattext></material></flow_mat></response_label></flow_label></render_choice></response_lid></flow></presentation><resprocessing><respcondition title="Response Condition 1"><conditionvar><varequal respident="QUES_6441382_6450768_LID">QUES_6441382_6450768_A23696511</varequal></conditionvar><setvar action="Set">0.000000000</setvar><displayfeedback feedbacktype="Response" linkrefid="QUES_6441382_6450768_IF23696511" /></respcondition><respcondition title="Response Condition 2"><conditionvar><varequal respident="QUES_6441382_6450768_LID">QUES_6441382_6450768_A23696512</varequal></conditionvar><setvar action="Set">0.000000000</setvar><displayfeedback feedbacktype="Response" linkrefid="QUES_6441382_6450768_IF23696512" /></respcondition><respcondition title="Response Condition 3"><conditionvar><varequal respident="QUES_6441382_6450768_LID">QUES_6441382_6450768_A23696513</varequal></conditionvar><setvar action="Set">0.000000000</setvar><displayfeedback feedbacktype="Response" linkrefid="QUES_6441382_6450768_IF23696513" /></respcondition><respcondition title="Response Condition 4"><conditionvar><varequal respident="QUES_6441382_6450768_LID">QUES_6441382_6450768_A23696514</varequal></conditionvar><setvar action="Set">100.000000000</setvar><displayfeedback feedbacktype="Response" linkrefid="QUES_6441382_6450768_IF23696514" /></respcondition></resprocessing><itemfeedback ident="QUES_6441382_6450768_IF23696511"><material><mattext texttype="text/plain" /></material></itemfeedback><itemfeedback ident="QUES_6441382_6450768_IF23696512"><material><mattext texttype="text/plain" /></material></itemfeedback><itemfeedback ident="QUES_6441382_6450768_IF23696513"><material><mattext texttype="text/plain" /></material></itemfeedback><itemfeedback ident="QUES_6441382_6450768_IF23696514"><material><mattext texttype="text/plain" /></material></itemfeedback></item><item ident="OBJ_7506423" label="QUES_6441383_6450769" d2l_2p0:page="1"><itemmetadata><qtimetadata><qti_metadatafield><fieldlabel>qmd_computerscored</fieldlabel><fieldentry>yes</fieldentry></qti_metadatafield><qti_metadatafield><fieldlabel>qmd_questiontype</fieldlabel><fieldentry>Multiple Choice</fieldentry></qti_metadatafield><qti_metadatafield><fieldlabel>qmd_weighting</fieldlabel><fieldentry>0.200000000</fieldentry></qti_metadatafield><qti_metadatafield><fieldlabel>qmd_globalid</fieldlabel><fieldentry>f0b6fb7e-2c61-43fa-88dd-08d8e99d44f9</fieldentry></qti_metadatafield><qti_metadatafield><fieldlabel>qmd_displayid</fieldlabel><fieldentry>XLIST_SALAMAT_GAME3121_202201-61</fieldentry></qti_metadatafield></qtimetadata></itemmetadata><itemproc_extension><d2l_2p0:difficulty>1</d2l_2p0:difficulty><d2l_2p0:isbonus>no</d2l_2p0:isbonus><d2l_2p0:ismandatory>no</d2l_2p0:ismandatory></itemproc_extension><presentation><flow><material><mattext texttype="text/html">&lt;p&gt;Many games allocate memory in this fashion: Whenever a new game level is loaded, memory is allocated for it. Once the level has been loaded, little or no dynamic memory allocation takes place. At the conclusion of the level, its data is unloaded and all of its memory can be freed. It makes a lot of sense to use a this data structure for these kinds of memory allocations. What is the name of this memory allocator?&lt;/p&gt;</mattext></material><response_extension><d2l_2p0:display_style>2</d2l_2p0:display_style><d2l_2p0:enumeration>6</d2l_2p0:enumeration><d2l_2p0:grading_type>0</d2l_2p0:grading_type></response_extension><response_lid ident="QUES_6441383_6450769_LID" rcardinality="Single"><render_choice shuffle="no"><flow_label class="Block"><response_label ident="QUES_6441383_6450769_A23696515"><flow_mat><material><mattext texttype="text/html">&lt;div class="vtbegenerated inlineVtbegenerated"&gt;&lt;p&gt;Stack-based Allocators&lt;/p&gt;&lt;/div&gt;
</mattext></material></flow_mat></response_label></flow_label><flow_label class="Block"><response_label ident="QUES_6441383_6450769_A23696516"><flow_mat><material><mattext texttype="text/html">&lt;div class="vtbegenerated inlineVtbegenerated"&gt;&lt;p&gt;Dynamic Memory Allocator&lt;/p&gt;&lt;/div&gt;
</mattext></material></flow_mat></response_label></flow_label><flow_label class="Block"><response_label ident="QUES_6441383_6450769_A23696517"><flow_mat><material><mattext texttype="text/html">&lt;div class="vtbegenerated inlineVtbegenerated"&gt;&lt;p&gt;Pool Allocator&lt;/p&gt;&lt;/div&gt;
</mattext></material></flow_mat></response_label></flow_label></render_choice></response_lid></flow></presentation><resprocessing><respcondition title="Response Condition 1"><conditionvar><varequal respident="QUES_6441383_6450769_LID">QUES_6441383_6450769_A23696515</varequal></conditionvar><setvar action="Set">100.000000000</setvar><displayfeedback feedbacktype="Response" linkrefid="QUES_6441383_6450769_IF23696515" /></respcondition><respcondition title="Response Condition 2"><conditionvar><varequal respident="QUES_6441383_6450769_LID">QUES_6441383_6450769_A23696516</varequal></conditionvar><setvar action="Set">0.000000000</setvar><displayfeedback feedbacktype="Response" linkrefid="QUES_6441383_6450769_IF23696516" /></respcondition><respcondition title="Response Condition 3"><conditionvar><varequal respident="QUES_6441383_6450769_LID">QUES_6441383_6450769_A23696517</varequal></conditionvar><setvar action="Set">0.000000000</setvar><displayfeedback feedbacktype="Response" linkrefid="QUES_6441383_6450769_IF23696517" /></respcondition></resprocessing><itemfeedback ident="QUES_6441383_6450769_IF23696515"><material><mattext texttype="text/plain" /></material></itemfeedback><itemfeedback ident="QUES_6441383_6450769_IF23696516"><material><mattext texttype="text/plain" /></material></itemfeedback><itemfeedback ident="QUES_6441383_6450769_IF23696517"><material><mattext texttype="text/plain" /></material></itemfeedback></item><item ident="OBJ_7506424" label="QUES_6441384_6450770" d2l_2p0:page="1"><itemmetadata><qtimetadata><qti_metadatafield><fieldlabel>qmd_computerscored</fieldlabel><fieldentry>yes</fieldentry></qti_metadatafield><qti_metadatafield><fieldlabel>qmd_questiontype</fieldlabel><fieldentry>Multiple Choice</fieldentry></qti_metadatafield><qti_metadatafield><fieldlabel>qmd_weighting</fieldlabel><fieldentry>0.200000000</fieldentry></qti_metadatafield><qti_metadatafield><fieldlabel>qmd_globalid</fieldlabel><fieldentry>f732ffe7-c80f-42db-a9a3-26fbeb8de60f</fieldentry></qti_metadatafield><qti_metadatafield><fieldlabel>qmd_displayid</fieldlabel><fieldentry>XLIST_SALAMAT_GAME3121_202201-60</fieldentry></qti_metadatafield></qtimetadata></itemmetadata><itemproc_extension><d2l_2p0:difficulty>1</d2l_2p0:difficulty><d2l_2p0:isbonus>no</d2l_2p0:isbonus><d2l_2p0:ismandatory>no</d2l_2p0:ismandatory></itemproc_extension><presentation><flow><material><mattext texttype="text/html">&lt;p&gt;Why heap allocations are so slow?&lt;/p&gt;</mattext></material><response_extension><d2l_2p0:display_style>2</d2l_2p0:display_style><d2l_2p0:enumeration>6</d2l_2p0:enumeration><d2l_2p0:grading_type>0</d2l_2p0:grading_type></response_extension><response_lid ident="QUES_6441384_6450770_LID" rcardinality="Single"><render_choice shuffle="no"><flow_label class="Block"><response_label ident="QUES_6441384_6450770_A23696518"><flow_mat><material><mattext texttype="text/html">&lt;div class="vtbegenerated inlineVtbegenerated"&gt;&lt;p&gt;A heap allocatoris a general-purpose facility, so it must be written to handle any allocationsize, from one byte to one gigabyte.&lt;/p&gt;&lt;/div&gt;
</mattext></material></flow_mat></response_label></flow_label><flow_label class="Block"><response_label ident="QUES_6441384_6450770_A23696519"><flow_mat><material><mattext texttype="text/html">&lt;div class="vtbegenerated inlineVtbegenerated"&gt;&lt;p&gt;Heap&amp;#160;allocator&amp;#160;requires a lot of management overhead, making the malloc() and free() functions inherently slow.&lt;/p&gt;&lt;/div&gt;
</mattext></material></flow_mat></response_label></flow_label><flow_label class="Block"><response_label ident="QUES_6441384_6450770_A23696520"><flow_mat><material><mattext texttype="text/html">&lt;div class="vtbegenerated inlineVtbegenerated"&gt;&lt;p&gt;On most operating systems a call to malloc() or free() must first context switch from user mode into kernel mode, process the request and then context switch back to the program. These context switches can be extraordinarily expensive.&lt;/p&gt;&lt;/div&gt;
</mattext></material></flow_mat></response_label></flow_label><flow_label class="Block"><response_label ident="QUES_6441384_6450770_A23696521"><flow_mat><material><mattext texttype="text/html">&lt;div class="vtbegenerated inlineVtbegenerated"&gt;&lt;p&gt;All of the above&lt;/p&gt;&lt;/div&gt;
</mattext></material></flow_mat></response_label></flow_label></render_choice></response_lid></flow></presentation><resprocessing><respcondition title="Response Condition 1"><conditionvar><varequal respident="QUES_6441384_6450770_LID">QUES_6441384_6450770_A23696518</varequal></conditionvar><setvar action="Set">0.000000000</setvar><displayfeedback feedbacktype="Response" linkrefid="QUES_6441384_6450770_IF23696518" /></respcondition><respcondition title="Response Condition 2"><conditionvar><varequal respident="QUES_6441384_6450770_LID">QUES_6441384_6450770_A23696519</varequal></conditionvar><setvar action="Set">0.000000000</setvar><displayfeedback feedbacktype="Response" linkrefid="QUES_6441384_6450770_IF23696519" /></respcondition><respcondition title="Response Condition 3"><conditionvar><varequal respident="QUES_6441384_6450770_LID">QUES_6441384_6450770_A23696520</varequal></conditionvar><setvar action="Set">0.000000000</setvar><displayfeedback feedbacktype="Response" linkrefid="QUES_6441384_6450770_IF23696520" /></respcondition><respcondition title="Response Condition 4"><conditionvar><varequal respident="QUES_6441384_6450770_LID">QUES_6441384_6450770_A23696521</varequal></conditionvar><setvar action="Set">100.000000000</setvar><displayfeedback feedbacktype="Response" linkrefid="QUES_6441384_6450770_IF23696521" /></respcondition></resprocessing><itemfeedback ident="QUES_6441384_6450770_IF23696518"><material><mattext texttype="text/plain" /></material></itemfeedback><itemfeedback ident="QUES_6441384_6450770_IF23696519"><material><mattext texttype="text/plain" /></material></itemfeedback><itemfeedback ident="QUES_6441384_6450770_IF23696520"><material><mattext texttype="text/plain" /></material></itemfeedback><itemfeedback ident="QUES_6441384_6450770_IF23696521"><material><mattext texttype="text/plain" /></material></itemfeedback></item><item ident="OBJ_7506425" label="QUES_6441385_6450771" d2l_2p0:page="1"><itemmetadata><qtimetadata><qti_metadatafield><fieldlabel>qmd_computerscored</fieldlabel><fieldentry>yes</fieldentry></qti_metadatafield><qti_metadatafield><fieldlabel>qmd_questiontype</fieldlabel><fieldentry>Multiple Choice</fieldentry></qti_metadatafield><qti_metadatafield><fieldlabel>qmd_weighting</fieldlabel><fieldentry>0.200000000</fieldentry></qti_metadatafield><qti_metadatafield><fieldlabel>qmd_globalid</fieldlabel><fieldentry>aae7ce5f-76ce-40b9-8159-d53a7a951b30</fieldentry></qti_metadatafield><qti_metadatafield><fieldlabel>qmd_displayid</fieldlabel><fieldentry>XLIST_SALAMAT_GAME3121_202201-62</fieldentry></qti_metadatafield></qtimetadata></itemmetadata><itemproc_extension><d2l_2p0:difficulty>1</d2l_2p0:difficulty><d2l_2p0:isbonus>no</d2l_2p0:isbonus><d2l_2p0:ismandatory>no</d2l_2p0:ismandatory></itemproc_extension><presentation><flow><material><mattext texttype="text/html">&lt;p&gt;It&amp;#39;s quite common in game engine programming to allocate lots of small blocks of memory, each of which are the same size. For example, we might want to allocate and free matrices, or iterators, or links in a linked list, or renderable mesh instances. For this type of memory allocation pattern, what allocator is a good choice.&lt;/p&gt;</mattext></material><response_extension><d2l_2p0:display_style>2</d2l_2p0:display_style><d2l_2p0:enumeration>6</d2l_2p0:enumeration><d2l_2p0:grading_type>0</d2l_2p0:grading_type></response_extension><response_lid ident="QUES_6441385_6450771_LID" rcardinality="Single"><render_choice shuffle="no"><flow_label class="Block"><response_label ident="QUES_6441385_6450771_A23696522"><flow_mat><material><mattext texttype="text/html">&lt;div class="vtbegenerated inlineVtbegenerated"&gt;&lt;p&gt;Double-Ended Stack Allocators&lt;/p&gt;&lt;/div&gt;
</mattext></material></flow_mat></response_label></flow_label><flow_label class="Block"><response_label ident="QUES_6441385_6450771_A23696523"><flow_mat><material><mattext texttype="text/html">&lt;div class="vtbegenerated inlineVtbegenerated"&gt;&lt;p&gt;Pool Allocators&lt;/p&gt;&lt;/div&gt;
</mattext></material></flow_mat></response_label></flow_label><flow_label class="Block"><response_label ident="QUES_6441385_6450771_A23696524"><flow_mat><material><mattext texttype="text/html">&lt;div class="vtbegenerated inlineVtbegenerated"&gt;&lt;p&gt;Stack-Based Allocators&lt;/p&gt;&lt;/div&gt;
</mattext></material></flow_mat></response_label></flow_label><flow_label class="Block"><response_label ident="QUES_6441385_6450771_A23696525"><flow_mat><material><mattext texttype="text/html">&lt;div class="vtbegenerated inlineVtbegenerated"&gt;&lt;p&gt;Aligned Allocator&lt;/p&gt;&lt;/div&gt;
</mattext></material></flow_mat></response_label></flow_label></render_choice></response_lid></flow></presentation><resprocessing><respcondition title="Response Condition 1"><conditionvar><varequal respident="QUES_6441385_6450771_LID">QUES_6441385_6450771_A23696522</varequal></conditionvar><setvar action="Set">0.000000000</setvar><displayfeedback feedbacktype="Response" linkrefid="QUES_6441385_6450771_IF23696522" /></respcondition><respcondition title="Response Condition 2"><conditionvar><varequal respident="QUES_6441385_6450771_LID">QUES_6441385_6450771_A23696523</varequal></conditionvar><setvar action="Set">100.000000000</setvar><displayfeedback feedbacktype="Response" linkrefid="QUES_6441385_6450771_IF23696523" /></respcondition><respcondition title="Response Condition 3"><conditionvar><varequal respident="QUES_6441385_6450771_LID">QUES_6441385_6450771_A23696524</varequal></conditionvar><setvar action="Set">0.000000000</setvar><displayfeedback feedbacktype="Response" linkrefid="QUES_6441385_6450771_IF23696524" /></respcondition><respcondition title="Response Condition 4"><conditionvar><varequal respident="QUES_6441385_6450771_LID">QUES_6441385_6450771_A23696525</varequal></conditionvar><setvar action="Set">0.000000000</setvar><displayfeedback feedbacktype="Response" linkrefid="QUES_6441385_6450771_IF23696525" /></respcondition></resprocessing><itemfeedback ident="QUES_6441385_6450771_IF23696522"><material><mattext texttype="text/plain" /></material></itemfeedback><itemfeedback ident="QUES_6441385_6450771_IF23696523"><material><mattext texttype="text/plain" /></material></itemfeedback><itemfeedback ident="QUES_6441385_6450771_IF23696524"><material><mattext texttype="text/plain" /></material></itemfeedback><itemfeedback ident="QUES_6441385_6450771_IF23696525"><material><mattext texttype="text/plain" /></material></itemfeedback></item></section></assessment></questestinterop>