﻿<?xml version="1.0" encoding="UTF-8"?><questestinterop xmlns:d2l_2p0="http://desire2learn.com/xsd/d2lcp_v2p0"><assessment d2l_2p0:id="26" title="Lab Test8" ident="res_quiz_247301" d2l_2p0:resource_code="FCF4E421-A020-454B-979C-FE41E4E97EDB-2245085"><rubric><flow_mat><material><mattext d2l_2p0:isdisplayed="yes" texttype="text/html">&lt;div style="padding-left: 10px;padding-right: 10px"&gt;&lt;/div&gt;</mattext></material></flow_mat></rubric><assessmentcontrol hintswitch="no" solutionswitch="yes" feedbackswitch="no" /><presentation_material><flow_mat><material label="page header"><mattext d2l_2p0:isdisplayed="no" texttype="text/html" /></material><material label="page footer"><mattext d2l_2p0:isdisplayed="no" texttype="text/html" /></material></flow_mat></presentation_material><assess_procextension><d2l_2p0:intro_message d2l_2p0:isdisplayed="no" texttype="text/html" /><d2l_2p0:disable_right_click>no</d2l_2p0:disable_right_click><d2l_2p0:disable_pager_access>no</d2l_2p0:disable_pager_access><is_active>no</is_active><d2l_2p0:date_start><d2l_2p0:timestamp><d2l_2p0:month>11</d2l_2p0:month><d2l_2p0:day>22</d2l_2p0:day><d2l_2p0:year>2022</d2l_2p0:year><d2l_2p0:hour>18</d2l_2p0:hour><d2l_2p0:minutes>55</d2l_2p0:minutes><d2l_2p0:seconds>0</d2l_2p0:seconds></d2l_2p0:timestamp></d2l_2p0:date_start><d2l_2p0:date_end><d2l_2p0:timestamp><d2l_2p0:month>11</d2l_2p0:month><d2l_2p0:day>22</d2l_2p0:day><d2l_2p0:year>2022</d2l_2p0:year><d2l_2p0:hour>20</d2l_2p0:hour><d2l_2p0:minutes>0</d2l_2p0:minutes><d2l_2p0:seconds>0</d2l_2p0:seconds></d2l_2p0:timestamp></d2l_2p0:date_end><d2l_2p0:date_due /><d2l_2p0:has_schedule_event>yes</d2l_2p0:has_schedule_event><d2l_2p0:is_attempt_Rldb>no</d2l_2p0:is_attempt_Rldb><d2l_2p0:is_subview_Rldb>no</d2l_2p0:is_subview_Rldb><d2l_2p0:time_limit>60</d2l_2p0:time_limit><d2l_2p0:show_clock>no</d2l_2p0:show_clock><d2l_2p0:enforce_time_limit>no</d2l_2p0:enforce_time_limit><d2l_2p0:quiz_start_type>no</d2l_2p0:quiz_start_type><d2l_2p0:grace_period>1</d2l_2p0:grace_period><d2l_2p0:late_limit>0</d2l_2p0:late_limit><d2l_2p0:attempts_allowed>1</d2l_2p0:attempts_allowed><d2l_2p0:attempt_restrictions /><d2l_2p0:mark_calculation_type>1</d2l_2p0:mark_calculation_type><d2l_2p0:is_forward_only>no</d2l_2p0:is_forward_only></assess_procextension><assessfeedback title=""><rubric><flow_mat><material><mattext texttype="yes">Your quiz has been submitted successfully.</mattext></material></flow_mat></rubric><d2l_2p0:duration>0</d2l_2p0:duration><d2l_2p0:response_display_type_id>1</d2l_2p0:response_display_type_id><d2l_2p0:show_correct_answers>no</d2l_2p0:show_correct_answers><d2l_2p0:submission_restrictip>no</d2l_2p0:submission_restrictip><d2l_2p0:show_class_average>no</d2l_2p0:show_class_average><d2l_2p0:show_score_distribution>no</d2l_2p0:show_score_distribution></assessfeedback><section ident="CONTAINER_SECTION"><item ident="OBJ_7506436" label="QUES_6441396_6450782" d2l_2p0:page="1"><itemmetadata><qtimetadata><qti_metadatafield><fieldlabel>qmd_computerscored</fieldlabel><fieldentry>yes</fieldentry></qti_metadatafield><qti_metadatafield><fieldlabel>qmd_questiontype</fieldlabel><fieldentry>Multiple Choice</fieldentry></qti_metadatafield><qti_metadatafield><fieldlabel>qmd_weighting</fieldlabel><fieldentry>0.200000000</fieldentry></qti_metadatafield><qti_metadatafield><fieldlabel>qmd_globalid</fieldlabel><fieldentry>4727ef65-aa2e-4d9c-9d4d-028b3bab8bb9</fieldentry></qti_metadatafield><qti_metadatafield><fieldlabel>qmd_displayid</fieldlabel><fieldentry>XLIST_SALAMAT_GAME3121_202201-53</fieldentry></qti_metadatafield></qtimetadata></itemmetadata><itemproc_extension><d2l_2p0:difficulty>1</d2l_2p0:difficulty><d2l_2p0:isbonus>no</d2l_2p0:isbonus><d2l_2p0:ismandatory>no</d2l_2p0:ismandatory></itemproc_extension><presentation><flow><material><mattext texttype="text/html">&lt;p&gt;If a game is rendered at exactly 60 FPS, and animation system is taking 10 milliseconds to run. What percentage does the animation clip occupy the entire frame?&lt;/p&gt;</mattext></material><response_extension><d2l_2p0:display_style>2</d2l_2p0:display_style><d2l_2p0:enumeration>6</d2l_2p0:enumeration><d2l_2p0:grading_type>0</d2l_2p0:grading_type></response_extension><response_lid ident="QUES_6441396_6450782_LID" rcardinality="Single"><render_choice shuffle="no"><flow_label class="Block"><response_label ident="QUES_6441396_6450782_A23696566"><flow_mat><material><mattext texttype="text/html">&lt;div class="vtbegenerated inlineVtbegenerated"&gt;&lt;p&gt;30%&lt;/p&gt;&lt;/div&gt;
</mattext></material></flow_mat></response_label></flow_label><flow_label class="Block"><response_label ident="QUES_6441396_6450782_A23696567"><flow_mat><material><mattext texttype="text/html">&lt;div class="vtbegenerated inlineVtbegenerated"&gt;&lt;p&gt;15%&lt;/p&gt;&lt;/div&gt;
</mattext></material></flow_mat></response_label></flow_label><flow_label class="Block"><response_label ident="QUES_6441396_6450782_A23696568"><flow_mat><material><mattext texttype="text/html">&lt;div class="vtbegenerated inlineVtbegenerated"&gt;&lt;p&gt;60%&lt;/p&gt;&lt;/div&gt;
</mattext></material></flow_mat></response_label></flow_label><flow_label class="Block"><response_label ident="QUES_6441396_6450782_A23696569"><flow_mat><material><mattext texttype="text/html">&lt;div class="vtbegenerated inlineVtbegenerated"&gt;&lt;p&gt;80%&lt;/p&gt;&lt;/div&gt;
</mattext></material></flow_mat></response_label></flow_label></render_choice></response_lid></flow></presentation><resprocessing><respcondition title="Response Condition 1"><conditionvar><varequal respident="QUES_6441396_6450782_LID">QUES_6441396_6450782_A23696566</varequal></conditionvar><setvar action="Set">0.000000000</setvar><displayfeedback feedbacktype="Response" linkrefid="QUES_6441396_6450782_IF23696566" /></respcondition><respcondition title="Response Condition 2"><conditionvar><varequal respident="QUES_6441396_6450782_LID">QUES_6441396_6450782_A23696567</varequal></conditionvar><setvar action="Set">0.000000000</setvar><displayfeedback feedbacktype="Response" linkrefid="QUES_6441396_6450782_IF23696567" /></respcondition><respcondition title="Response Condition 3"><conditionvar><varequal respident="QUES_6441396_6450782_LID">QUES_6441396_6450782_A23696568</varequal></conditionvar><setvar action="Set">100.000000000</setvar><displayfeedback feedbacktype="Response" linkrefid="QUES_6441396_6450782_IF23696568" /></respcondition><respcondition title="Response Condition 4"><conditionvar><varequal respident="QUES_6441396_6450782_LID">QUES_6441396_6450782_A23696569</varequal></conditionvar><setvar action="Set">0.000000000</setvar><displayfeedback feedbacktype="Response" linkrefid="QUES_6441396_6450782_IF23696569" /></respcondition></resprocessing><itemfeedback ident="QUES_6441396_6450782_IF23696566"><material><mattext texttype="text/plain" /></material></itemfeedback><itemfeedback ident="QUES_6441396_6450782_IF23696567"><material><mattext texttype="text/plain" /></material></itemfeedback><itemfeedback ident="QUES_6441396_6450782_IF23696568"><material><mattext texttype="text/plain" /></material></itemfeedback><itemfeedback ident="QUES_6441396_6450782_IF23696569"><material><mattext texttype="text/plain" /></material></itemfeedback></item><item ident="OBJ_7506437" label="QUES_6441397_6450783" d2l_2p0:page="1"><itemmetadata><qtimetadata><qti_metadatafield><fieldlabel>qmd_computerscored</fieldlabel><fieldentry>yes</fieldentry></qti_metadatafield><qti_metadatafield><fieldlabel>qmd_questiontype</fieldlabel><fieldentry>Multiple Choice</fieldentry></qti_metadatafield><qti_metadatafield><fieldlabel>qmd_weighting</fieldlabel><fieldentry>0.200000000</fieldentry></qti_metadatafield><qti_metadatafield><fieldlabel>qmd_globalid</fieldlabel><fieldentry>8aea87c6-cce2-4647-9b91-f697c6bcc76b</fieldentry></qti_metadatafield><qti_metadatafield><fieldlabel>qmd_displayid</fieldlabel><fieldentry>XLIST_SALAMAT_GAME3121_202201-56</fieldentry></qti_metadatafield></qtimetadata></itemmetadata><itemproc_extension><d2l_2p0:difficulty>1</d2l_2p0:difficulty><d2l_2p0:isbonus>no</d2l_2p0:isbonus><d2l_2p0:ismandatory>no</d2l_2p0:ismandatory></itemproc_extension><presentation><flow><material><mattext texttype="text/html">&lt;p&gt;What is ture about vertical blanking interval (VBI)?&lt;/p&gt;</mattext></material><response_extension><d2l_2p0:display_style>2</d2l_2p0:display_style><d2l_2p0:enumeration>6</d2l_2p0:enumeration><d2l_2p0:grading_type>0</d2l_2p0:grading_type></response_extension><response_lid ident="QUES_6441397_6450783_LID" rcardinality="Single"><render_choice shuffle="no"><flow_label class="Block"><response_label ident="QUES_6441397_6450783_A23696570"><flow_mat><material><mattext texttype="text/html">&lt;div class="vtbegenerated inlineVtbegenerated"&gt;&lt;div&gt;  On older CRT displays, the v-blank interval is the time during which the electron gun is &amp;quot;blanked&amp;quot; (turned off) while it is being reset to the top-left corner of the screen. &lt;/div&gt;&lt;/div&gt;
</mattext></material></flow_mat></response_label></flow_label><flow_label class="Block"><response_label ident="QUES_6441397_6450783_A23696571"><flow_mat><material><mattext texttype="text/html">&lt;div class="vtbegenerated inlineVtbegenerated"&gt;&lt;p&gt;The v-blank interval still exists in modern LCD, Plasma, LED displays.&lt;/p&gt;&lt;/div&gt;
</mattext></material></flow_mat></response_label></flow_label><flow_label class="Block"><response_label ident="QUES_6441397_6450783_A23696572"><flow_mat><material><mattext texttype="text/html">&lt;div class="vtbegenerated inlineVtbegenerated"&gt;&lt;p&gt;Waiting for the v-blank interval is called v-sync.&lt;/p&gt;&lt;/div&gt;
</mattext></material></flow_mat></response_label></flow_label><flow_label class="Block"><response_label ident="QUES_6441397_6450783_A23696573"><flow_mat><material><mattext texttype="text/html">&lt;div class="vtbegenerated inlineVtbegenerated"&gt;&lt;p&gt;All of the above&lt;/p&gt;&lt;/div&gt;
</mattext></material></flow_mat></response_label></flow_label></render_choice></response_lid></flow></presentation><resprocessing><respcondition title="Response Condition 1"><conditionvar><varequal respident="QUES_6441397_6450783_LID">QUES_6441397_6450783_A23696570</varequal></conditionvar><setvar action="Set">0.000000000</setvar><displayfeedback feedbacktype="Response" linkrefid="QUES_6441397_6450783_IF23696570" /></respcondition><respcondition title="Response Condition 2"><conditionvar><varequal respident="QUES_6441397_6450783_LID">QUES_6441397_6450783_A23696571</varequal></conditionvar><setvar action="Set">0.000000000</setvar><displayfeedback feedbacktype="Response" linkrefid="QUES_6441397_6450783_IF23696571" /></respcondition><respcondition title="Response Condition 3"><conditionvar><varequal respident="QUES_6441397_6450783_LID">QUES_6441397_6450783_A23696572</varequal></conditionvar><setvar action="Set">0.000000000</setvar><displayfeedback feedbacktype="Response" linkrefid="QUES_6441397_6450783_IF23696572" /></respcondition><respcondition title="Response Condition 4"><conditionvar><varequal respident="QUES_6441397_6450783_LID">QUES_6441397_6450783_A23696573</varequal></conditionvar><setvar action="Set">100.000000000</setvar><displayfeedback feedbacktype="Response" linkrefid="QUES_6441397_6450783_IF23696573" /></respcondition></resprocessing><itemfeedback ident="QUES_6441397_6450783_IF23696570"><material><mattext texttype="text/plain" /></material></itemfeedback><itemfeedback ident="QUES_6441397_6450783_IF23696571"><material><mattext texttype="text/plain" /></material></itemfeedback><itemfeedback ident="QUES_6441397_6450783_IF23696572"><material><mattext texttype="text/plain" /></material></itemfeedback><itemfeedback ident="QUES_6441397_6450783_IF23696573"><material><mattext texttype="text/plain" /></material></itemfeedback></item><item ident="OBJ_7506438" label="QUES_6441398_6450784" d2l_2p0:page="1"><itemmetadata><qtimetadata><qti_metadatafield><fieldlabel>qmd_computerscored</fieldlabel><fieldentry>yes</fieldentry></qti_metadatafield><qti_metadatafield><fieldlabel>qmd_questiontype</fieldlabel><fieldentry>Multiple Choice</fieldentry></qti_metadatafield><qti_metadatafield><fieldlabel>qmd_weighting</fieldlabel><fieldentry>0.200000000</fieldentry></qti_metadatafield><qti_metadatafield><fieldlabel>qmd_globalid</fieldlabel><fieldentry>2211d750-4849-40f2-a956-2cba281654e0</fieldentry></qti_metadatafield><qti_metadatafield><fieldlabel>qmd_displayid</fieldlabel><fieldentry>XLIST_SALAMAT_GAME3121_202201-64</fieldentry></qti_metadatafield></qtimetadata></itemmetadata><itemproc_extension><d2l_2p0:difficulty>1</d2l_2p0:difficulty><d2l_2p0:isbonus>no</d2l_2p0:isbonus><d2l_2p0:ismandatory>no</d2l_2p0:ismandatory></itemproc_extension><presentation><flow><material><mattext texttype="text/html">&lt;p&gt;In many early video games, the programmers specify the speeds of objects directly in terms of pixels per frame. This made old games entirely dependent on their CPU. What is the &amp;quot;better&amp;quot; way to avoid making a CPU-dependent game?&lt;/p&gt;</mattext></material><response_extension><d2l_2p0:display_style>2</d2l_2p0:display_style><d2l_2p0:enumeration>6</d2l_2p0:enumeration><d2l_2p0:grading_type>0</d2l_2p0:grading_type></response_extension><response_lid ident="QUES_6441398_6450784_LID" rcardinality="Single"><render_choice shuffle="no"><flow_label class="Block"><response_label ident="QUES_6441398_6450784_A23696574"><flow_mat><material><mattext texttype="text/html">&lt;div class="vtbegenerated inlineVtbegenerated"&gt;&lt;div&gt;  Read the value of the CPU&amp;#39;s high-resolution timer twice—once at the beginning of the frame and once at the end. Then we subtract, producing an accurate measure of Δt for the frame that has just passed. This delta is then made available to all engine subsystems that need it, either by passing it to every &lt;/div&gt;  &lt;div&gt;  function that we call from within the game loop or by storing it in a global variable or encapsulating it within a singleton class of some kind. &lt;/div&gt;&lt;/div&gt;
</mattext></material></flow_mat></response_label></flow_label><flow_label class="Block"><response_label ident="QUES_6441398_6450784_A23696575"><flow_mat><material><mattext texttype="text/html">&lt;div class="vtbegenerated inlineVtbegenerated"&gt;&lt;div&gt;  The best approach is to average the frame-time measurements over a small number of frames and use that as the next frame&amp;#39;s estimate of Δt. &lt;/div&gt;&lt;/div&gt;
</mattext></material></flow_mat></response_label></flow_label><flow_label class="Block"><response_label ident="QUES_6441398_6450784_A23696576"><flow_mat><material><mattext texttype="text/html">&lt;div class="vtbegenerated inlineVtbegenerated"&gt;&lt;div&gt;  Frame-rate governing: Set a fixed ideal frametime (let&amp;#39;s say 16.6ms), then measure the duration of the current frame. If the measured duration is less than the ideal frame time, we simply put the main thread to sleep until the target frame time has elapsed. &lt;/div&gt;&lt;/div&gt;
</mattext></material></flow_mat></response_label></flow_label><flow_label class="Block"><response_label ident="QUES_6441398_6450784_A23696577"><flow_mat><material><mattext texttype="text/html">&lt;div class="vtbegenerated inlineVtbegenerated"&gt;&lt;p&gt;All of the above&lt;/p&gt;&lt;/div&gt;
</mattext></material></flow_mat></response_label></flow_label></render_choice></response_lid></flow></presentation><resprocessing><respcondition title="Response Condition 1"><conditionvar><varequal respident="QUES_6441398_6450784_LID">QUES_6441398_6450784_A23696574</varequal></conditionvar><setvar action="Set">0.000000000</setvar><displayfeedback feedbacktype="Response" linkrefid="QUES_6441398_6450784_IF23696574" /></respcondition><respcondition title="Response Condition 2"><conditionvar><varequal respident="QUES_6441398_6450784_LID">QUES_6441398_6450784_A23696575</varequal></conditionvar><setvar action="Set">0.000000000</setvar><displayfeedback feedbacktype="Response" linkrefid="QUES_6441398_6450784_IF23696575" /></respcondition><respcondition title="Response Condition 3"><conditionvar><varequal respident="QUES_6441398_6450784_LID">QUES_6441398_6450784_A23696576</varequal></conditionvar><setvar action="Set">0.000000000</setvar><displayfeedback feedbacktype="Response" linkrefid="QUES_6441398_6450784_IF23696576" /></respcondition><respcondition title="Response Condition 4"><conditionvar><varequal respident="QUES_6441398_6450784_LID">QUES_6441398_6450784_A23696577</varequal></conditionvar><setvar action="Set">100.000000000</setvar><displayfeedback feedbacktype="Response" linkrefid="QUES_6441398_6450784_IF23696577" /></respcondition></resprocessing><itemfeedback ident="QUES_6441398_6450784_IF23696574"><material><mattext texttype="text/plain" /></material></itemfeedback><itemfeedback ident="QUES_6441398_6450784_IF23696575"><material><mattext texttype="text/plain" /></material></itemfeedback><itemfeedback ident="QUES_6441398_6450784_IF23696576"><material><mattext texttype="text/plain" /></material></itemfeedback><itemfeedback ident="QUES_6441398_6450784_IF23696577"><material><mattext texttype="text/plain" /></material></itemfeedback></item><item ident="OBJ_7506439" label="QUES_6441399_6450785" d2l_2p0:page="1"><itemmetadata><qtimetadata><qti_metadatafield><fieldlabel>qmd_computerscored</fieldlabel><fieldentry>yes</fieldentry></qti_metadatafield><qti_metadatafield><fieldlabel>qmd_questiontype</fieldlabel><fieldentry>Multiple Choice</fieldentry></qti_metadatafield><qti_metadatafield><fieldlabel>qmd_weighting</fieldlabel><fieldentry>0.200000000</fieldentry></qti_metadatafield><qti_metadatafield><fieldlabel>qmd_globalid</fieldlabel><fieldentry>02ea93f4-5ad3-4a17-9fb7-3299c950b11e</fieldentry></qti_metadatafield><qti_metadatafield><fieldlabel>qmd_displayid</fieldlabel><fieldentry>XLIST_SALAMAT_GAME3121_202201-69</fieldentry></qti_metadatafield></qtimetadata></itemmetadata><itemproc_extension><d2l_2p0:difficulty>1</d2l_2p0:difficulty><d2l_2p0:isbonus>no</d2l_2p0:isbonus><d2l_2p0:ismandatory>no</d2l_2p0:ismandatory></itemproc_extension><presentation><flow><material><mattext texttype="text/html">&lt;p&gt;What kind of architecture style does the following code represent?&lt;/p&gt;  &lt;p&gt;while (true){&lt;/p&gt;  &lt;p&gt;MSG msg;&lt;/p&gt;  &lt;p&gt;while (PeekMessage(&amp;amp;msg, nullptr, 0, 0) &amp;gt; 0)&lt;/p&gt;  &lt;p&gt;{&lt;/p&gt;  &lt;p&gt;TranslateMessage(&amp;amp;msg);&lt;/p&gt;  &lt;p&gt;DispatchMessage(&amp;amp;msg);&lt;/p&gt;  &lt;p&gt;}&lt;/p&gt;  &lt;p&gt;RunOneIterationOfGameLoop();&lt;/p&gt;  &lt;p&gt;}&lt;/p&gt;</mattext></material><response_extension><d2l_2p0:display_style>2</d2l_2p0:display_style><d2l_2p0:enumeration>6</d2l_2p0:enumeration><d2l_2p0:grading_type>0</d2l_2p0:grading_type></response_extension><response_lid ident="QUES_6441399_6450785_LID" rcardinality="Single"><render_choice shuffle="no"><flow_label class="Block"><response_label ident="QUES_6441399_6450785_A23696578"><flow_mat><material><mattext texttype="text/html">&lt;div class="vtbegenerated inlineVtbegenerated"&gt;&lt;p&gt;Windows Message Pumps&lt;/p&gt;&lt;/div&gt;
</mattext></material></flow_mat></response_label></flow_label><flow_label class="Block"><response_label ident="QUES_6441399_6450785_A23696579"><flow_mat><material><mattext texttype="text/html">&lt;div class="vtbegenerated inlineVtbegenerated"&gt;&lt;p&gt;Callback-Driven Frameworks&lt;/p&gt;&lt;/div&gt;
</mattext></material></flow_mat></response_label></flow_label><flow_label class="Block"><response_label ident="QUES_6441399_6450785_A23696580"><flow_mat><material><mattext texttype="text/html">&lt;div class="vtbegenerated inlineVtbegenerated"&gt;&lt;p&gt;Event-Based Updating&lt;/p&gt;&lt;/div&gt;
</mattext></material></flow_mat></response_label></flow_label><flow_label class="Block"><response_label ident="QUES_6441399_6450785_A23696581"><flow_mat><material><mattext texttype="text/html">&lt;div class="vtbegenerated inlineVtbegenerated"&gt;&lt;p&gt;none of the above&lt;/p&gt;&lt;/div&gt;
</mattext></material></flow_mat></response_label></flow_label></render_choice></response_lid></flow></presentation><resprocessing><respcondition title="Response Condition 1"><conditionvar><varequal respident="QUES_6441399_6450785_LID">QUES_6441399_6450785_A23696578</varequal></conditionvar><setvar action="Set">100.000000000</setvar><displayfeedback feedbacktype="Response" linkrefid="QUES_6441399_6450785_IF23696578" /></respcondition><respcondition title="Response Condition 2"><conditionvar><varequal respident="QUES_6441399_6450785_LID">QUES_6441399_6450785_A23696579</varequal></conditionvar><setvar action="Set">0.000000000</setvar><displayfeedback feedbacktype="Response" linkrefid="QUES_6441399_6450785_IF23696579" /></respcondition><respcondition title="Response Condition 3"><conditionvar><varequal respident="QUES_6441399_6450785_LID">QUES_6441399_6450785_A23696580</varequal></conditionvar><setvar action="Set">0.000000000</setvar><displayfeedback feedbacktype="Response" linkrefid="QUES_6441399_6450785_IF23696580" /></respcondition><respcondition title="Response Condition 4"><conditionvar><varequal respident="QUES_6441399_6450785_LID">QUES_6441399_6450785_A23696581</varequal></conditionvar><setvar action="Set">0.000000000</setvar><displayfeedback feedbacktype="Response" linkrefid="QUES_6441399_6450785_IF23696581" /></respcondition></resprocessing><itemfeedback ident="QUES_6441399_6450785_IF23696578"><material><mattext texttype="text/plain" /></material></itemfeedback><itemfeedback ident="QUES_6441399_6450785_IF23696579"><material><mattext texttype="text/plain" /></material></itemfeedback><itemfeedback ident="QUES_6441399_6450785_IF23696580"><material><mattext texttype="text/plain" /></material></itemfeedback><itemfeedback ident="QUES_6441399_6450785_IF23696581"><material><mattext texttype="text/plain" /></material></itemfeedback></item><item ident="OBJ_7506440" label="QUES_6441400_6450786" d2l_2p0:page="1"><itemmetadata><qtimetadata><qti_metadatafield><fieldlabel>qmd_computerscored</fieldlabel><fieldentry>yes</fieldentry></qti_metadatafield><qti_metadatafield><fieldlabel>qmd_questiontype</fieldlabel><fieldentry>Multiple Choice</fieldentry></qti_metadatafield><qti_metadatafield><fieldlabel>qmd_weighting</fieldlabel><fieldentry>0.200000000</fieldentry></qti_metadatafield><qti_metadatafield><fieldlabel>qmd_globalid</fieldlabel><fieldentry>88d61fcb-087a-48b4-8f67-e04632032448</fieldentry></qti_metadatafield><qti_metadatafield><fieldlabel>qmd_displayid</fieldlabel><fieldentry>XLIST_SALAMAT_GAME3121_202201-72</fieldentry></qti_metadatafield></qtimetadata></itemmetadata><itemproc_extension><d2l_2p0:difficulty>1</d2l_2p0:difficulty><d2l_2p0:isbonus>no</d2l_2p0:isbonus><d2l_2p0:ismandatory>no</d2l_2p0:ismandatory></itemproc_extension><presentation><flow><material><mattext texttype="text/html">&lt;p&gt;Which of the followig timeline defines a &amp;quot;real&amp;quot; timeline?&lt;/p&gt;</mattext></material><response_extension><d2l_2p0:display_style>2</d2l_2p0:display_style><d2l_2p0:enumeration>6</d2l_2p0:enumeration><d2l_2p0:grading_type>0</d2l_2p0:grading_type></response_extension><response_lid ident="QUES_6441400_6450786_LID" rcardinality="Single"><render_choice shuffle="no"><flow_label class="Block"><response_label ident="QUES_6441400_6450786_A23696582"><flow_mat><material><mattext texttype="text/html">&lt;div class="vtbegenerated inlineVtbegenerated"&gt;&lt;div&gt;  Times measured directly via the CPU&amp;#39;s high-resolution timer register. &lt;/div&gt;&lt;/div&gt;
</mattext></material></flow_mat></response_label></flow_label><flow_label class="Block"><response_label ident="QUES_6441400_6450786_A23696583"><flow_mat><material><mattext texttype="text/html">&lt;div class="vtbegenerated inlineVtbegenerated"&gt;&lt;p&gt;Game clock&lt;/p&gt;&lt;/div&gt;
</mattext></material></flow_mat></response_label></flow_label><flow_label class="Block"><response_label ident="QUES_6441400_6450786_A23696584"><flow_mat><material><mattext texttype="text/html">&lt;div class="vtbegenerated inlineVtbegenerated"&gt;&lt;p&gt;Camera clock&lt;/p&gt;&lt;/div&gt;
</mattext></material></flow_mat></response_label></flow_label><flow_label class="Block"><response_label ident="QUES_6441400_6450786_A23696585"><flow_mat><material><mattext texttype="text/html">&lt;div class="vtbegenerated inlineVtbegenerated"&gt;&lt;p&gt;Animation clock&lt;/p&gt;&lt;/div&gt;
</mattext></material></flow_mat></response_label></flow_label></render_choice></response_lid></flow></presentation><resprocessing><respcondition title="Response Condition 1"><conditionvar><varequal respident="QUES_6441400_6450786_LID">QUES_6441400_6450786_A23696582</varequal></conditionvar><setvar action="Set">100.000000000</setvar><displayfeedback feedbacktype="Response" linkrefid="QUES_6441400_6450786_IF23696582" /></respcondition><respcondition title="Response Condition 2"><conditionvar><varequal respident="QUES_6441400_6450786_LID">QUES_6441400_6450786_A23696583</varequal></conditionvar><setvar action="Set">0.000000000</setvar><displayfeedback feedbacktype="Response" linkrefid="QUES_6441400_6450786_IF23696583" /></respcondition><respcondition title="Response Condition 3"><conditionvar><varequal respident="QUES_6441400_6450786_LID">QUES_6441400_6450786_A23696584</varequal></conditionvar><setvar action="Set">0.000000000</setvar><displayfeedback feedbacktype="Response" linkrefid="QUES_6441400_6450786_IF23696584" /></respcondition><respcondition title="Response Condition 4"><conditionvar><varequal respident="QUES_6441400_6450786_LID">QUES_6441400_6450786_A23696585</varequal></conditionvar><setvar action="Set">0.000000000</setvar><displayfeedback feedbacktype="Response" linkrefid="QUES_6441400_6450786_IF23696585" /></respcondition></resprocessing><itemfeedback ident="QUES_6441400_6450786_IF23696582"><material><mattext texttype="text/plain" /></material></itemfeedback><itemfeedback ident="QUES_6441400_6450786_IF23696583"><material><mattext texttype="text/plain" /></material></itemfeedback><itemfeedback ident="QUES_6441400_6450786_IF23696584"><material><mattext texttype="text/plain" /></material></itemfeedback><itemfeedback ident="QUES_6441400_6450786_IF23696585"><material><mattext texttype="text/plain" /></material></itemfeedback></item><item ident="OBJ_7506441" label="QUES_6441401_6450787" d2l_2p0:page="1"><itemmetadata><qtimetadata><qti_metadatafield><fieldlabel>qmd_computerscored</fieldlabel><fieldentry>yes</fieldentry></qti_metadatafield><qti_metadatafield><fieldlabel>qmd_questiontype</fieldlabel><fieldentry>Multiple Choice</fieldentry></qti_metadatafield><qti_metadatafield><fieldlabel>qmd_weighting</fieldlabel><fieldentry>0.200000000</fieldentry></qti_metadatafield><qti_metadatafield><fieldlabel>qmd_globalid</fieldlabel><fieldentry>4a3f749b-048c-484b-9f71-c2cecdfec250</fieldentry></qti_metadatafield><qti_metadatafield><fieldlabel>qmd_displayid</fieldlabel><fieldentry>XLIST_SALAMAT_GAME3121_202201-73</fieldentry></qti_metadatafield></qtimetadata></itemmetadata><itemproc_extension><d2l_2p0:difficulty>1</d2l_2p0:difficulty><d2l_2p0:isbonus>no</d2l_2p0:isbonus><d2l_2p0:ismandatory>no</d2l_2p0:ismandatory></itemproc_extension><presentation><flow><material><mattext texttype="text/html">&lt;p&gt;Which of the following statement is &amp;quot;not&amp;quot; true about the Time Scale in Unity?&lt;/p&gt;</mattext></material><response_extension><d2l_2p0:display_style>2</d2l_2p0:display_style><d2l_2p0:enumeration>6</d2l_2p0:enumeration><d2l_2p0:grading_type>0</d2l_2p0:grading_type></response_extension><response_lid ident="QUES_6441401_6450787_LID" rcardinality="Single"><render_choice shuffle="no"><flow_label class="Block"><response_label ident="QUES_6441401_6450787_A23696586"><flow_mat><material><mattext texttype="text/html">&lt;div class="vtbegenerated inlineVtbegenerated"&gt;&lt;div&gt;
 The default time scale is 1, this means that 1 second of game time will take 1 second of real time.
&lt;/div&gt;&lt;/div&gt;
</mattext></material></flow_mat></response_label></flow_label><flow_label class="Block"><response_label ident="QUES_6441401_6450787_A23696587"><flow_mat><material><mattext texttype="text/html">&lt;div class="vtbegenerated inlineVtbegenerated"&gt;&lt;p&gt;A timescale of 5 will mean that 2 seconds of game time will take 10 seconds of real time&lt;/p&gt;&lt;/div&gt;
</mattext></material></flow_mat></response_label></flow_label><flow_label class="Block"><response_label ident="QUES_6441401_6450787_A23696588"><flow_mat><material><mattext texttype="text/html">&lt;div class="vtbegenerated inlineVtbegenerated"&gt;&lt;p&gt;Unscaled time always runs in parallel with real time.&lt;/p&gt;&lt;/div&gt;
</mattext></material></flow_mat></response_label></flow_label><flow_label class="Block"><response_label ident="QUES_6441401_6450787_A23696589"><flow_mat><material><mattext texttype="text/html">&lt;div class="vtbegenerated inlineVtbegenerated"&gt;&lt;p&gt;A timescale of 0.5 will mean that 0.5 seconds of game time will take 1 second of real time&lt;/p&gt;&lt;/div&gt;
</mattext></material></flow_mat></response_label></flow_label></render_choice></response_lid></flow></presentation><resprocessing><respcondition title="Response Condition 1"><conditionvar><varequal respident="QUES_6441401_6450787_LID">QUES_6441401_6450787_A23696586</varequal></conditionvar><setvar action="Set">0.000000000</setvar><displayfeedback feedbacktype="Response" linkrefid="QUES_6441401_6450787_IF23696586" /></respcondition><respcondition title="Response Condition 2"><conditionvar><varequal respident="QUES_6441401_6450787_LID">QUES_6441401_6450787_A23696587</varequal></conditionvar><setvar action="Set">100.000000000</setvar><displayfeedback feedbacktype="Response" linkrefid="QUES_6441401_6450787_IF23696587" /></respcondition><respcondition title="Response Condition 3"><conditionvar><varequal respident="QUES_6441401_6450787_LID">QUES_6441401_6450787_A23696588</varequal></conditionvar><setvar action="Set">0.000000000</setvar><displayfeedback feedbacktype="Response" linkrefid="QUES_6441401_6450787_IF23696588" /></respcondition><respcondition title="Response Condition 4"><conditionvar><varequal respident="QUES_6441401_6450787_LID">QUES_6441401_6450787_A23696589</varequal></conditionvar><setvar action="Set">0.000000000</setvar><displayfeedback feedbacktype="Response" linkrefid="QUES_6441401_6450787_IF23696589" /></respcondition></resprocessing><itemfeedback ident="QUES_6441401_6450787_IF23696586"><material><mattext texttype="text/plain" /></material></itemfeedback><itemfeedback ident="QUES_6441401_6450787_IF23696587"><material><mattext texttype="text/plain" /></material></itemfeedback><itemfeedback ident="QUES_6441401_6450787_IF23696588"><material><mattext texttype="text/plain" /></material></itemfeedback><itemfeedback ident="QUES_6441401_6450787_IF23696589"><material><mattext texttype="text/plain" /></material></itemfeedback></item><item ident="OBJ_7506442" label="QUES_6441402_6450788" d2l_2p0:page="1"><itemmetadata><qtimetadata><qti_metadatafield><fieldlabel>qmd_computerscored</fieldlabel><fieldentry>yes</fieldentry></qti_metadatafield><qti_metadatafield><fieldlabel>qmd_questiontype</fieldlabel><fieldentry>Multiple Choice</fieldentry></qti_metadatafield><qti_metadatafield><fieldlabel>qmd_weighting</fieldlabel><fieldentry>0.200000000</fieldentry></qti_metadatafield><qti_metadatafield><fieldlabel>qmd_globalid</fieldlabel><fieldentry>e78e6a91-9093-43f5-b94a-5e705c220e9a</fieldentry></qti_metadatafield><qti_metadatafield><fieldlabel>qmd_displayid</fieldlabel><fieldentry>XLIST_SALAMAT_GAME3121_202201-74</fieldentry></qti_metadatafield></qtimetadata></itemmetadata><itemproc_extension><d2l_2p0:difficulty>1</d2l_2p0:difficulty><d2l_2p0:isbonus>no</d2l_2p0:isbonus><d2l_2p0:ismandatory>no</d2l_2p0:ismandatory></itemproc_extension><presentation><flow><material><mattext texttype="text/html">&lt;div&gt;  All modern CPUs contain a high-resolution timer, which is usually implemented as a hardware register that counts the number of CPU cycles.   &lt;div&gt;   If your PC is on a 3.5 GHz processor, and the high-resolution timer increments once per CPU cycle and you are using a high-resolution timer in your game, what is the resolution used in the game?  &lt;/div&gt;  &lt;/div&gt;</mattext></material><response_extension><d2l_2p0:display_style>2</d2l_2p0:display_style><d2l_2p0:enumeration>6</d2l_2p0:enumeration><d2l_2p0:grading_type>0</d2l_2p0:grading_type></response_extension><response_lid ident="QUES_6441402_6450788_LID" rcardinality="Single"><render_choice shuffle="no"><flow_label class="Block"><response_label ident="QUES_6441402_6450788_A23696590"><flow_mat><material><mattext texttype="text/html">&lt;div class="vtbegenerated inlineVtbegenerated"&gt;&lt;p&gt;0.333 nanoseconds&lt;/p&gt;&lt;/div&gt;
</mattext></material></flow_mat></response_label></flow_label><flow_label class="Block"><response_label ident="QUES_6441402_6450788_A23696591"><flow_mat><material><mattext texttype="text/html">&lt;div class="vtbegenerated inlineVtbegenerated"&gt;&lt;p&gt;0.285 nanoseconds&lt;/p&gt;&lt;/div&gt;
</mattext></material></flow_mat></response_label></flow_label><flow_label class="Block"><response_label ident="QUES_6441402_6450788_A23696592"><flow_mat><material><mattext texttype="text/html">&lt;div class="vtbegenerated inlineVtbegenerated"&gt;&lt;p&gt;0.666 nanoseconds&lt;/p&gt;&lt;/div&gt;
</mattext></material></flow_mat></response_label></flow_label><flow_label class="Block"><response_label ident="QUES_6441402_6450788_A23696593"><flow_mat><material><mattext texttype="text/html">&lt;div class="vtbegenerated inlineVtbegenerated"&gt;&lt;p&gt;3.5 nanoseconds&lt;/p&gt;&lt;/div&gt;
</mattext></material></flow_mat></response_label></flow_label></render_choice></response_lid></flow></presentation><resprocessing><respcondition title="Response Condition 1"><conditionvar><varequal respident="QUES_6441402_6450788_LID">QUES_6441402_6450788_A23696590</varequal></conditionvar><setvar action="Set">0.000000000</setvar><displayfeedback feedbacktype="Response" linkrefid="QUES_6441402_6450788_IF23696590" /></respcondition><respcondition title="Response Condition 2"><conditionvar><varequal respident="QUES_6441402_6450788_LID">QUES_6441402_6450788_A23696591</varequal></conditionvar><setvar action="Set">100.000000000</setvar><displayfeedback feedbacktype="Response" linkrefid="QUES_6441402_6450788_IF23696591" /></respcondition><respcondition title="Response Condition 3"><conditionvar><varequal respident="QUES_6441402_6450788_LID">QUES_6441402_6450788_A23696592</varequal></conditionvar><setvar action="Set">0.000000000</setvar><displayfeedback feedbacktype="Response" linkrefid="QUES_6441402_6450788_IF23696592" /></respcondition><respcondition title="Response Condition 4"><conditionvar><varequal respident="QUES_6441402_6450788_LID">QUES_6441402_6450788_A23696593</varequal></conditionvar><setvar action="Set">0.000000000</setvar><displayfeedback feedbacktype="Response" linkrefid="QUES_6441402_6450788_IF23696593" /></respcondition></resprocessing><itemfeedback ident="QUES_6441402_6450788_IF23696590"><material><mattext texttype="text/plain" /></material></itemfeedback><itemfeedback ident="QUES_6441402_6450788_IF23696591"><material><mattext texttype="text/plain" /></material></itemfeedback><itemfeedback ident="QUES_6441402_6450788_IF23696592"><material><mattext texttype="text/plain" /></material></itemfeedback><itemfeedback ident="QUES_6441402_6450788_IF23696593"><material><mattext texttype="text/plain" /></material></itemfeedback></item><item ident="OBJ_7506443" label="QUES_6441403_6450789" d2l_2p0:page="1"><itemmetadata><qtimetadata><qti_metadatafield><fieldlabel>qmd_computerscored</fieldlabel><fieldentry>yes</fieldentry></qti_metadatafield><qti_metadatafield><fieldlabel>qmd_questiontype</fieldlabel><fieldentry>Multiple Choice</fieldentry></qti_metadatafield><qti_metadatafield><fieldlabel>qmd_weighting</fieldlabel><fieldentry>0.200000000</fieldentry></qti_metadatafield><qti_metadatafield><fieldlabel>qmd_globalid</fieldlabel><fieldentry>c259db1d-0df0-455b-87d4-935bc29037a4</fieldentry></qti_metadatafield><qti_metadatafield><fieldlabel>qmd_displayid</fieldlabel><fieldentry>XLIST_SALAMAT_GAME3121_202201-75</fieldentry></qti_metadatafield></qtimetadata></itemmetadata><itemproc_extension><d2l_2p0:difficulty>1</d2l_2p0:difficulty><d2l_2p0:isbonus>no</d2l_2p0:isbonus><d2l_2p0:ismandatory>no</d2l_2p0:ismandatory></itemproc_extension><presentation><flow><material><mattext texttype="text/html">&lt;p&gt;Assume there is an animation clip or audio clip with a local timeline t=0. When the clip is played backed in-game, it was played in half-speed. How did you map the clip local time-line to the game global time-line?&lt;/p&gt;</mattext></material><response_extension><d2l_2p0:display_style>2</d2l_2p0:display_style><d2l_2p0:enumeration>6</d2l_2p0:enumeration><d2l_2p0:grading_type>0</d2l_2p0:grading_type></response_extension><response_lid ident="QUES_6441403_6450789_LID" rcardinality="Single"><render_choice shuffle="no"><flow_label class="Block"><response_label ident="QUES_6441403_6450789_A23696594"><flow_mat><material><mattext texttype="text/html">&lt;div class="vtbegenerated inlineVtbegenerated"&gt;&lt;div&gt;  Scale the local timeline to half its original size prior to mapping it onto the global timeline. &lt;/div&gt;&lt;/div&gt;
</mattext></material></flow_mat></response_label></flow_label><flow_label class="Block"><response_label ident="QUES_6441403_6450789_A23696595"><flow_mat><material><mattext texttype="text/html">&lt;div class="vtbegenerated inlineVtbegenerated"&gt;&lt;p&gt;Scale the local timeline to twice its original size prior to mapping it onto the global timeline.&lt;/p&gt;&lt;/div&gt;
</mattext></material></flow_mat></response_label></flow_label><flow_label class="Block"><response_label ident="QUES_6441403_6450789_A23696596"><flow_mat><material><mattext texttype="text/html">&lt;div class="vtbegenerated inlineVtbegenerated"&gt;&lt;p&gt;Scale the local timeline to its original size with a time scale R=-1.&lt;/p&gt;&lt;/div&gt;
</mattext></material></flow_mat></response_label></flow_label><flow_label class="Block"><response_label ident="QUES_6441403_6450789_A23696597"><flow_mat><material><mattext texttype="text/html">&lt;div class="vtbegenerated inlineVtbegenerated"&gt;&lt;p&gt;Scale the local timeline to its original size with a time scale R=-2.&lt;/p&gt;&lt;/div&gt;
</mattext></material></flow_mat></response_label></flow_label></render_choice></response_lid></flow></presentation><resprocessing><respcondition title="Response Condition 1"><conditionvar><varequal respident="QUES_6441403_6450789_LID">QUES_6441403_6450789_A23696594</varequal></conditionvar><setvar action="Set">0.000000000</setvar><displayfeedback feedbacktype="Response" linkrefid="QUES_6441403_6450789_IF23696594" /></respcondition><respcondition title="Response Condition 2"><conditionvar><varequal respident="QUES_6441403_6450789_LID">QUES_6441403_6450789_A23696595</varequal></conditionvar><setvar action="Set">100.000000000</setvar><displayfeedback feedbacktype="Response" linkrefid="QUES_6441403_6450789_IF23696595" /></respcondition><respcondition title="Response Condition 3"><conditionvar><varequal respident="QUES_6441403_6450789_LID">QUES_6441403_6450789_A23696596</varequal></conditionvar><setvar action="Set">0.000000000</setvar><displayfeedback feedbacktype="Response" linkrefid="QUES_6441403_6450789_IF23696596" /></respcondition><respcondition title="Response Condition 4"><conditionvar><varequal respident="QUES_6441403_6450789_LID">QUES_6441403_6450789_A23696597</varequal></conditionvar><setvar action="Set">0.000000000</setvar><displayfeedback feedbacktype="Response" linkrefid="QUES_6441403_6450789_IF23696597" /></respcondition></resprocessing><itemfeedback ident="QUES_6441403_6450789_IF23696594"><material><mattext texttype="text/plain" /></material></itemfeedback><itemfeedback ident="QUES_6441403_6450789_IF23696595"><material><mattext texttype="text/plain" /></material></itemfeedback><itemfeedback ident="QUES_6441403_6450789_IF23696596"><material><mattext texttype="text/plain" /></material></itemfeedback><itemfeedback ident="QUES_6441403_6450789_IF23696597"><material><mattext texttype="text/plain" /></material></itemfeedback></item><item ident="OBJ_7506444" label="QUES_6441404_6450790" d2l_2p0:page="1"><itemmetadata><qtimetadata><qti_metadatafield><fieldlabel>qmd_computerscored</fieldlabel><fieldentry>yes</fieldentry></qti_metadatafield><qti_metadatafield><fieldlabel>qmd_questiontype</fieldlabel><fieldentry>Multiple Choice</fieldentry></qti_metadatafield><qti_metadatafield><fieldlabel>qmd_weighting</fieldlabel><fieldentry>0.200000000</fieldentry></qti_metadatafield><qti_metadatafield><fieldlabel>qmd_globalid</fieldlabel><fieldentry>234f0edd-55cb-425c-a93b-f67e9614c5c1</fieldentry></qti_metadatafield><qti_metadatafield><fieldlabel>qmd_displayid</fieldlabel><fieldentry>XLIST_SALAMAT_GAME3121_202201-78</fieldentry></qti_metadatafield></qtimetadata></itemmetadata><itemproc_extension><d2l_2p0:difficulty>1</d2l_2p0:difficulty><d2l_2p0:isbonus>no</d2l_2p0:isbonus><d2l_2p0:ismandatory>no</d2l_2p0:ismandatory></itemproc_extension><presentation><flow><material><mattext texttype="text/html">&lt;p&gt;What could be a disadvantage of frame-rate governing?&lt;/p&gt;</mattext></material><response_extension><d2l_2p0:display_style>2</d2l_2p0:display_style><d2l_2p0:enumeration>6</d2l_2p0:enumeration><d2l_2p0:grading_type>0</d2l_2p0:grading_type></response_extension><response_lid ident="QUES_6441404_6450790_LID" rcardinality="Single"><render_choice shuffle="no"><flow_label class="Block"><response_label ident="QUES_6441404_6450790_A23696598"><flow_mat><material><mattext texttype="text/html">&lt;div class="vtbegenerated inlineVtbegenerated"&gt;&lt;p&gt;Something might happen next frame that causes it to take much more time (or much less) than the current frame. A frame-rate spike can have some very real detrimental effects.&lt;/p&gt;&lt;/div&gt;
</mattext></material></flow_mat></response_label></flow_label><flow_label class="Block"><response_label ident="QUES_6441404_6450790_A23696599"><flow_mat><material><mattext texttype="text/html">&lt;div class="vtbegenerated inlineVtbegenerated"&gt;&lt;div&gt;  The longer the game, the less responsive the game will be to a varying frame rate. &lt;/div&gt;&lt;/div&gt;
</mattext></material></flow_mat></response_label></flow_label><flow_label class="Block"><response_label ident="QUES_6441404_6450790_A23696600"><flow_mat><material><mattext texttype="text/html">&lt;div class="vtbegenerated inlineVtbegenerated"&gt;&lt;div&gt;  If your game is ping-ponging between 30 FPS and 15 FPS due to frequent &amp;quot;slow&amp;quot; frames, then the game&amp;#39;s quality can degrade significantly. &lt;/div&gt;&lt;/div&gt;
</mattext></material></flow_mat></response_label></flow_label><flow_label class="Block"><response_label ident="QUES_6441404_6450790_A23696601"><flow_mat><material><mattext texttype="text/html">&lt;div class="vtbegenerated inlineVtbegenerated"&gt;&lt;p&gt;All of the above&lt;/p&gt;&lt;/div&gt;
</mattext></material></flow_mat></response_label></flow_label></render_choice></response_lid></flow></presentation><resprocessing><respcondition title="Response Condition 1"><conditionvar><varequal respident="QUES_6441404_6450790_LID">QUES_6441404_6450790_A23696598</varequal></conditionvar><setvar action="Set">0.000000000</setvar><displayfeedback feedbacktype="Response" linkrefid="QUES_6441404_6450790_IF23696598" /></respcondition><respcondition title="Response Condition 2"><conditionvar><varequal respident="QUES_6441404_6450790_LID">QUES_6441404_6450790_A23696599</varequal></conditionvar><setvar action="Set">0.000000000</setvar><displayfeedback feedbacktype="Response" linkrefid="QUES_6441404_6450790_IF23696599" /></respcondition><respcondition title="Response Condition 3"><conditionvar><varequal respident="QUES_6441404_6450790_LID">QUES_6441404_6450790_A23696600</varequal></conditionvar><setvar action="Set">0.000000000</setvar><displayfeedback feedbacktype="Response" linkrefid="QUES_6441404_6450790_IF23696600" /></respcondition><respcondition title="Response Condition 4"><conditionvar><varequal respident="QUES_6441404_6450790_LID">QUES_6441404_6450790_A23696601</varequal></conditionvar><setvar action="Set">100.000000000</setvar><displayfeedback feedbacktype="Response" linkrefid="QUES_6441404_6450790_IF23696601" /></respcondition></resprocessing><itemfeedback ident="QUES_6441404_6450790_IF23696598"><material><mattext texttype="text/plain" /></material></itemfeedback><itemfeedback ident="QUES_6441404_6450790_IF23696599"><material><mattext texttype="text/plain" /></material></itemfeedback><itemfeedback ident="QUES_6441404_6450790_IF23696600"><material><mattext texttype="text/plain" /></material></itemfeedback><itemfeedback ident="QUES_6441404_6450790_IF23696601"><material><mattext texttype="text/plain" /></material></itemfeedback></item><item ident="OBJ_7506445" label="QUES_6441405_6450791" d2l_2p0:page="1"><itemmetadata><qtimetadata><qti_metadatafield><fieldlabel>qmd_computerscored</fieldlabel><fieldentry>yes</fieldentry></qti_metadatafield><qti_metadatafield><fieldlabel>qmd_questiontype</fieldlabel><fieldentry>Multiple Choice</fieldentry></qti_metadatafield><qti_metadatafield><fieldlabel>qmd_weighting</fieldlabel><fieldentry>0.200000000</fieldentry></qti_metadatafield><qti_metadatafield><fieldlabel>qmd_globalid</fieldlabel><fieldentry>8220bec6-7e48-428b-b4dc-4c09fad90adf</fieldentry></qti_metadatafield><qti_metadatafield><fieldlabel>qmd_displayid</fieldlabel><fieldentry>XLIST_SALAMAT_GAME3121_202201-80</fieldentry></qti_metadatafield></qtimetadata></itemmetadata><itemproc_extension><d2l_2p0:difficulty>1</d2l_2p0:difficulty><d2l_2p0:isbonus>no</d2l_2p0:isbonus><d2l_2p0:ismandatory>no</d2l_2p0:ismandatory></itemproc_extension><presentation><flow><material><mattext texttype="text/html">&lt;p&gt;Which of the following(s)&amp;#160;architecture styles are commonly used in the Game Loop?&lt;/p&gt;</mattext></material><response_extension><d2l_2p0:display_style>2</d2l_2p0:display_style><d2l_2p0:enumeration>6</d2l_2p0:enumeration><d2l_2p0:grading_type>0</d2l_2p0:grading_type></response_extension><response_lid ident="QUES_6441405_6450791_LID" rcardinality="Single"><render_choice shuffle="no"><flow_label class="Block"><response_label ident="QUES_6441405_6450791_A23696602"><flow_mat><material><mattext texttype="text/html">&lt;div class="vtbegenerated inlineVtbegenerated"&gt;&lt;p&gt;Windows Message Pumps&lt;/p&gt;&lt;/div&gt;
</mattext></material></flow_mat></response_label></flow_label><flow_label class="Block"><response_label ident="QUES_6441405_6450791_A23696603"><flow_mat><material><mattext texttype="text/html">&lt;div class="vtbegenerated inlineVtbegenerated"&gt;&lt;p&gt;Callback-Driven Frameworks&lt;/p&gt;&lt;/div&gt;
</mattext></material></flow_mat></response_label></flow_label><flow_label class="Block"><response_label ident="QUES_6441405_6450791_A23696604"><flow_mat><material><mattext texttype="text/html">&lt;div class="vtbegenerated inlineVtbegenerated"&gt;&lt;p&gt;Event-Based Updating&lt;/p&gt;&lt;/div&gt;
</mattext></material></flow_mat></response_label></flow_label><flow_label class="Block"><response_label ident="QUES_6441405_6450791_A23696605"><flow_mat><material><mattext texttype="text/html">&lt;div class="vtbegenerated inlineVtbegenerated"&gt;&lt;p&gt;All of the above&lt;/p&gt;&lt;/div&gt;
</mattext></material></flow_mat></response_label></flow_label></render_choice></response_lid></flow></presentation><resprocessing><respcondition title="Response Condition 1"><conditionvar><varequal respident="QUES_6441405_6450791_LID">QUES_6441405_6450791_A23696602</varequal></conditionvar><setvar action="Set">0.000000000</setvar><displayfeedback feedbacktype="Response" linkrefid="QUES_6441405_6450791_IF23696602" /></respcondition><respcondition title="Response Condition 2"><conditionvar><varequal respident="QUES_6441405_6450791_LID">QUES_6441405_6450791_A23696603</varequal></conditionvar><setvar action="Set">0.000000000</setvar><displayfeedback feedbacktype="Response" linkrefid="QUES_6441405_6450791_IF23696603" /></respcondition><respcondition title="Response Condition 3"><conditionvar><varequal respident="QUES_6441405_6450791_LID">QUES_6441405_6450791_A23696604</varequal></conditionvar><setvar action="Set">0.000000000</setvar><displayfeedback feedbacktype="Response" linkrefid="QUES_6441405_6450791_IF23696604" /></respcondition><respcondition title="Response Condition 4"><conditionvar><varequal respident="QUES_6441405_6450791_LID">QUES_6441405_6450791_A23696605</varequal></conditionvar><setvar action="Set">100.000000000</setvar><displayfeedback feedbacktype="Response" linkrefid="QUES_6441405_6450791_IF23696605" /></respcondition></resprocessing><itemfeedback ident="QUES_6441405_6450791_IF23696602"><material><mattext texttype="text/plain" /></material></itemfeedback><itemfeedback ident="QUES_6441405_6450791_IF23696603"><material><mattext texttype="text/plain" /></material></itemfeedback><itemfeedback ident="QUES_6441405_6450791_IF23696604"><material><mattext texttype="text/plain" /></material></itemfeedback><itemfeedback ident="QUES_6441405_6450791_IF23696605"><material><mattext texttype="text/plain" /></material></itemfeedback></item></section></assessment></questestinterop>