﻿<?xml version="1.0" encoding="UTF-8"?><questestinterop xmlns:d2l_2p0="http://desire2learn.com/xsd/d2lcp_v2p0"><assessment d2l_2p0:id="23" title="Lab Test2" ident="res_quiz_247298" d2l_2p0:resource_code="FCF4E421-A020-454B-979C-FE41E4E97EDB-2245070"><rubric><flow_mat><material><mattext d2l_2p0:isdisplayed="yes" texttype="text/html">&lt;div style="padding-left: 10px;padding-right: 10px"&gt;&lt;/div&gt;</mattext></material></flow_mat></rubric><assessmentcontrol hintswitch="no" solutionswitch="yes" feedbackswitch="no" /><presentation_material><flow_mat><material label="page header"><mattext d2l_2p0:isdisplayed="no" texttype="text/html" /></material><material label="page footer"><mattext d2l_2p0:isdisplayed="no" texttype="text/html" /></material></flow_mat></presentation_material><assess_procextension><d2l_2p0:intro_message d2l_2p0:isdisplayed="no" texttype="text/html" /><d2l_2p0:disable_right_click>no</d2l_2p0:disable_right_click><d2l_2p0:disable_pager_access>no</d2l_2p0:disable_pager_access><is_active>no</is_active><d2l_2p0:date_start><d2l_2p0:timestamp><d2l_2p0:month>9</d2l_2p0:month><d2l_2p0:day>20</d2l_2p0:day><d2l_2p0:year>2022</d2l_2p0:year><d2l_2p0:hour>19</d2l_2p0:hour><d2l_2p0:minutes>30</d2l_2p0:minutes><d2l_2p0:seconds>0</d2l_2p0:seconds></d2l_2p0:timestamp></d2l_2p0:date_start><d2l_2p0:date_end><d2l_2p0:timestamp><d2l_2p0:month>9</d2l_2p0:month><d2l_2p0:day>20</d2l_2p0:day><d2l_2p0:year>2022</d2l_2p0:year><d2l_2p0:hour>20</d2l_2p0:hour><d2l_2p0:minutes>30</d2l_2p0:minutes><d2l_2p0:seconds>0</d2l_2p0:seconds></d2l_2p0:timestamp></d2l_2p0:date_end><d2l_2p0:date_due /><d2l_2p0:has_schedule_event>yes</d2l_2p0:has_schedule_event><d2l_2p0:is_attempt_Rldb>no</d2l_2p0:is_attempt_Rldb><d2l_2p0:is_subview_Rldb>no</d2l_2p0:is_subview_Rldb><d2l_2p0:time_limit>20</d2l_2p0:time_limit><d2l_2p0:show_clock>no</d2l_2p0:show_clock><d2l_2p0:enforce_time_limit>no</d2l_2p0:enforce_time_limit><d2l_2p0:quiz_start_type>no</d2l_2p0:quiz_start_type><d2l_2p0:grace_period>1</d2l_2p0:grace_period><d2l_2p0:late_limit>0</d2l_2p0:late_limit><d2l_2p0:attempts_allowed>1</d2l_2p0:attempts_allowed><d2l_2p0:attempt_restrictions /><d2l_2p0:mark_calculation_type>1</d2l_2p0:mark_calculation_type><d2l_2p0:is_forward_only>no</d2l_2p0:is_forward_only></assess_procextension><assessfeedback title=""><rubric><flow_mat><material><mattext texttype="yes">Your quiz has been submitted successfully.</mattext></material></flow_mat></rubric><d2l_2p0:duration>0</d2l_2p0:duration><d2l_2p0:response_display_type_id>1</d2l_2p0:response_display_type_id><d2l_2p0:show_correct_answers>no</d2l_2p0:show_correct_answers><d2l_2p0:submission_restrictip>no</d2l_2p0:submission_restrictip><d2l_2p0:show_class_average>no</d2l_2p0:show_class_average><d2l_2p0:show_score_distribution>no</d2l_2p0:show_score_distribution></assessfeedback><section ident="CONTAINER_SECTION"><item ident="OBJ_7506408" label="QUES_6441368_6450754" d2l_2p0:page="1"><itemmetadata><qtimetadata><qti_metadatafield><fieldlabel>qmd_computerscored</fieldlabel><fieldentry>yes</fieldentry></qti_metadatafield><qti_metadatafield><fieldlabel>qmd_questiontype</fieldlabel><fieldentry>Multiple Choice</fieldentry></qti_metadatafield><qti_metadatafield><fieldlabel>qmd_weighting</fieldlabel><fieldentry>0.200000000</fieldentry></qti_metadatafield><qti_metadatafield><fieldlabel>qmd_globalid</fieldlabel><fieldentry>7a7a159d-fce5-4aa9-92ec-9e4c3a7e8b8b</fieldentry></qti_metadatafield><qti_metadatafield><fieldlabel>qmd_displayid</fieldlabel><fieldentry>XLIST_SALAMAT_GAME3121_202201-22</fieldentry></qti_metadatafield></qtimetadata></itemmetadata><itemproc_extension><d2l_2p0:difficulty>1</d2l_2p0:difficulty><d2l_2p0:isbonus>no</d2l_2p0:isbonus><d2l_2p0:ismandatory>no</d2l_2p0:ismandatory></itemproc_extension><presentation><flow><material><mattext texttype="text/html">&lt;p&gt;Which of the following is the &amp;quot;better&amp;quot; way&amp;#160;to find out&amp;#160; whenever a specific memory address is written to?&lt;/p&gt;</mattext></material><response_extension><d2l_2p0:display_style>2</d2l_2p0:display_style><d2l_2p0:enumeration>6</d2l_2p0:enumeration><d2l_2p0:grading_type>0</d2l_2p0:grading_type></response_extension><response_lid ident="QUES_6441368_6450754_LID" rcardinality="Single"><render_choice shuffle="no"><flow_label class="Block"><response_label ident="QUES_6441368_6450754_A23696455"><flow_mat><material><mattext texttype="text/html">&lt;div class="vtbegenerated inlineVtbegenerated"&gt;&lt;p&gt;Set a data breakpoint&lt;/p&gt;&lt;/div&gt;
</mattext></material></flow_mat></response_label></flow_label><flow_label class="Block"><response_label ident="QUES_6441368_6450754_A23696456"><flow_mat><material><mattext texttype="text/html">&lt;div class="vtbegenerated inlineVtbegenerated"&gt;&lt;p&gt;Watch the call stack&lt;/p&gt;&lt;/div&gt;
</mattext></material></flow_mat></response_label></flow_label><flow_label class="Block"><response_label ident="QUES_6441368_6450754_A23696457"><flow_mat><material><mattext texttype="text/html">&lt;div class="vtbegenerated inlineVtbegenerated"&gt;&lt;p&gt;Monitor the watch window&lt;/p&gt;&lt;/div&gt;
</mattext></material></flow_mat></response_label></flow_label><flow_label class="Block"><response_label ident="QUES_6441368_6450754_A23696458"><flow_mat><material><mattext texttype="text/html">&lt;div class="vtbegenerated inlineVtbegenerated"&gt;&lt;p&gt;Use&amp;#160;Conditional Breakpoints&lt;/p&gt;&lt;/div&gt;
</mattext></material></flow_mat></response_label></flow_label></render_choice></response_lid></flow></presentation><resprocessing><respcondition title="Response Condition 1"><conditionvar><varequal respident="QUES_6441368_6450754_LID">QUES_6441368_6450754_A23696455</varequal></conditionvar><setvar action="Set">100.000000000</setvar><displayfeedback feedbacktype="Response" linkrefid="QUES_6441368_6450754_IF23696455" /></respcondition><respcondition title="Response Condition 2"><conditionvar><varequal respident="QUES_6441368_6450754_LID">QUES_6441368_6450754_A23696456</varequal></conditionvar><setvar action="Set">0.000000000</setvar><displayfeedback feedbacktype="Response" linkrefid="QUES_6441368_6450754_IF23696456" /></respcondition><respcondition title="Response Condition 3"><conditionvar><varequal respident="QUES_6441368_6450754_LID">QUES_6441368_6450754_A23696457</varequal></conditionvar><setvar action="Set">0.000000000</setvar><displayfeedback feedbacktype="Response" linkrefid="QUES_6441368_6450754_IF23696457" /></respcondition><respcondition title="Response Condition 4"><conditionvar><varequal respident="QUES_6441368_6450754_LID">QUES_6441368_6450754_A23696458</varequal></conditionvar><setvar action="Set">0.000000000</setvar><displayfeedback feedbacktype="Response" linkrefid="QUES_6441368_6450754_IF23696458" /></respcondition></resprocessing><itemfeedback ident="QUES_6441368_6450754_IF23696455"><material><mattext texttype="text/plain" /></material></itemfeedback><itemfeedback ident="QUES_6441368_6450754_IF23696456"><material><mattext texttype="text/plain" /></material></itemfeedback><itemfeedback ident="QUES_6441368_6450754_IF23696457"><material><mattext texttype="text/plain" /></material></itemfeedback><itemfeedback ident="QUES_6441368_6450754_IF23696458"><material><mattext texttype="text/plain" /></material></itemfeedback></item><item ident="OBJ_7506409" label="QUES_6441369_6450755" d2l_2p0:page="1"><itemmetadata><qtimetadata><qti_metadatafield><fieldlabel>qmd_computerscored</fieldlabel><fieldentry>yes</fieldentry></qti_metadatafield><qti_metadatafield><fieldlabel>qmd_questiontype</fieldlabel><fieldentry>Multiple Choice</fieldentry></qti_metadatafield><qti_metadatafield><fieldlabel>qmd_weighting</fieldlabel><fieldentry>0.200000000</fieldentry></qti_metadatafield><qti_metadatafield><fieldlabel>qmd_globalid</fieldlabel><fieldentry>7f7a8a6d-bdcd-4eed-8b2a-a5c612dc10e9</fieldentry></qti_metadatafield><qti_metadatafield><fieldlabel>qmd_displayid</fieldlabel><fieldentry>XLIST_SALAMAT_GAME3121_202201-23</fieldentry></qti_metadatafield></qtimetadata></itemmetadata><itemproc_extension><d2l_2p0:difficulty>1</d2l_2p0:difficulty><d2l_2p0:isbonus>no</d2l_2p0:isbonus><d2l_2p0:ismandatory>no</d2l_2p0:ismandatory></itemproc_extension><presentation><flow><material><mattext texttype="text/html">&lt;p&gt;What version control does Electronic Arts use?&lt;/p&gt;</mattext></material><response_extension><d2l_2p0:display_style>2</d2l_2p0:display_style><d2l_2p0:enumeration>6</d2l_2p0:enumeration><d2l_2p0:grading_type>0</d2l_2p0:grading_type></response_extension><response_lid ident="QUES_6441369_6450755_LID" rcardinality="Single"><render_choice shuffle="no"><flow_label class="Block"><response_label ident="QUES_6441369_6450755_A23696459"><flow_mat><material><mattext texttype="text/html">&lt;div class="vtbegenerated inlineVtbegenerated"&gt;&lt;p&gt;Git&lt;/p&gt;&lt;/div&gt;
</mattext></material></flow_mat></response_label></flow_label><flow_label class="Block"><response_label ident="QUES_6441369_6450755_A23696460"><flow_mat><material><mattext texttype="text/html">&lt;div class="vtbegenerated inlineVtbegenerated"&gt;&lt;p&gt;Subversion&lt;/p&gt;&lt;/div&gt;
</mattext></material></flow_mat></response_label></flow_label><flow_label class="Block"><response_label ident="QUES_6441369_6450755_A23696461"><flow_mat><material><mattext texttype="text/html">&lt;div class="vtbegenerated inlineVtbegenerated"&gt;&lt;p&gt;SCCS and RCS&lt;/p&gt;&lt;/div&gt;
</mattext></material></flow_mat></response_label></flow_label><flow_label class="Block"><response_label ident="QUES_6441369_6450755_A23696462"><flow_mat><material><mattext texttype="text/html">&lt;div class="vtbegenerated inlineVtbegenerated"&gt;&lt;p&gt;Perforce&lt;/p&gt;&lt;/div&gt;
</mattext></material></flow_mat></response_label></flow_label></render_choice></response_lid></flow></presentation><resprocessing><respcondition title="Response Condition 1"><conditionvar><varequal respident="QUES_6441369_6450755_LID">QUES_6441369_6450755_A23696459</varequal></conditionvar><setvar action="Set">0.000000000</setvar><displayfeedback feedbacktype="Response" linkrefid="QUES_6441369_6450755_IF23696459" /></respcondition><respcondition title="Response Condition 2"><conditionvar><varequal respident="QUES_6441369_6450755_LID">QUES_6441369_6450755_A23696460</varequal></conditionvar><setvar action="Set">0.000000000</setvar><displayfeedback feedbacktype="Response" linkrefid="QUES_6441369_6450755_IF23696460" /></respcondition><respcondition title="Response Condition 3"><conditionvar><varequal respident="QUES_6441369_6450755_LID">QUES_6441369_6450755_A23696461</varequal></conditionvar><setvar action="Set">0.000000000</setvar><displayfeedback feedbacktype="Response" linkrefid="QUES_6441369_6450755_IF23696461" /></respcondition><respcondition title="Response Condition 4"><conditionvar><varequal respident="QUES_6441369_6450755_LID">QUES_6441369_6450755_A23696462</varequal></conditionvar><setvar action="Set">100.000000000</setvar><displayfeedback feedbacktype="Response" linkrefid="QUES_6441369_6450755_IF23696462" /></respcondition></resprocessing><itemfeedback ident="QUES_6441369_6450755_IF23696459"><material><mattext texttype="text/plain" /></material></itemfeedback><itemfeedback ident="QUES_6441369_6450755_IF23696460"><material><mattext texttype="text/plain" /></material></itemfeedback><itemfeedback ident="QUES_6441369_6450755_IF23696461"><material><mattext texttype="text/plain" /></material></itemfeedback><itemfeedback ident="QUES_6441369_6450755_IF23696462"><material><mattext texttype="text/plain" /></material></itemfeedback></item><item ident="OBJ_7506410" label="QUES_6441370_6450756" d2l_2p0:page="1"><itemmetadata><qtimetadata><qti_metadatafield><fieldlabel>qmd_computerscored</fieldlabel><fieldentry>yes</fieldentry></qti_metadatafield><qti_metadatafield><fieldlabel>qmd_questiontype</fieldlabel><fieldentry>Multiple Choice</fieldentry></qti_metadatafield><qti_metadatafield><fieldlabel>qmd_weighting</fieldlabel><fieldentry>0.200000000</fieldentry></qti_metadatafield><qti_metadatafield><fieldlabel>qmd_globalid</fieldlabel><fieldentry>9e106dda-d345-427f-b54f-bfac712c3954</fieldentry></qti_metadatafield><qti_metadatafield><fieldlabel>qmd_displayid</fieldlabel><fieldentry>XLIST_SALAMAT_GAME3121_202201-27</fieldentry></qti_metadatafield></qtimetadata></itemmetadata><itemproc_extension><d2l_2p0:difficulty>1</d2l_2p0:difficulty><d2l_2p0:isbonus>no</d2l_2p0:isbonus><d2l_2p0:ismandatory>no</d2l_2p0:ismandatory></itemproc_extension><presentation><flow><material><mattext texttype="text/html">&lt;p&gt;What preprocessor setting can be used to target Microsoft&amp;#160;&amp;quot;compiler&amp;quot;?&lt;/p&gt;</mattext></material><response_extension><d2l_2p0:display_style>2</d2l_2p0:display_style><d2l_2p0:enumeration>6</d2l_2p0:enumeration><d2l_2p0:grading_type>0</d2l_2p0:grading_type></response_extension><response_lid ident="QUES_6441370_6450756_LID" rcardinality="Single"><render_choice shuffle="no"><flow_label class="Block"><response_label ident="QUES_6441370_6450756_A23696463"><flow_mat><material><mattext texttype="text/html">&lt;div class="vtbegenerated inlineVtbegenerated"&gt;&lt;p&gt;the macro __GNUC__&lt;/p&gt;&lt;/div&gt;
</mattext></material></flow_mat></response_label></flow_label><flow_label class="Block"><response_label ident="QUES_6441370_6450756_A23696464"><flow_mat><material><mattext texttype="text/html">&lt;div class="vtbegenerated inlineVtbegenerated"&gt;&lt;p&gt;the macro _MSC_VER&lt;/p&gt;&lt;/div&gt;
</mattext></material></flow_mat></response_label></flow_label><flow_label class="Block"><response_label ident="QUES_6441370_6450756_A23696465"><flow_mat><material><mattext texttype="text/html">&lt;div class="vtbegenerated inlineVtbegenerated"&gt;&lt;p&gt;the symbol _WIN32&lt;/p&gt;&lt;/div&gt;
</mattext></material></flow_mat></response_label></flow_label><flow_label class="Block"><response_label ident="QUES_6441370_6450756_A23696466"><flow_mat><material><mattext texttype="text/html">&lt;div class="vtbegenerated inlineVtbegenerated"&gt;&lt;p&gt;the macro __cplusplus&lt;/p&gt;&lt;/div&gt;
</mattext></material></flow_mat></response_label></flow_label></render_choice></response_lid></flow></presentation><resprocessing><respcondition title="Response Condition 1"><conditionvar><varequal respident="QUES_6441370_6450756_LID">QUES_6441370_6450756_A23696463</varequal></conditionvar><setvar action="Set">0.000000000</setvar><displayfeedback feedbacktype="Response" linkrefid="QUES_6441370_6450756_IF23696463" /></respcondition><respcondition title="Response Condition 2"><conditionvar><varequal respident="QUES_6441370_6450756_LID">QUES_6441370_6450756_A23696464</varequal></conditionvar><setvar action="Set">100.000000000</setvar><displayfeedback feedbacktype="Response" linkrefid="QUES_6441370_6450756_IF23696464" /></respcondition><respcondition title="Response Condition 3"><conditionvar><varequal respident="QUES_6441370_6450756_LID">QUES_6441370_6450756_A23696465</varequal></conditionvar><setvar action="Set">0.000000000</setvar><displayfeedback feedbacktype="Response" linkrefid="QUES_6441370_6450756_IF23696465" /></respcondition><respcondition title="Response Condition 4"><conditionvar><varequal respident="QUES_6441370_6450756_LID">QUES_6441370_6450756_A23696466</varequal></conditionvar><setvar action="Set">0.000000000</setvar><displayfeedback feedbacktype="Response" linkrefid="QUES_6441370_6450756_IF23696466" /></respcondition></resprocessing><itemfeedback ident="QUES_6441370_6450756_IF23696463"><material><mattext texttype="text/plain" /></material></itemfeedback><itemfeedback ident="QUES_6441370_6450756_IF23696464"><material><mattext texttype="text/plain" /></material></itemfeedback><itemfeedback ident="QUES_6441370_6450756_IF23696465"><material><mattext texttype="text/plain" /></material></itemfeedback><itemfeedback ident="QUES_6441370_6450756_IF23696466"><material><mattext texttype="text/plain" /></material></itemfeedback></item><item ident="OBJ_7506411" label="QUES_6441371_6450757" d2l_2p0:page="1"><itemmetadata><qtimetadata><qti_metadatafield><fieldlabel>qmd_computerscored</fieldlabel><fieldentry>yes</fieldentry></qti_metadatafield><qti_metadatafield><fieldlabel>qmd_questiontype</fieldlabel><fieldentry>Multiple Choice</fieldentry></qti_metadatafield><qti_metadatafield><fieldlabel>qmd_weighting</fieldlabel><fieldentry>0.200000000</fieldentry></qti_metadatafield><qti_metadatafield><fieldlabel>qmd_globalid</fieldlabel><fieldentry>d752df7e-8fa4-46bf-942e-601c1f80a392</fieldentry></qti_metadatafield><qti_metadatafield><fieldlabel>qmd_displayid</fieldlabel><fieldentry>XLIST_SALAMAT_GAME3121_202201-29</fieldentry></qti_metadatafield></qtimetadata></itemmetadata><itemproc_extension><d2l_2p0:difficulty>1</d2l_2p0:difficulty><d2l_2p0:isbonus>no</d2l_2p0:isbonus><d2l_2p0:ismandatory>no</d2l_2p0:ismandatory></itemproc_extension><presentation><flow><material><mattext texttype="text/html">&lt;p&gt;Which component of your&amp;#160;IDE&amp;#160;calculates the final relative addresses of all the machine code?&lt;/p&gt;</mattext></material><response_extension><d2l_2p0:display_style>2</d2l_2p0:display_style><d2l_2p0:enumeration>6</d2l_2p0:enumeration><d2l_2p0:grading_type>0</d2l_2p0:grading_type></response_extension><response_lid ident="QUES_6441371_6450757_LID" rcardinality="Single"><render_choice shuffle="no"><flow_label class="Block"><response_label ident="QUES_6441371_6450757_A23696467"><flow_mat><material><mattext texttype="text/html">&lt;div class="vtbegenerated inlineVtbegenerated"&gt;&lt;p&gt;DLL&lt;/p&gt;&lt;/div&gt;
</mattext></material></flow_mat></response_label></flow_label><flow_label class="Block"><response_label ident="QUES_6441371_6450757_A23696468"><flow_mat><material><mattext texttype="text/html">&lt;div class="vtbegenerated inlineVtbegenerated"&gt;&lt;p&gt;Linker&lt;/p&gt;&lt;/div&gt;
</mattext></material></flow_mat></response_label></flow_label><flow_label class="Block"><response_label ident="QUES_6441371_6450757_A23696469"><flow_mat><material><mattext texttype="text/html">&lt;div class="vtbegenerated inlineVtbegenerated"&gt;&lt;p&gt;Library&lt;/p&gt;&lt;/div&gt;
</mattext></material></flow_mat></response_label></flow_label><flow_label class="Block"><response_label ident="QUES_6441371_6450757_A23696470"><flow_mat><material><mattext texttype="text/html">&lt;div class="vtbegenerated inlineVtbegenerated"&gt;&lt;p&gt;Project file&lt;/p&gt;&lt;/div&gt;
</mattext></material></flow_mat></response_label></flow_label></render_choice></response_lid></flow></presentation><resprocessing><respcondition title="Response Condition 1"><conditionvar><varequal respident="QUES_6441371_6450757_LID">QUES_6441371_6450757_A23696467</varequal></conditionvar><setvar action="Set">0.000000000</setvar><displayfeedback feedbacktype="Response" linkrefid="QUES_6441371_6450757_IF23696467" /></respcondition><respcondition title="Response Condition 2"><conditionvar><varequal respident="QUES_6441371_6450757_LID">QUES_6441371_6450757_A23696468</varequal></conditionvar><setvar action="Set">100.000000000</setvar><displayfeedback feedbacktype="Response" linkrefid="QUES_6441371_6450757_IF23696468" /></respcondition><respcondition title="Response Condition 3"><conditionvar><varequal respident="QUES_6441371_6450757_LID">QUES_6441371_6450757_A23696469</varequal></conditionvar><setvar action="Set">0.000000000</setvar><displayfeedback feedbacktype="Response" linkrefid="QUES_6441371_6450757_IF23696469" /></respcondition><respcondition title="Response Condition 4"><conditionvar><varequal respident="QUES_6441371_6450757_LID">QUES_6441371_6450757_A23696470</varequal></conditionvar><setvar action="Set">0.000000000</setvar><displayfeedback feedbacktype="Response" linkrefid="QUES_6441371_6450757_IF23696470" /></respcondition></resprocessing><itemfeedback ident="QUES_6441371_6450757_IF23696467"><material><mattext texttype="text/plain" /></material></itemfeedback><itemfeedback ident="QUES_6441371_6450757_IF23696468"><material><mattext texttype="text/plain" /></material></itemfeedback><itemfeedback ident="QUES_6441371_6450757_IF23696469"><material><mattext texttype="text/plain" /></material></itemfeedback><itemfeedback ident="QUES_6441371_6450757_IF23696470"><material><mattext texttype="text/plain" /></material></itemfeedback></item><item ident="OBJ_7506412" label="QUES_6441372_6450758" d2l_2p0:page="1"><itemmetadata><qtimetadata><qti_metadatafield><fieldlabel>qmd_computerscored</fieldlabel><fieldentry>yes</fieldentry></qti_metadatafield><qti_metadatafield><fieldlabel>qmd_questiontype</fieldlabel><fieldentry>Multiple Choice</fieldentry></qti_metadatafield><qti_metadatafield><fieldlabel>qmd_weighting</fieldlabel><fieldentry>0.200000000</fieldentry></qti_metadatafield><qti_metadatafield><fieldlabel>qmd_globalid</fieldlabel><fieldentry>b67e707a-940d-4cfa-aaed-4cad86f95020</fieldentry></qti_metadatafield><qti_metadatafield><fieldlabel>qmd_displayid</fieldlabel><fieldentry>XLIST_SALAMAT_GAME3121_202201-32</fieldentry></qti_metadatafield></qtimetadata></itemmetadata><itemproc_extension><d2l_2p0:difficulty>1</d2l_2p0:difficulty><d2l_2p0:isbonus>no</d2l_2p0:isbonus><d2l_2p0:ismandatory>no</d2l_2p0:ismandatory></itemproc_extension><presentation><flow><material><mattext texttype="text/html">&lt;p&gt;Why do we use inline&amp;#160;functions?&lt;/p&gt;</mattext></material><response_extension><d2l_2p0:display_style>2</d2l_2p0:display_style><d2l_2p0:enumeration>6</d2l_2p0:enumeration><d2l_2p0:grading_type>0</d2l_2p0:grading_type></response_extension><response_lid ident="QUES_6441372_6450758_LID" rcardinality="Single"><render_choice shuffle="no"><flow_label class="Block"><response_label ident="QUES_6441372_6450758_A23696471"><flow_mat><material><mattext texttype="text/html">&lt;div class="vtbegenerated inlineVtbegenerated"&gt;&lt;p&gt;For optimizations&lt;/p&gt;&lt;/div&gt;
</mattext></material></flow_mat></response_label></flow_label><flow_label class="Block"><response_label ident="QUES_6441372_6450758_A23696472"><flow_mat><material><mattext texttype="text/html">&lt;div class="vtbegenerated inlineVtbegenerated"&gt;&lt;p&gt;Makes tracing&amp;#160;through the code in the debugger much simpler&lt;/p&gt;&lt;/div&gt;
</mattext></material></flow_mat></response_label></flow_label><flow_label class="Block"><response_label ident="QUES_6441372_6450758_A23696473"><flow_mat><material><mattext texttype="text/html">&lt;div class="vtbegenerated inlineVtbegenerated"&gt;&lt;p&gt;&lt;span style="color: #222222;font-family: arial, sans-serif;font-size: 16px;font-style: normal;font-weight: 400;letter-spacing: normal;text-align: left;text-indent: 0px;text-transform: none;white-space: normal;word-spacing: 0px;background-color: #ffffff;display: inline !important;float: none;"&gt;&amp;#160;To increase the execution time of a program&lt;/span&gt;&lt;/p&gt;&lt;/div&gt;
</mattext></material></flow_mat></response_label></flow_label><flow_label class="Block"><response_label ident="QUES_6441372_6450758_A23696474"><flow_mat><material><mattext texttype="text/html">&lt;div class="vtbegenerated inlineVtbegenerated"&gt;&lt;p&gt;All of the above&lt;/p&gt;&lt;/div&gt;
</mattext></material></flow_mat></response_label></flow_label></render_choice></response_lid></flow></presentation><resprocessing><respcondition title="Response Condition 1"><conditionvar><varequal respident="QUES_6441372_6450758_LID">QUES_6441372_6450758_A23696471</varequal></conditionvar><setvar action="Set">0.000000000</setvar><displayfeedback feedbacktype="Response" linkrefid="QUES_6441372_6450758_IF23696471" /></respcondition><respcondition title="Response Condition 2"><conditionvar><varequal respident="QUES_6441372_6450758_LID">QUES_6441372_6450758_A23696472</varequal></conditionvar><setvar action="Set">0.000000000</setvar><displayfeedback feedbacktype="Response" linkrefid="QUES_6441372_6450758_IF23696472" /></respcondition><respcondition title="Response Condition 3"><conditionvar><varequal respident="QUES_6441372_6450758_LID">QUES_6441372_6450758_A23696473</varequal></conditionvar><setvar action="Set">0.000000000</setvar><displayfeedback feedbacktype="Response" linkrefid="QUES_6441372_6450758_IF23696473" /></respcondition><respcondition title="Response Condition 4"><conditionvar><varequal respident="QUES_6441372_6450758_LID">QUES_6441372_6450758_A23696474</varequal></conditionvar><setvar action="Set">100.000000000</setvar><displayfeedback feedbacktype="Response" linkrefid="QUES_6441372_6450758_IF23696474" /></respcondition></resprocessing><itemfeedback ident="QUES_6441372_6450758_IF23696471"><material><mattext texttype="text/plain" /></material></itemfeedback><itemfeedback ident="QUES_6441372_6450758_IF23696472"><material><mattext texttype="text/plain" /></material></itemfeedback><itemfeedback ident="QUES_6441372_6450758_IF23696473"><material><mattext texttype="text/plain" /></material></itemfeedback><itemfeedback ident="QUES_6441372_6450758_IF23696474"><material><mattext texttype="text/plain" /></material></itemfeedback></item><item ident="OBJ_7506413" label="QUES_6441373_6450759" d2l_2p0:page="1"><itemmetadata><qtimetadata><qti_metadatafield><fieldlabel>qmd_computerscored</fieldlabel><fieldentry>yes</fieldentry></qti_metadatafield><qti_metadatafield><fieldlabel>qmd_questiontype</fieldlabel><fieldentry>Multiple Choice</fieldentry></qti_metadatafield><qti_metadatafield><fieldlabel>qmd_weighting</fieldlabel><fieldentry>0.200000000</fieldentry></qti_metadatafield><qti_metadatafield><fieldlabel>qmd_globalid</fieldlabel><fieldentry>7f8ea733-5309-4d8b-9cb4-0ad75cd29583</fieldentry></qti_metadatafield><qti_metadatafield><fieldlabel>qmd_displayid</fieldlabel><fieldentry>XLIST_SALAMAT_GAME3121_202201-36</fieldentry></qti_metadatafield></qtimetadata></itemmetadata><itemproc_extension><d2l_2p0:difficulty>1</d2l_2p0:difficulty><d2l_2p0:isbonus>no</d2l_2p0:isbonus><d2l_2p0:ismandatory>no</d2l_2p0:ismandatory></itemproc_extension><presentation><flow><material><mattext texttype="text/html">&lt;p&gt;Which build configuration usually consider&amp;#160;link-time optimizations (LTO)&amp;#160;and&amp;#160;profile-guided optimizations(PGO) in game projects?&lt;/p&gt;</mattext></material><response_extension><d2l_2p0:display_style>2</d2l_2p0:display_style><d2l_2p0:enumeration>6</d2l_2p0:enumeration><d2l_2p0:grading_type>0</d2l_2p0:grading_type></response_extension><response_lid ident="QUES_6441373_6450759_LID" rcardinality="Single"><render_choice shuffle="no"><flow_label class="Block"><response_label ident="QUES_6441373_6450759_A23696475"><flow_mat><material><mattext texttype="text/html">&lt;div class="vtbegenerated inlineVtbegenerated"&gt;&lt;p&gt;Debug&lt;/p&gt;&lt;/div&gt;
</mattext></material></flow_mat></response_label></flow_label><flow_label class="Block"><response_label ident="QUES_6441373_6450759_A23696476"><flow_mat><material><mattext texttype="text/html">&lt;div class="vtbegenerated inlineVtbegenerated"&gt;&lt;p&gt;Development&lt;/p&gt;&lt;/div&gt;
</mattext></material></flow_mat></response_label></flow_label><flow_label class="Block"><response_label ident="QUES_6441373_6450759_A23696477"><flow_mat><material><mattext texttype="text/html">&lt;div class="vtbegenerated inlineVtbegenerated"&gt;&lt;p&gt;Test&lt;/p&gt;&lt;/div&gt;
</mattext></material></flow_mat></response_label></flow_label><flow_label class="Block"><response_label ident="QUES_6441373_6450759_A23696478"><flow_mat><material><mattext texttype="text/html">&lt;div class="vtbegenerated inlineVtbegenerated"&gt;&lt;p&gt;Ship&lt;/p&gt;&lt;/div&gt;
</mattext></material></flow_mat></response_label></flow_label></render_choice></response_lid></flow></presentation><resprocessing><respcondition title="Response Condition 1"><conditionvar><varequal respident="QUES_6441373_6450759_LID">QUES_6441373_6450759_A23696475</varequal></conditionvar><setvar action="Set">0.000000000</setvar><displayfeedback feedbacktype="Response" linkrefid="QUES_6441373_6450759_IF23696475" /></respcondition><respcondition title="Response Condition 2"><conditionvar><varequal respident="QUES_6441373_6450759_LID">QUES_6441373_6450759_A23696476</varequal></conditionvar><setvar action="Set">0.000000000</setvar><displayfeedback feedbacktype="Response" linkrefid="QUES_6441373_6450759_IF23696476" /></respcondition><respcondition title="Response Condition 3"><conditionvar><varequal respident="QUES_6441373_6450759_LID">QUES_6441373_6450759_A23696477</varequal></conditionvar><setvar action="Set">0.000000000</setvar><displayfeedback feedbacktype="Response" linkrefid="QUES_6441373_6450759_IF23696477" /></respcondition><respcondition title="Response Condition 4"><conditionvar><varequal respident="QUES_6441373_6450759_LID">QUES_6441373_6450759_A23696478</varequal></conditionvar><setvar action="Set">100.000000000</setvar><displayfeedback feedbacktype="Response" linkrefid="QUES_6441373_6450759_IF23696478" /></respcondition></resprocessing><itemfeedback ident="QUES_6441373_6450759_IF23696475"><material><mattext texttype="text/plain" /></material></itemfeedback><itemfeedback ident="QUES_6441373_6450759_IF23696476"><material><mattext texttype="text/plain" /></material></itemfeedback><itemfeedback ident="QUES_6441373_6450759_IF23696477"><material><mattext texttype="text/plain" /></material></itemfeedback><itemfeedback ident="QUES_6441373_6450759_IF23696478"><material><mattext texttype="text/plain" /></material></itemfeedback></item><item ident="OBJ_7506414" label="QUES_6441374_6450760" d2l_2p0:page="1"><itemmetadata><qtimetadata><qti_metadatafield><fieldlabel>qmd_computerscored</fieldlabel><fieldentry>yes</fieldentry></qti_metadatafield><qti_metadatafield><fieldlabel>qmd_questiontype</fieldlabel><fieldentry>Multiple Choice</fieldentry></qti_metadatafield><qti_metadatafield><fieldlabel>qmd_weighting</fieldlabel><fieldentry>0.200000000</fieldentry></qti_metadatafield><qti_metadatafield><fieldlabel>qmd_globalid</fieldlabel><fieldentry>6af40c13-6cab-4087-84ab-ab54a5c499d5</fieldentry></qti_metadatafield><qti_metadatafield><fieldlabel>qmd_displayid</fieldlabel><fieldentry>XLIST_SALAMAT_GAME3121_202201-34</fieldentry></qti_metadatafield></qtimetadata></itemmetadata><itemproc_extension><d2l_2p0:difficulty>1</d2l_2p0:difficulty><d2l_2p0:isbonus>no</d2l_2p0:isbonus><d2l_2p0:ismandatory>no</d2l_2p0:ismandatory></itemproc_extension><presentation><flow><material><mattext texttype="text/html">&lt;p&gt;While building your code,&amp;#160;how can you generate debugging information?&lt;/p&gt;</mattext></material><response_extension><d2l_2p0:display_style>2</d2l_2p0:display_style><d2l_2p0:enumeration>6</d2l_2p0:enumeration><d2l_2p0:grading_type>0</d2l_2p0:grading_type></response_extension><response_lid ident="QUES_6441374_6450760_LID" rcardinality="Single"><render_choice shuffle="no"><flow_label class="Block"><response_label ident="QUES_6441374_6450760_A23696479"><flow_mat><material><mattext texttype="text/html">&lt;div class="vtbegenerated inlineVtbegenerated"&gt;&lt;p&gt;Use&amp;#160;/Zi&amp;#160;option&lt;/p&gt;&lt;/div&gt;
</mattext></material></flow_mat></response_label></flow_label><flow_label class="Block"><response_label ident="QUES_6441374_6450760_A23696480"><flow_mat><material><mattext texttype="text/html">&lt;div class="vtbegenerated inlineVtbegenerated"&gt;&lt;p&gt;Use&amp;#160;/Od&amp;#160;option&lt;/p&gt;&lt;/div&gt;
</mattext></material></flow_mat></response_label></flow_label><flow_label class="Block"><response_label ident="QUES_6441374_6450760_A23696481"><flow_mat><material><mattext texttype="text/html">&lt;div class="vtbegenerated inlineVtbegenerated"&gt;&lt;p&gt;Use&amp;#160;/Wall option&lt;/p&gt;&lt;/div&gt;
</mattext></material></flow_mat></response_label></flow_label><flow_label class="Block"><response_label ident="QUES_6441374_6450760_A23696482"><flow_mat><material><mattext texttype="text/html">&lt;div class="vtbegenerated inlineVtbegenerated"&gt;&lt;p&gt;Use /c option&lt;/p&gt;&lt;/div&gt;
</mattext></material></flow_mat></response_label></flow_label></render_choice></response_lid></flow></presentation><resprocessing><respcondition title="Response Condition 1"><conditionvar><varequal respident="QUES_6441374_6450760_LID">QUES_6441374_6450760_A23696479</varequal></conditionvar><setvar action="Set">100.000000000</setvar><displayfeedback feedbacktype="Response" linkrefid="QUES_6441374_6450760_IF23696479" /></respcondition><respcondition title="Response Condition 2"><conditionvar><varequal respident="QUES_6441374_6450760_LID">QUES_6441374_6450760_A23696480</varequal></conditionvar><setvar action="Set">0.000000000</setvar><displayfeedback feedbacktype="Response" linkrefid="QUES_6441374_6450760_IF23696480" /></respcondition><respcondition title="Response Condition 3"><conditionvar><varequal respident="QUES_6441374_6450760_LID">QUES_6441374_6450760_A23696481</varequal></conditionvar><setvar action="Set">0.000000000</setvar><displayfeedback feedbacktype="Response" linkrefid="QUES_6441374_6450760_IF23696481" /></respcondition><respcondition title="Response Condition 4"><conditionvar><varequal respident="QUES_6441374_6450760_LID">QUES_6441374_6450760_A23696482</varequal></conditionvar><setvar action="Set">0.000000000</setvar><displayfeedback feedbacktype="Response" linkrefid="QUES_6441374_6450760_IF23696482" /></respcondition></resprocessing><itemfeedback ident="QUES_6441374_6450760_IF23696479"><material><mattext texttype="text/plain" /></material></itemfeedback><itemfeedback ident="QUES_6441374_6450760_IF23696480"><material><mattext texttype="text/plain" /></material></itemfeedback><itemfeedback ident="QUES_6441374_6450760_IF23696481"><material><mattext texttype="text/plain" /></material></itemfeedback><itemfeedback ident="QUES_6441374_6450760_IF23696482"><material><mattext texttype="text/plain" /></material></itemfeedback></item><item ident="OBJ_7506415" label="QUES_6441375_6450761" d2l_2p0:page="1"><itemmetadata><qtimetadata><qti_metadatafield><fieldlabel>qmd_computerscored</fieldlabel><fieldentry>yes</fieldentry></qti_metadatafield><qti_metadatafield><fieldlabel>qmd_questiontype</fieldlabel><fieldentry>Multiple Choice</fieldentry></qti_metadatafield><qti_metadatafield><fieldlabel>qmd_weighting</fieldlabel><fieldentry>0.200000000</fieldentry></qti_metadatafield><qti_metadatafield><fieldlabel>qmd_globalid</fieldlabel><fieldentry>e4c361d7-6e3e-4f10-b411-d2948db0f5a4</fieldentry></qti_metadatafield><qti_metadatafield><fieldlabel>qmd_displayid</fieldlabel><fieldentry>XLIST_SALAMAT_GAME3121_202201-35</fieldentry></qti_metadatafield></qtimetadata></itemmetadata><itemproc_extension><d2l_2p0:difficulty>1</d2l_2p0:difficulty><d2l_2p0:isbonus>no</d2l_2p0:isbonus><d2l_2p0:ismandatory>no</d2l_2p0:ismandatory></itemproc_extension><presentation><flow><material><mattext texttype="text/html">&lt;p&gt;Which of the following is &amp;quot;not&amp;quot; a correct statement?&lt;/p&gt;</mattext></material><response_extension><d2l_2p0:display_style>2</d2l_2p0:display_style><d2l_2p0:enumeration>6</d2l_2p0:enumeration><d2l_2p0:grading_type>0</d2l_2p0:grading_type></response_extension><response_lid ident="QUES_6441375_6450761_LID" rcardinality="Single"><render_choice shuffle="no"><flow_label class="Block"><response_label ident="QUES_6441375_6450761_A23696483"><flow_mat><material><mattext texttype="text/html">&lt;div class="vtbegenerated inlineVtbegenerated"&gt;&lt;p&gt;Header files are not seen by thecompiler.&lt;/p&gt;&lt;/div&gt;
</mattext></material></flow_mat></response_label></flow_label><flow_label class="Block"><response_label ident="QUES_6441375_6450761_A23696484"><flow_mat><material><mattext texttype="text/html">&lt;div class="vtbegenerated inlineVtbegenerated"&gt;&lt;p&gt;the C++ preprocessor replaces each #include statement with the contents of the corresponding header file prior to sending the translation unit to the compiler.&lt;/p&gt;&lt;/div&gt;
</mattext></material></flow_mat></response_label></flow_label><flow_label class="Block"><response_label ident="QUES_6441375_6450761_A23696485"><flow_mat><material><mattext texttype="text/html">&lt;div class="vtbegenerated inlineVtbegenerated"&gt;&lt;p&gt;Translation units are files with a .obj extension under Windows or .o under UNIX-based operating systems&lt;/p&gt;&lt;/div&gt;
</mattext></material></flow_mat></response_label></flow_label><flow_label class="Block"><response_label ident="QUES_6441375_6450761_A23696486"><flow_mat><material><mattext texttype="text/html">&lt;div class="vtbegenerated inlineVtbegenerated"&gt;&lt;p&gt;Source files are technically known as translation units, because the compiler translates one source file at a time from C++ into machine code.&lt;/p&gt;&lt;/div&gt;
</mattext></material></flow_mat></response_label></flow_label></render_choice></response_lid></flow></presentation><resprocessing><respcondition title="Response Condition 1"><conditionvar><varequal respident="QUES_6441375_6450761_LID">QUES_6441375_6450761_A23696483</varequal></conditionvar><setvar action="Set">0.000000000</setvar><displayfeedback feedbacktype="Response" linkrefid="QUES_6441375_6450761_IF23696483" /></respcondition><respcondition title="Response Condition 2"><conditionvar><varequal respident="QUES_6441375_6450761_LID">QUES_6441375_6450761_A23696484</varequal></conditionvar><setvar action="Set">0.000000000</setvar><displayfeedback feedbacktype="Response" linkrefid="QUES_6441375_6450761_IF23696484" /></respcondition><respcondition title="Response Condition 3"><conditionvar><varequal respident="QUES_6441375_6450761_LID">QUES_6441375_6450761_A23696485</varequal></conditionvar><setvar action="Set">100.000000000</setvar><displayfeedback feedbacktype="Response" linkrefid="QUES_6441375_6450761_IF23696485" /></respcondition><respcondition title="Response Condition 4"><conditionvar><varequal respident="QUES_6441375_6450761_LID">QUES_6441375_6450761_A23696486</varequal></conditionvar><setvar action="Set">0.000000000</setvar><displayfeedback feedbacktype="Response" linkrefid="QUES_6441375_6450761_IF23696486" /></respcondition></resprocessing><itemfeedback ident="QUES_6441375_6450761_IF23696483"><material><mattext texttype="text/plain" /></material></itemfeedback><itemfeedback ident="QUES_6441375_6450761_IF23696484"><material><mattext texttype="text/plain" /></material></itemfeedback><itemfeedback ident="QUES_6441375_6450761_IF23696485"><material><mattext texttype="text/plain" /></material></itemfeedback><itemfeedback ident="QUES_6441375_6450761_IF23696486"><material><mattext texttype="text/plain" /></material></itemfeedback></item><item ident="OBJ_7506416" label="QUES_6441376_6450762" d2l_2p0:page="1"><itemmetadata><qtimetadata><qti_metadatafield><fieldlabel>qmd_computerscored</fieldlabel><fieldentry>yes</fieldentry></qti_metadatafield><qti_metadatafield><fieldlabel>qmd_questiontype</fieldlabel><fieldentry>Multiple Choice</fieldentry></qti_metadatafield><qti_metadatafield><fieldlabel>qmd_weighting</fieldlabel><fieldentry>0.200000000</fieldentry></qti_metadatafield><qti_metadatafield><fieldlabel>qmd_globalid</fieldlabel><fieldentry>cd129e60-0963-4613-a75e-8ea36f90939e</fieldentry></qti_metadatafield><qti_metadatafield><fieldlabel>qmd_displayid</fieldlabel><fieldentry>XLIST_SALAMAT_GAME3121_202201-37</fieldentry></qti_metadatafield></qtimetadata></itemmetadata><itemproc_extension><d2l_2p0:difficulty>1</d2l_2p0:difficulty><d2l_2p0:isbonus>no</d2l_2p0:isbonus><d2l_2p0:ismandatory>no</d2l_2p0:ismandatory></itemproc_extension><presentation><flow><material><mattext texttype="text/html">&lt;p&gt;Which of the following is not correct about libraries?&lt;/p&gt;</mattext></material><response_extension><d2l_2p0:display_style>2</d2l_2p0:display_style><d2l_2p0:enumeration>6</d2l_2p0:enumeration><d2l_2p0:grading_type>0</d2l_2p0:grading_type></response_extension><response_lid ident="QUES_6441376_6450762_LID" rcardinality="Single"><render_choice shuffle="no"><flow_label class="Block"><response_label ident="QUES_6441376_6450762_A23696487"><flow_mat><material><mattext texttype="text/html">&lt;div class="vtbegenerated inlineVtbegenerated"&gt;&lt;p&gt;Libraries do not permit a large number of object files&lt;/p&gt;&lt;/div&gt;
</mattext></material></flow_mat></response_label></flow_label><flow_label class="Block"><response_label ident="QUES_6441376_6450762_A23696488"><flow_mat><material><mattext texttype="text/html">&lt;div class="vtbegenerated inlineVtbegenerated"&gt;&lt;p&gt;Object files and libraries are linked into an executable by the linker.&lt;/p&gt;&lt;/div&gt;
</mattext></material></flow_mat></response_label></flow_label><flow_label class="Block"><response_label ident="QUES_6441376_6450762_A23696489"><flow_mat><material><mattext texttype="text/html">&lt;div class="vtbegenerated inlineVtbegenerated"&gt;&lt;p&gt;A library is simplyan archive, much like a ZIP or tar file, containing zero or more object files&lt;/p&gt;&lt;/div&gt;
</mattext></material></flow_mat></response_label></flow_label><flow_label class="Block"><response_label ident="QUES_6441376_6450762_A23696490"><flow_mat><material><mattext texttype="text/html">&lt;div class="vtbegenerated inlineVtbegenerated"&gt;&lt;p&gt;Object files can be collected into groups called libraries&lt;/p&gt;&lt;/div&gt;
</mattext></material></flow_mat></response_label></flow_label></render_choice></response_lid></flow></presentation><resprocessing><respcondition title="Response Condition 1"><conditionvar><varequal respident="QUES_6441376_6450762_LID">QUES_6441376_6450762_A23696487</varequal></conditionvar><setvar action="Set">100.000000000</setvar><displayfeedback feedbacktype="Response" linkrefid="QUES_6441376_6450762_IF23696487" /></respcondition><respcondition title="Response Condition 2"><conditionvar><varequal respident="QUES_6441376_6450762_LID">QUES_6441376_6450762_A23696488</varequal></conditionvar><setvar action="Set">0.000000000</setvar><displayfeedback feedbacktype="Response" linkrefid="QUES_6441376_6450762_IF23696488" /></respcondition><respcondition title="Response Condition 3"><conditionvar><varequal respident="QUES_6441376_6450762_LID">QUES_6441376_6450762_A23696489</varequal></conditionvar><setvar action="Set">0.000000000</setvar><displayfeedback feedbacktype="Response" linkrefid="QUES_6441376_6450762_IF23696489" /></respcondition><respcondition title="Response Condition 4"><conditionvar><varequal respident="QUES_6441376_6450762_LID">QUES_6441376_6450762_A23696490</varequal></conditionvar><setvar action="Set">0.000000000</setvar><displayfeedback feedbacktype="Response" linkrefid="QUES_6441376_6450762_IF23696490" /></respcondition></resprocessing><itemfeedback ident="QUES_6441376_6450762_IF23696487"><material><mattext texttype="text/plain" /></material></itemfeedback><itemfeedback ident="QUES_6441376_6450762_IF23696488"><material><mattext texttype="text/plain" /></material></itemfeedback><itemfeedback ident="QUES_6441376_6450762_IF23696489"><material><mattext texttype="text/plain" /></material></itemfeedback><itemfeedback ident="QUES_6441376_6450762_IF23696490"><material><mattext texttype="text/plain" /></material></itemfeedback></item><item ident="OBJ_7506417" label="QUES_6441377_6450763" d2l_2p0:page="1"><itemmetadata><qtimetadata><qti_metadatafield><fieldlabel>qmd_computerscored</fieldlabel><fieldentry>yes</fieldentry></qti_metadatafield><qti_metadatafield><fieldlabel>qmd_questiontype</fieldlabel><fieldentry>Multiple Choice</fieldentry></qti_metadatafield><qti_metadatafield><fieldlabel>qmd_weighting</fieldlabel><fieldentry>0.200000000</fieldentry></qti_metadatafield><qti_metadatafield><fieldlabel>qmd_globalid</fieldlabel><fieldentry>f35fedda-074c-48fc-8d91-62c1787de298</fieldentry></qti_metadatafield><qti_metadatafield><fieldlabel>qmd_displayid</fieldlabel><fieldentry>XLIST_SALAMAT_GAME3121_202201-41</fieldentry></qti_metadatafield></qtimetadata></itemmetadata><itemproc_extension><d2l_2p0:difficulty>1</d2l_2p0:difficulty><d2l_2p0:isbonus>no</d2l_2p0:isbonus><d2l_2p0:ismandatory>no</d2l_2p0:ismandatory></itemproc_extension><presentation><flow><material><mattext texttype="text/html">&lt;p&gt;Which of the following is not an example of local optimization?&lt;/p&gt;</mattext></material><response_extension><d2l_2p0:display_style>2</d2l_2p0:display_style><d2l_2p0:enumeration>6</d2l_2p0:enumeration><d2l_2p0:grading_type>0</d2l_2p0:grading_type></response_extension><response_lid ident="QUES_6441377_6450763_LID" rcardinality="Single"><render_choice shuffle="no"><flow_label class="Block"><response_label ident="QUES_6441377_6450763_A23696491"><flow_mat><material><mattext texttype="text/html">&lt;div class="vtbegenerated inlineVtbegenerated"&gt;&lt;p&gt;code inlining&lt;/p&gt;&lt;/div&gt;
</mattext></material></flow_mat></response_label></flow_label><flow_label class="Block"><response_label ident="QUES_6441377_6450763_A23696492"><flow_mat><material><mattext texttype="text/html">&lt;div class="vtbegenerated inlineVtbegenerated"&gt;&lt;p&gt;instruction reordering&lt;/p&gt;&lt;/div&gt;
</mattext></material></flow_mat></response_label></flow_label><flow_label class="Block"><response_label ident="QUES_6441377_6450763_A23696493"><flow_mat><material><mattext texttype="text/html">&lt;div class="vtbegenerated inlineVtbegenerated"&gt;&lt;p&gt;profile-guided optimizations(PGO)&lt;/p&gt;&lt;/div&gt;
</mattext></material></flow_mat></response_label></flow_label><flow_label class="Block"><response_label ident="QUES_6441377_6450763_A23696494"><flow_mat><material><mattext texttype="text/html">&lt;div class="vtbegenerated inlineVtbegenerated"&gt;&lt;p&gt;dead code elimination&lt;/p&gt;&lt;/div&gt;
</mattext></material></flow_mat></response_label></flow_label></render_choice></response_lid></flow></presentation><resprocessing><respcondition title="Response Condition 1"><conditionvar><varequal respident="QUES_6441377_6450763_LID">QUES_6441377_6450763_A23696491</varequal></conditionvar><setvar action="Set">0.000000000</setvar><displayfeedback feedbacktype="Response" linkrefid="QUES_6441377_6450763_IF23696491" /></respcondition><respcondition title="Response Condition 2"><conditionvar><varequal respident="QUES_6441377_6450763_LID">QUES_6441377_6450763_A23696492</varequal></conditionvar><setvar action="Set">0.000000000</setvar><displayfeedback feedbacktype="Response" linkrefid="QUES_6441377_6450763_IF23696492" /></respcondition><respcondition title="Response Condition 3"><conditionvar><varequal respident="QUES_6441377_6450763_LID">QUES_6441377_6450763_A23696493</varequal></conditionvar><setvar action="Set">100.000000000</setvar><displayfeedback feedbacktype="Response" linkrefid="QUES_6441377_6450763_IF23696493" /></respcondition><respcondition title="Response Condition 4"><conditionvar><varequal respident="QUES_6441377_6450763_LID">QUES_6441377_6450763_A23696494</varequal></conditionvar><setvar action="Set">0.000000000</setvar><displayfeedback feedbacktype="Response" linkrefid="QUES_6441377_6450763_IF23696494" /></respcondition></resprocessing><itemfeedback ident="QUES_6441377_6450763_IF23696491"><material><mattext texttype="text/plain" /></material></itemfeedback><itemfeedback ident="QUES_6441377_6450763_IF23696492"><material><mattext texttype="text/plain" /></material></itemfeedback><itemfeedback ident="QUES_6441377_6450763_IF23696493"><material><mattext texttype="text/plain" /></material></itemfeedback><itemfeedback ident="QUES_6441377_6450763_IF23696494"><material><mattext texttype="text/plain" /></material></itemfeedback></item></section></assessment></questestinterop>