﻿<?xml version="1.0" encoding="UTF-8"?><questestinterop xmlns:d2l_2p0="http://desire2learn.com/xsd/d2lcp_v2p0"><assessment d2l_2p0:id="22" title="Lab Test4" ident="res_quiz_247297" d2l_2p0:resource_code="FCF4E421-A020-454B-979C-FE41E4E97EDB-2245068"><rubric><flow_mat><material><mattext d2l_2p0:isdisplayed="yes" texttype="text/html">&lt;div style="padding-left: 10px;padding-right: 10px"&gt;&lt;/div&gt;</mattext></material></flow_mat></rubric><assessmentcontrol hintswitch="no" solutionswitch="yes" feedbackswitch="no" /><presentation_material><flow_mat><material label="page header"><mattext d2l_2p0:isdisplayed="no" texttype="text/html" /></material><material label="page footer"><mattext d2l_2p0:isdisplayed="no" texttype="text/html" /></material></flow_mat></presentation_material><assess_procextension><d2l_2p0:intro_message d2l_2p0:isdisplayed="no" texttype="text/html" /><d2l_2p0:disable_right_click>no</d2l_2p0:disable_right_click><d2l_2p0:disable_pager_access>no</d2l_2p0:disable_pager_access><is_active>no</is_active><d2l_2p0:date_start><d2l_2p0:timestamp><d2l_2p0:month>10</d2l_2p0:month><d2l_2p0:day>4</d2l_2p0:day><d2l_2p0:year>2022</d2l_2p0:year><d2l_2p0:hour>19</d2l_2p0:hour><d2l_2p0:minutes>30</d2l_2p0:minutes><d2l_2p0:seconds>0</d2l_2p0:seconds></d2l_2p0:timestamp></d2l_2p0:date_start><d2l_2p0:date_end><d2l_2p0:timestamp><d2l_2p0:month>10</d2l_2p0:month><d2l_2p0:day>4</d2l_2p0:day><d2l_2p0:year>2022</d2l_2p0:year><d2l_2p0:hour>20</d2l_2p0:hour><d2l_2p0:minutes>30</d2l_2p0:minutes><d2l_2p0:seconds>0</d2l_2p0:seconds></d2l_2p0:timestamp></d2l_2p0:date_end><d2l_2p0:date_due /><d2l_2p0:has_schedule_event>yes</d2l_2p0:has_schedule_event><d2l_2p0:is_attempt_Rldb>no</d2l_2p0:is_attempt_Rldb><d2l_2p0:is_subview_Rldb>no</d2l_2p0:is_subview_Rldb><d2l_2p0:time_limit>60</d2l_2p0:time_limit><d2l_2p0:show_clock>no</d2l_2p0:show_clock><d2l_2p0:enforce_time_limit>no</d2l_2p0:enforce_time_limit><d2l_2p0:quiz_start_type>no</d2l_2p0:quiz_start_type><d2l_2p0:grace_period>1</d2l_2p0:grace_period><d2l_2p0:late_limit>0</d2l_2p0:late_limit><d2l_2p0:attempts_allowed>1</d2l_2p0:attempts_allowed><d2l_2p0:attempt_restrictions /><d2l_2p0:mark_calculation_type>1</d2l_2p0:mark_calculation_type><d2l_2p0:is_forward_only>no</d2l_2p0:is_forward_only></assess_procextension><assessfeedback title=""><rubric><flow_mat><material><mattext texttype="yes">Your quiz has been submitted successfully.</mattext></material></flow_mat></rubric><d2l_2p0:duration>0</d2l_2p0:duration><d2l_2p0:response_display_type_id>1</d2l_2p0:response_display_type_id><d2l_2p0:show_correct_answers>no</d2l_2p0:show_correct_answers><d2l_2p0:submission_restrictip>no</d2l_2p0:submission_restrictip><d2l_2p0:show_class_average>no</d2l_2p0:show_class_average><d2l_2p0:show_score_distribution>no</d2l_2p0:show_score_distribution></assessfeedback><section ident="CONTAINER_SECTION"><item ident="OBJ_7506398" label="QUES_6441358_6450744" d2l_2p0:page="1"><itemmetadata><qtimetadata><qti_metadatafield><fieldlabel>qmd_computerscored</fieldlabel><fieldentry>yes</fieldentry></qti_metadatafield><qti_metadatafield><fieldlabel>qmd_questiontype</fieldlabel><fieldentry>Multiple Choice</fieldentry></qti_metadatafield><qti_metadatafield><fieldlabel>qmd_weighting</fieldlabel><fieldentry>0.200000000</fieldentry></qti_metadatafield><qti_metadatafield><fieldlabel>qmd_globalid</fieldlabel><fieldentry>695a6014-865b-496d-8f97-41a735d19bab</fieldentry></qti_metadatafield><qti_metadatafield><fieldlabel>qmd_displayid</fieldlabel><fieldentry>XLIST_SALAMAT_GAME3121_202201-9</fieldentry></qti_metadatafield></qtimetadata></itemmetadata><itemproc_extension><d2l_2p0:difficulty>1</d2l_2p0:difficulty><d2l_2p0:isbonus>no</d2l_2p0:isbonus><d2l_2p0:ismandatory>no</d2l_2p0:ismandatory></itemproc_extension><presentation><flow><material><mattext texttype="text/html">&lt;p&gt;What class of CPU,&amp;#160;Playstation&amp;#160;4 and Xbox&amp;#160;one are using?&lt;/p&gt;</mattext></material><response_extension><d2l_2p0:display_style>2</d2l_2p0:display_style><d2l_2p0:enumeration>6</d2l_2p0:enumeration><d2l_2p0:grading_type>0</d2l_2p0:grading_type></response_extension><response_lid ident="QUES_6441358_6450744_LID" rcardinality="Single"><render_choice shuffle="no"><flow_label class="Block"><response_label ident="QUES_6441358_6450744_A23696415"><flow_mat><material><mattext texttype="text/html">&lt;div class="vtbegenerated inlineVtbegenerated"&gt;&lt;p&gt;Scalar CPU&lt;/p&gt;&lt;/div&gt;
</mattext></material></flow_mat></response_label></flow_label><flow_label class="Block"><response_label ident="QUES_6441358_6450744_A23696416"><flow_mat><material><mattext texttype="text/html">&lt;div class="vtbegenerated inlineVtbegenerated"&gt;&lt;p&gt;Pipeline CPU&lt;/p&gt;&lt;/div&gt;
</mattext></material></flow_mat></response_label></flow_label><flow_label class="Block"><response_label ident="QUES_6441358_6450744_A23696417"><flow_mat><material><mattext texttype="text/html">&lt;div class="vtbegenerated inlineVtbegenerated"&gt;&lt;p&gt;MultiCore&amp;#160;CPU&lt;/p&gt;&lt;/div&gt;
</mattext></material></flow_mat></response_label></flow_label><flow_label class="Block"><response_label ident="QUES_6441358_6450744_A23696418"><flow_mat><material><mattext texttype="text/html">&lt;div class="vtbegenerated inlineVtbegenerated"&gt;&lt;p&gt;Hyperthreading&lt;/p&gt;&lt;/div&gt;
</mattext></material></flow_mat></response_label></flow_label></render_choice></response_lid></flow></presentation><resprocessing><respcondition title="Response Condition 1"><conditionvar><varequal respident="QUES_6441358_6450744_LID">QUES_6441358_6450744_A23696415</varequal></conditionvar><setvar action="Set">0.000000000</setvar><displayfeedback feedbacktype="Response" linkrefid="QUES_6441358_6450744_IF23696415" /></respcondition><respcondition title="Response Condition 2"><conditionvar><varequal respident="QUES_6441358_6450744_LID">QUES_6441358_6450744_A23696416</varequal></conditionvar><setvar action="Set">0.000000000</setvar><displayfeedback feedbacktype="Response" linkrefid="QUES_6441358_6450744_IF23696416" /></respcondition><respcondition title="Response Condition 3"><conditionvar><varequal respident="QUES_6441358_6450744_LID">QUES_6441358_6450744_A23696417</varequal></conditionvar><setvar action="Set">100.000000000</setvar><displayfeedback feedbacktype="Response" linkrefid="QUES_6441358_6450744_IF23696417" /></respcondition><respcondition title="Response Condition 4"><conditionvar><varequal respident="QUES_6441358_6450744_LID">QUES_6441358_6450744_A23696418</varequal></conditionvar><setvar action="Set">0.000000000</setvar><displayfeedback feedbacktype="Response" linkrefid="QUES_6441358_6450744_IF23696418" /></respcondition></resprocessing><itemfeedback ident="QUES_6441358_6450744_IF23696415"><material><mattext texttype="text/plain" /></material></itemfeedback><itemfeedback ident="QUES_6441358_6450744_IF23696416"><material><mattext texttype="text/plain" /></material></itemfeedback><itemfeedback ident="QUES_6441358_6450744_IF23696417"><material><mattext texttype="text/plain" /></material></itemfeedback><itemfeedback ident="QUES_6441358_6450744_IF23696418"><material><mattext texttype="text/plain" /></material></itemfeedback></item><item ident="OBJ_7506399" label="QUES_6441359_6450745" d2l_2p0:page="1"><itemmetadata><qtimetadata><qti_metadatafield><fieldlabel>qmd_computerscored</fieldlabel><fieldentry>yes</fieldentry></qti_metadatafield><qti_metadatafield><fieldlabel>qmd_questiontype</fieldlabel><fieldentry>Multiple Choice</fieldentry></qti_metadatafield><qti_metadatafield><fieldlabel>qmd_weighting</fieldlabel><fieldentry>0.200000000</fieldentry></qti_metadatafield><qti_metadatafield><fieldlabel>qmd_globalid</fieldlabel><fieldentry>10a559df-1295-4c40-9c4f-efd265570a5e</fieldentry></qti_metadatafield><qti_metadatafield><fieldlabel>qmd_displayid</fieldlabel><fieldentry>XLIST_SALAMAT_GAME3121_202201-10</fieldentry></qti_metadatafield></qtimetadata></itemmetadata><itemproc_extension><d2l_2p0:difficulty>1</d2l_2p0:difficulty><d2l_2p0:isbonus>no</d2l_2p0:isbonus><d2l_2p0:ismandatory>no</d2l_2p0:ismandatory></itemproc_extension><presentation><flow><material><mattext texttype="text/html">&lt;p&gt;How does a CPU&amp;#160;dynamically detect data dependencies between instructions, and automatically resolve them.&lt;/p&gt;</mattext></material><response_extension><d2l_2p0:display_style>2</d2l_2p0:display_style><d2l_2p0:enumeration>6</d2l_2p0:enumeration><d2l_2p0:grading_type>0</d2l_2p0:grading_type></response_extension><response_lid ident="QUES_6441359_6450745_LID" rcardinality="Single"><render_choice shuffle="no"><flow_label class="Block"><response_label ident="QUES_6441359_6450745_A23696419"><flow_mat><material><mattext texttype="text/html">&lt;div class="vtbegenerated inlineVtbegenerated"&gt;&lt;p&gt;They don&amp;#39;t.&amp;#160;It&amp;#39;s the programmer&amp;#39;s job to reorder the instructions in the assembly&amp;#160;code.&lt;/p&gt;&lt;/div&gt;
</mattext></material></flow_mat></response_label></flow_label><flow_label class="Block"><response_label ident="QUES_6441359_6450745_A23696420"><flow_mat><material><mattext texttype="text/html">&lt;div class="vtbegenerated inlineVtbegenerated"&gt;&lt;p&gt;They rely on GPUs to detect stalls.&lt;/p&gt;&lt;/div&gt;
</mattext></material></flow_mat></response_label></flow_label><flow_label class="Block"><response_label ident="QUES_6441359_6450745_A23696421"><flow_mat><material><mattext texttype="text/html">&lt;div class="vtbegenerated inlineVtbegenerated"&gt;&lt;p&gt;Neither CPU,&amp;#160;nor&amp;#160;GPU,&amp;#160;or even Programmers can detect data dependencies.&amp;#160;They just have to waste some CPU cycles.&lt;/p&gt;&lt;/div&gt;
</mattext></material></flow_mat></response_label></flow_label><flow_label class="Block"><response_label ident="QUES_6441359_6450745_A23696422"><flow_mat><material><mattext texttype="text/html">&lt;div class="vtbegenerated inlineVtbegenerated"&gt;&lt;p&gt;Most of CPUs support a feature known as&amp;#160;out-of-order execution,&amp;#160;which detects data dependencies.&lt;/p&gt;&lt;/div&gt;
</mattext></material></flow_mat></response_label></flow_label></render_choice></response_lid></flow></presentation><resprocessing><respcondition title="Response Condition 1"><conditionvar><varequal respident="QUES_6441359_6450745_LID">QUES_6441359_6450745_A23696419</varequal></conditionvar><setvar action="Set">0.000000000</setvar><displayfeedback feedbacktype="Response" linkrefid="QUES_6441359_6450745_IF23696419" /></respcondition><respcondition title="Response Condition 2"><conditionvar><varequal respident="QUES_6441359_6450745_LID">QUES_6441359_6450745_A23696420</varequal></conditionvar><setvar action="Set">0.000000000</setvar><displayfeedback feedbacktype="Response" linkrefid="QUES_6441359_6450745_IF23696420" /></respcondition><respcondition title="Response Condition 3"><conditionvar><varequal respident="QUES_6441359_6450745_LID">QUES_6441359_6450745_A23696421</varequal></conditionvar><setvar action="Set">0.000000000</setvar><displayfeedback feedbacktype="Response" linkrefid="QUES_6441359_6450745_IF23696421" /></respcondition><respcondition title="Response Condition 4"><conditionvar><varequal respident="QUES_6441359_6450745_LID">QUES_6441359_6450745_A23696422</varequal></conditionvar><setvar action="Set">100.000000000</setvar><displayfeedback feedbacktype="Response" linkrefid="QUES_6441359_6450745_IF23696422" /></respcondition></resprocessing><itemfeedback ident="QUES_6441359_6450745_IF23696419"><material><mattext texttype="text/plain" /></material></itemfeedback><itemfeedback ident="QUES_6441359_6450745_IF23696420"><material><mattext texttype="text/plain" /></material></itemfeedback><itemfeedback ident="QUES_6441359_6450745_IF23696421"><material><mattext texttype="text/plain" /></material></itemfeedback><itemfeedback ident="QUES_6441359_6450745_IF23696422"><material><mattext texttype="text/plain" /></material></itemfeedback></item><item ident="OBJ_7506400" label="QUES_6441360_6450746" d2l_2p0:page="1"><itemmetadata><qtimetadata><qti_metadatafield><fieldlabel>qmd_computerscored</fieldlabel><fieldentry>yes</fieldentry></qti_metadatafield><qti_metadatafield><fieldlabel>qmd_questiontype</fieldlabel><fieldentry>Multiple Choice</fieldentry></qti_metadatafield><qti_metadatafield><fieldlabel>qmd_weighting</fieldlabel><fieldentry>0.200000000</fieldentry></qti_metadatafield><qti_metadatafield><fieldlabel>qmd_globalid</fieldlabel><fieldentry>46062bc0-ba3d-4f75-8c19-2c0c3172d93f</fieldentry></qti_metadatafield><qti_metadatafield><fieldlabel>qmd_displayid</fieldlabel><fieldentry>XLIST_SALAMAT_GAME3121_202201-15</fieldentry></qti_metadatafield></qtimetadata></itemmetadata><itemproc_extension><d2l_2p0:difficulty>1</d2l_2p0:difficulty><d2l_2p0:isbonus>no</d2l_2p0:isbonus><d2l_2p0:ismandatory>no</d2l_2p0:ismandatory></itemproc_extension><presentation><flow><material><mattext texttype="text/html">&lt;p&gt;Explicit parallelism refers to the use of duplicated hardware components within a CPU,for the purpose of running more than one instruction stream simultaneously. Which of the following is an example of Explicit Parallelism?&lt;/p&gt;</mattext></material><response_extension><d2l_2p0:display_style>2</d2l_2p0:display_style><d2l_2p0:enumeration>6</d2l_2p0:enumeration><d2l_2p0:grading_type>0</d2l_2p0:grading_type></response_extension><response_lid ident="QUES_6441360_6450746_LID" rcardinality="Single"><render_choice shuffle="no"><flow_label class="Block"><response_label ident="QUES_6441360_6450746_A23696423"><flow_mat><material><mattext texttype="text/html">&lt;div class="vtbegenerated inlineVtbegenerated"&gt;&lt;p&gt;multicore CPUs&lt;/p&gt;&lt;/div&gt;
</mattext></material></flow_mat></response_label></flow_label><flow_label class="Block"><response_label ident="QUES_6441360_6450746_A23696424"><flow_mat><material><mattext texttype="text/html">&lt;div class="vtbegenerated inlineVtbegenerated"&gt;&lt;p&gt;pipelining&lt;/p&gt;&lt;/div&gt;
</mattext></material></flow_mat></response_label></flow_label><flow_label class="Block"><response_label ident="QUES_6441360_6450746_A23696425"><flow_mat><material><mattext texttype="text/html">&lt;div class="vtbegenerated inlineVtbegenerated"&gt;&lt;p&gt;singlethreaded&amp;#160;CPUs&lt;/p&gt;&lt;/div&gt;
</mattext></material></flow_mat></response_label></flow_label><flow_label class="Block"><response_label ident="QUES_6441360_6450746_A23696426"><flow_mat><material><mattext texttype="text/html">&lt;div class="vtbegenerated inlineVtbegenerated"&gt;&lt;p&gt;superscalar architectures&lt;/p&gt;&lt;/div&gt;
</mattext></material></flow_mat></response_label></flow_label></render_choice></response_lid></flow></presentation><resprocessing><respcondition title="Response Condition 1"><conditionvar><varequal respident="QUES_6441360_6450746_LID">QUES_6441360_6450746_A23696423</varequal></conditionvar><setvar action="Set">100.000000000</setvar><displayfeedback feedbacktype="Response" linkrefid="QUES_6441360_6450746_IF23696423" /></respcondition><respcondition title="Response Condition 2"><conditionvar><varequal respident="QUES_6441360_6450746_LID">QUES_6441360_6450746_A23696424</varequal></conditionvar><setvar action="Set">0.000000000</setvar><displayfeedback feedbacktype="Response" linkrefid="QUES_6441360_6450746_IF23696424" /></respcondition><respcondition title="Response Condition 3"><conditionvar><varequal respident="QUES_6441360_6450746_LID">QUES_6441360_6450746_A23696425</varequal></conditionvar><setvar action="Set">0.000000000</setvar><displayfeedback feedbacktype="Response" linkrefid="QUES_6441360_6450746_IF23696425" /></respcondition><respcondition title="Response Condition 4"><conditionvar><varequal respident="QUES_6441360_6450746_LID">QUES_6441360_6450746_A23696426</varequal></conditionvar><setvar action="Set">0.000000000</setvar><displayfeedback feedbacktype="Response" linkrefid="QUES_6441360_6450746_IF23696426" /></respcondition></resprocessing><itemfeedback ident="QUES_6441360_6450746_IF23696423"><material><mattext texttype="text/plain" /></material></itemfeedback><itemfeedback ident="QUES_6441360_6450746_IF23696424"><material><mattext texttype="text/plain" /></material></itemfeedback><itemfeedback ident="QUES_6441360_6450746_IF23696425"><material><mattext texttype="text/plain" /></material></itemfeedback><itemfeedback ident="QUES_6441360_6450746_IF23696426"><material><mattext texttype="text/plain" /></material></itemfeedback></item><item ident="OBJ_7506401" label="QUES_6441361_6450747" d2l_2p0:page="1"><itemmetadata><qtimetadata><qti_metadatafield><fieldlabel>qmd_computerscored</fieldlabel><fieldentry>yes</fieldentry></qti_metadatafield><qti_metadatafield><fieldlabel>qmd_questiontype</fieldlabel><fieldentry>Multiple Choice</fieldentry></qti_metadatafield><qti_metadatafield><fieldlabel>qmd_weighting</fieldlabel><fieldentry>0.200000000</fieldentry></qti_metadatafield><qti_metadatafield><fieldlabel>qmd_globalid</fieldlabel><fieldentry>1480ffef-8bd1-445f-94e4-c8405ab3f320</fieldentry></qti_metadatafield><qti_metadatafield><fieldlabel>qmd_displayid</fieldlabel><fieldentry>XLIST_SALAMAT_GAME3121_202201-21</fieldentry></qti_metadatafield></qtimetadata></itemmetadata><itemproc_extension><d2l_2p0:difficulty>1</d2l_2p0:difficulty><d2l_2p0:isbonus>no</d2l_2p0:isbonus><d2l_2p0:ismandatory>no</d2l_2p0:ismandatory></itemproc_extension><presentation><flow><material><mattext texttype="text/html">&lt;p&gt;What form of parallelism is pipelining?&lt;/p&gt;</mattext></material><response_extension><d2l_2p0:display_style>2</d2l_2p0:display_style><d2l_2p0:enumeration>6</d2l_2p0:enumeration><d2l_2p0:grading_type>0</d2l_2p0:grading_type></response_extension><response_lid ident="QUES_6441361_6450747_LID" rcardinality="Single"><render_choice shuffle="no"><flow_label class="Block"><response_label ident="QUES_6441361_6450747_A23696427"><flow_mat><material><mattext texttype="text/html">&lt;div class="vtbegenerated inlineVtbegenerated"&gt;&lt;p&gt;instruction-level parallelism(ILP)&lt;/p&gt;&lt;/div&gt;
</mattext></material></flow_mat></response_label></flow_label><flow_label class="Block"><response_label ident="QUES_6441361_6450747_A23696428"><flow_mat><material><mattext texttype="text/html">&lt;div class="vtbegenerated inlineVtbegenerated"&gt;&lt;p&gt;Hyperthreading&lt;/p&gt;&lt;/div&gt;
</mattext></material></flow_mat></response_label></flow_label><flow_label class="Block"><response_label ident="QUES_6441361_6450747_A23696429"><flow_mat><material><mattext texttype="text/html">&lt;div class="vtbegenerated inlineVtbegenerated"&gt;&lt;p&gt;Multicore CPUs&lt;/p&gt;&lt;/div&gt;
</mattext></material></flow_mat></response_label></flow_label><flow_label class="Block"><response_label ident="QUES_6441361_6450747_A23696430"><flow_mat><material><mattext texttype="text/html">&lt;div class="vtbegenerated inlineVtbegenerated"&gt;&lt;p&gt;Asymmetric Multiprocessing&lt;/p&gt;&lt;/div&gt;
</mattext></material></flow_mat></response_label></flow_label></render_choice></response_lid></flow></presentation><resprocessing><respcondition title="Response Condition 1"><conditionvar><varequal respident="QUES_6441361_6450747_LID">QUES_6441361_6450747_A23696427</varequal></conditionvar><setvar action="Set">100.000000000</setvar><displayfeedback feedbacktype="Response" linkrefid="QUES_6441361_6450747_IF23696427" /></respcondition><respcondition title="Response Condition 2"><conditionvar><varequal respident="QUES_6441361_6450747_LID">QUES_6441361_6450747_A23696428</varequal></conditionvar><setvar action="Set">0.000000000</setvar><displayfeedback feedbacktype="Response" linkrefid="QUES_6441361_6450747_IF23696428" /></respcondition><respcondition title="Response Condition 3"><conditionvar><varequal respident="QUES_6441361_6450747_LID">QUES_6441361_6450747_A23696429</varequal></conditionvar><setvar action="Set">0.000000000</setvar><displayfeedback feedbacktype="Response" linkrefid="QUES_6441361_6450747_IF23696429" /></respcondition><respcondition title="Response Condition 4"><conditionvar><varequal respident="QUES_6441361_6450747_LID">QUES_6441361_6450747_A23696430</varequal></conditionvar><setvar action="Set">0.000000000</setvar><displayfeedback feedbacktype="Response" linkrefid="QUES_6441361_6450747_IF23696430" /></respcondition></resprocessing><itemfeedback ident="QUES_6441361_6450747_IF23696427"><material><mattext texttype="text/plain" /></material></itemfeedback><itemfeedback ident="QUES_6441361_6450747_IF23696428"><material><mattext texttype="text/plain" /></material></itemfeedback><itemfeedback ident="QUES_6441361_6450747_IF23696429"><material><mattext texttype="text/plain" /></material></itemfeedback><itemfeedback ident="QUES_6441361_6450747_IF23696430"><material><mattext texttype="text/plain" /></material></itemfeedback></item><item ident="OBJ_7506402" label="QUES_6441362_6450748" d2l_2p0:page="1"><itemmetadata><qtimetadata><qti_metadatafield><fieldlabel>qmd_computerscored</fieldlabel><fieldentry>yes</fieldentry></qti_metadatafield><qti_metadatafield><fieldlabel>qmd_questiontype</fieldlabel><fieldentry>Multiple Choice</fieldentry></qti_metadatafield><qti_metadatafield><fieldlabel>qmd_weighting</fieldlabel><fieldentry>0.200000000</fieldentry></qti_metadatafield><qti_metadatafield><fieldlabel>qmd_globalid</fieldlabel><fieldentry>51b635ea-7a35-4888-b685-ec7ddbed0828</fieldentry></qti_metadatafield><qti_metadatafield><fieldlabel>qmd_displayid</fieldlabel><fieldentry>XLIST_SALAMAT_GAME3121_202201-24</fieldentry></qti_metadatafield></qtimetadata></itemmetadata><itemproc_extension><d2l_2p0:difficulty>1</d2l_2p0:difficulty><d2l_2p0:isbonus>no</d2l_2p0:isbonus><d2l_2p0:ismandatory>no</d2l_2p0:ismandatory></itemproc_extension><presentation><flow><material><mattext texttype="text/html">&lt;p&gt;Implicit parallelism refers to the use of parallel hardware components within a CPU for the purpose of improving the performance of a single instruction stream. Which of the following is not an example of Implicit Paralellism?&lt;/p&gt;</mattext></material><response_extension><d2l_2p0:display_style>2</d2l_2p0:display_style><d2l_2p0:enumeration>6</d2l_2p0:enumeration><d2l_2p0:grading_type>0</d2l_2p0:grading_type></response_extension><response_lid ident="QUES_6441362_6450748_LID" rcardinality="Single"><render_choice shuffle="no"><flow_label class="Block"><response_label ident="QUES_6441362_6450748_A23696431"><flow_mat><material><mattext texttype="text/html">&lt;div class="vtbegenerated inlineVtbegenerated"&gt;&lt;p&gt;pipelining&lt;/p&gt;&lt;/div&gt;
</mattext></material></flow_mat></response_label></flow_label><flow_label class="Block"><response_label ident="QUES_6441362_6450748_A23696432"><flow_mat><material><mattext texttype="text/html">&lt;div class="vtbegenerated inlineVtbegenerated"&gt;&lt;p&gt;superscalar architectures&lt;/p&gt;&lt;/div&gt;
</mattext></material></flow_mat></response_label></flow_label><flow_label class="Block"><response_label ident="QUES_6441362_6450748_A23696433"><flow_mat><material><mattext texttype="text/html">&lt;div class="vtbegenerated inlineVtbegenerated"&gt;&lt;p&gt;very long instruction word (VLIW) architectures&lt;/p&gt;&lt;/div&gt;
</mattext></material></flow_mat></response_label></flow_label><flow_label class="Block"><response_label ident="QUES_6441362_6450748_A23696434"><flow_mat><material><mattext texttype="text/html">&lt;div class="vtbegenerated inlineVtbegenerated"&gt;&lt;p&gt;hyperthreaded CPUs&lt;/p&gt;&lt;/div&gt;
</mattext></material></flow_mat></response_label></flow_label></render_choice></response_lid></flow></presentation><resprocessing><respcondition title="Response Condition 1"><conditionvar><varequal respident="QUES_6441362_6450748_LID">QUES_6441362_6450748_A23696431</varequal></conditionvar><setvar action="Set">0.000000000</setvar><displayfeedback feedbacktype="Response" linkrefid="QUES_6441362_6450748_IF23696431" /></respcondition><respcondition title="Response Condition 2"><conditionvar><varequal respident="QUES_6441362_6450748_LID">QUES_6441362_6450748_A23696432</varequal></conditionvar><setvar action="Set">0.000000000</setvar><displayfeedback feedbacktype="Response" linkrefid="QUES_6441362_6450748_IF23696432" /></respcondition><respcondition title="Response Condition 3"><conditionvar><varequal respident="QUES_6441362_6450748_LID">QUES_6441362_6450748_A23696433</varequal></conditionvar><setvar action="Set">0.000000000</setvar><displayfeedback feedbacktype="Response" linkrefid="QUES_6441362_6450748_IF23696433" /></respcondition><respcondition title="Response Condition 4"><conditionvar><varequal respident="QUES_6441362_6450748_LID">QUES_6441362_6450748_A23696434</varequal></conditionvar><setvar action="Set">100.000000000</setvar><displayfeedback feedbacktype="Response" linkrefid="QUES_6441362_6450748_IF23696434" /></respcondition></resprocessing><itemfeedback ident="QUES_6441362_6450748_IF23696431"><material><mattext texttype="text/plain" /></material></itemfeedback><itemfeedback ident="QUES_6441362_6450748_IF23696432"><material><mattext texttype="text/plain" /></material></itemfeedback><itemfeedback ident="QUES_6441362_6450748_IF23696433"><material><mattext texttype="text/plain" /></material></itemfeedback><itemfeedback ident="QUES_6441362_6450748_IF23696434"><material><mattext texttype="text/plain" /></material></itemfeedback></item><item ident="OBJ_7506403" label="QUES_6441363_6450749" d2l_2p0:page="1"><itemmetadata><qtimetadata><qti_metadatafield><fieldlabel>qmd_computerscored</fieldlabel><fieldentry>yes</fieldentry></qti_metadatafield><qti_metadatafield><fieldlabel>qmd_questiontype</fieldlabel><fieldentry>Multiple Choice</fieldentry></qti_metadatafield><qti_metadatafield><fieldlabel>qmd_weighting</fieldlabel><fieldentry>0.200000000</fieldentry></qti_metadatafield><qti_metadatafield><fieldlabel>qmd_globalid</fieldlabel><fieldentry>2484bf8e-add6-4849-8ce5-2eb9ea29f97d</fieldentry></qti_metadatafield><qti_metadatafield><fieldlabel>qmd_displayid</fieldlabel><fieldentry>XLIST_SALAMAT_GAME3121_202201-25</fieldentry></qti_metadatafield></qtimetadata></itemmetadata><itemproc_extension><d2l_2p0:difficulty>1</d2l_2p0:difficulty><d2l_2p0:isbonus>no</d2l_2p0:isbonus><d2l_2p0:ismandatory>no</d2l_2p0:ismandatory></itemproc_extension><presentation><flow><material><mattext texttype="text/html">&lt;p&gt;Consider the following sequence of instructions:&lt;/p&gt;  &lt;p&gt;mov ebx,5 ;; load the value 5 into register EBX&lt;/p&gt;  &lt;p&gt;imul eax,10 ;; multiply the contents of EAX by 10;; (result stored in EAX)&lt;/p&gt;  &lt;p&gt;add eax,7 ;; add 7 to EAX (result stored in EAX)&lt;/p&gt;  &lt;p&gt;Ideally, we&amp;#39;d like to issue the mov, imul and add instructions on three consecutive clock cycles, to keep the pipeline as busy as possible. But in this case,the results of the imul instruction are used by the add instruction that follow sit, so the CPU must wait until the imul has made it all the way through the pipeline before issuing the add. If the pipeline contains 4 stages, how many&amp;#160;cycles are wasted?&lt;/p&gt;</mattext></material><response_extension><d2l_2p0:display_style>2</d2l_2p0:display_style><d2l_2p0:enumeration>6</d2l_2p0:enumeration><d2l_2p0:grading_type>0</d2l_2p0:grading_type></response_extension><response_lid ident="QUES_6441363_6450749_LID" rcardinality="Single"><render_choice shuffle="no"><flow_label class="Block"><response_label ident="QUES_6441363_6450749_A23696435"><flow_mat><material><mattext texttype="text/html">&lt;div class="vtbegenerated inlineVtbegenerated"&gt;&lt;p&gt;1&lt;/p&gt;&lt;/div&gt;
</mattext></material></flow_mat></response_label></flow_label><flow_label class="Block"><response_label ident="QUES_6441363_6450749_A23696436"><flow_mat><material><mattext texttype="text/html">&lt;div class="vtbegenerated inlineVtbegenerated"&gt;&lt;p&gt;2&lt;/p&gt;&lt;/div&gt;
</mattext></material></flow_mat></response_label></flow_label><flow_label class="Block"><response_label ident="QUES_6441363_6450749_A23696437"><flow_mat><material><mattext texttype="text/html">&lt;div class="vtbegenerated inlineVtbegenerated"&gt;&lt;p&gt;3&lt;/p&gt;&lt;/div&gt;
</mattext></material></flow_mat></response_label></flow_label><flow_label class="Block"><response_label ident="QUES_6441363_6450749_A23696438"><flow_mat><material><mattext texttype="text/html">&lt;div class="vtbegenerated inlineVtbegenerated"&gt;&lt;p&gt;4&lt;/p&gt;&lt;/div&gt;
</mattext></material></flow_mat></response_label></flow_label></render_choice></response_lid></flow></presentation><resprocessing><respcondition title="Response Condition 1"><conditionvar><varequal respident="QUES_6441363_6450749_LID">QUES_6441363_6450749_A23696435</varequal></conditionvar><setvar action="Set">0.000000000</setvar><displayfeedback feedbacktype="Response" linkrefid="QUES_6441363_6450749_IF23696435" /></respcondition><respcondition title="Response Condition 2"><conditionvar><varequal respident="QUES_6441363_6450749_LID">QUES_6441363_6450749_A23696436</varequal></conditionvar><setvar action="Set">0.000000000</setvar><displayfeedback feedbacktype="Response" linkrefid="QUES_6441363_6450749_IF23696436" /></respcondition><respcondition title="Response Condition 3"><conditionvar><varequal respident="QUES_6441363_6450749_LID">QUES_6441363_6450749_A23696437</varequal></conditionvar><setvar action="Set">100.000000000</setvar><displayfeedback feedbacktype="Response" linkrefid="QUES_6441363_6450749_IF23696437" /></respcondition><respcondition title="Response Condition 4"><conditionvar><varequal respident="QUES_6441363_6450749_LID">QUES_6441363_6450749_A23696438</varequal></conditionvar><setvar action="Set">0.000000000</setvar><displayfeedback feedbacktype="Response" linkrefid="QUES_6441363_6450749_IF23696438" /></respcondition></resprocessing><itemfeedback ident="QUES_6441363_6450749_IF23696435"><material><mattext texttype="text/plain" /></material></itemfeedback><itemfeedback ident="QUES_6441363_6450749_IF23696436"><material><mattext texttype="text/plain" /></material></itemfeedback><itemfeedback ident="QUES_6441363_6450749_IF23696437"><material><mattext texttype="text/plain" /></material></itemfeedback><itemfeedback ident="QUES_6441363_6450749_IF23696438"><material><mattext texttype="text/plain" /></material></itemfeedback></item><item ident="OBJ_7506404" label="QUES_6441364_6450750" d2l_2p0:page="1"><itemmetadata><qtimetadata><qti_metadatafield><fieldlabel>qmd_computerscored</fieldlabel><fieldentry>yes</fieldentry></qti_metadatafield><qti_metadatafield><fieldlabel>qmd_questiontype</fieldlabel><fieldentry>Multiple Choice</fieldentry></qti_metadatafield><qti_metadatafield><fieldlabel>qmd_weighting</fieldlabel><fieldentry>0.200000000</fieldentry></qti_metadatafield><qti_metadatafield><fieldlabel>qmd_globalid</fieldlabel><fieldentry>2c2c074d-4d9e-450b-bf0e-4175ff63fc6e</fieldentry></qti_metadatafield><qti_metadatafield><fieldlabel>qmd_displayid</fieldlabel><fieldentry>XLIST_SALAMAT_GAME3121_202201-31</fieldentry></qti_metadatafield></qtimetadata></itemmetadata><itemproc_extension><d2l_2p0:difficulty>1</d2l_2p0:difficulty><d2l_2p0:isbonus>no</d2l_2p0:isbonus><d2l_2p0:ismandatory>no</d2l_2p0:ismandatory></itemproc_extension><presentation><flow><material><mattext texttype="text/html">&lt;p&gt;Computing Performance are typically measured in FLoating point&amp;#160;Operations&amp;#160;Per Second (FLOPS).&amp;#160; Which of the following is closer to&amp;#160;the processing power of&amp;#160;Playstation&amp;#160;4 and Xbox&amp;#160;one CPUs?&amp;#160;&lt;/p&gt;</mattext></material><response_extension><d2l_2p0:display_style>2</d2l_2p0:display_style><d2l_2p0:enumeration>6</d2l_2p0:enumeration><d2l_2p0:grading_type>0</d2l_2p0:grading_type></response_extension><response_lid ident="QUES_6441364_6450750_LID" rcardinality="Single"><render_choice shuffle="no"><flow_label class="Block"><response_label ident="QUES_6441364_6450750_A23696439"><flow_mat><material><mattext texttype="text/html">&lt;div class="vtbegenerated inlineVtbegenerated"&gt;&lt;p&gt;100 MFLOPS&lt;/p&gt;&lt;/div&gt;
</mattext></material></flow_mat></response_label></flow_label><flow_label class="Block"><response_label ident="QUES_6441364_6450750_A23696440"><flow_mat><material><mattext texttype="text/html">&lt;div class="vtbegenerated inlineVtbegenerated"&gt;&lt;p&gt;100 GFLOPS&lt;/p&gt;&lt;/div&gt;
</mattext></material></flow_mat></response_label></flow_label><flow_label class="Block"><response_label ident="QUES_6441364_6450750_A23696441"><flow_mat><material><mattext texttype="text/html">&lt;div class="vtbegenerated inlineVtbegenerated"&gt;&lt;p&gt;100 PFLOPS&lt;/p&gt;&lt;/div&gt;
</mattext></material></flow_mat></response_label></flow_label><flow_label class="Block"><response_label ident="QUES_6441364_6450750_A23696442"><flow_mat><material><mattext texttype="text/html">&lt;div class="vtbegenerated inlineVtbegenerated"&gt;&lt;p&gt;100 ZFLOPS&lt;/p&gt;&lt;/div&gt;
</mattext></material></flow_mat></response_label></flow_label></render_choice></response_lid></flow></presentation><resprocessing><respcondition title="Response Condition 1"><conditionvar><varequal respident="QUES_6441364_6450750_LID">QUES_6441364_6450750_A23696439</varequal></conditionvar><setvar action="Set">0.000000000</setvar><displayfeedback feedbacktype="Response" linkrefid="QUES_6441364_6450750_IF23696439" /></respcondition><respcondition title="Response Condition 2"><conditionvar><varequal respident="QUES_6441364_6450750_LID">QUES_6441364_6450750_A23696440</varequal></conditionvar><setvar action="Set">100.000000000</setvar><displayfeedback feedbacktype="Response" linkrefid="QUES_6441364_6450750_IF23696440" /></respcondition><respcondition title="Response Condition 3"><conditionvar><varequal respident="QUES_6441364_6450750_LID">QUES_6441364_6450750_A23696441</varequal></conditionvar><setvar action="Set">0.000000000</setvar><displayfeedback feedbacktype="Response" linkrefid="QUES_6441364_6450750_IF23696441" /></respcondition><respcondition title="Response Condition 4"><conditionvar><varequal respident="QUES_6441364_6450750_LID">QUES_6441364_6450750_A23696442</varequal></conditionvar><setvar action="Set">0.000000000</setvar><displayfeedback feedbacktype="Response" linkrefid="QUES_6441364_6450750_IF23696442" /></respcondition></resprocessing><itemfeedback ident="QUES_6441364_6450750_IF23696439"><material><mattext texttype="text/plain" /></material></itemfeedback><itemfeedback ident="QUES_6441364_6450750_IF23696440"><material><mattext texttype="text/plain" /></material></itemfeedback><itemfeedback ident="QUES_6441364_6450750_IF23696441"><material><mattext texttype="text/plain" /></material></itemfeedback><itemfeedback ident="QUES_6441364_6450750_IF23696442"><material><mattext texttype="text/plain" /></material></itemfeedback></item><item ident="OBJ_7506405" label="QUES_6441365_6450751" d2l_2p0:page="1"><itemmetadata><qtimetadata><qti_metadatafield><fieldlabel>qmd_computerscored</fieldlabel><fieldentry>yes</fieldentry></qti_metadatafield><qti_metadatafield><fieldlabel>qmd_questiontype</fieldlabel><fieldentry>Multiple Choice</fieldentry></qti_metadatafield><qti_metadatafield><fieldlabel>qmd_weighting</fieldlabel><fieldentry>0.200000000</fieldentry></qti_metadatafield><qti_metadatafield><fieldlabel>qmd_globalid</fieldlabel><fieldentry>65761b26-f9e8-4ab6-8cbb-5780e5cd39b2</fieldentry></qti_metadatafield><qti_metadatafield><fieldlabel>qmd_displayid</fieldlabel><fieldentry>XLIST_SALAMAT_GAME3121_202201-40</fieldentry></qti_metadatafield></qtimetadata></itemmetadata><itemproc_extension><d2l_2p0:difficulty>1</d2l_2p0:difficulty><d2l_2p0:isbonus>no</d2l_2p0:isbonus><d2l_2p0:ismandatory>no</d2l_2p0:ismandatory></itemproc_extension><presentation><flow><material><mattext texttype="text/html">&lt;p&gt;We measure the performance of pipelining parallelism via throughput.&amp;#160;Which of the following describes the throughput or bandwidth of a pipline?&lt;/p&gt;</mattext></material><response_extension><d2l_2p0:display_style>2</d2l_2p0:display_style><d2l_2p0:enumeration>6</d2l_2p0:enumeration><d2l_2p0:grading_type>0</d2l_2p0:grading_type></response_extension><response_lid ident="QUES_6441365_6450751_LID" rcardinality="Single"><render_choice shuffle="no"><flow_label class="Block"><response_label ident="QUES_6441365_6450751_A23696443"><flow_mat><material><mattext texttype="text/html">&lt;div class="vtbegenerated inlineVtbegenerated"&gt;&lt;p&gt;&lt;span style="font-size: small;font-family: arial, helvetica, sans-serif;color: #333333;"&gt;Length of time required to retire a&amp;#160;single instruction&lt;/span&gt;&lt;/p&gt;&lt;/div&gt;
</mattext></material></flow_mat></response_label></flow_label><flow_label class="Block"><response_label ident="QUES_6441365_6450751_A23696444"><flow_mat><material><mattext texttype="text/html">&lt;div class="vtbegenerated inlineVtbegenerated"&gt;&lt;p&gt;&lt;span style="font-size: small;font-family: arial, helvetica, sans-serif;color: #333333;"&gt;Number of instructions retired&amp;#160;per unit time&lt;/span&gt;&lt;/p&gt;&lt;/div&gt;
</mattext></material></flow_mat></response_label></flow_label><flow_label class="Block"><response_label ident="QUES_6441365_6450751_A23696445"><flow_mat><material><mattext texttype="text/html">&lt;div class="vtbegenerated inlineVtbegenerated"&gt;&lt;p&gt;The total number of Read/Write from/to memory/register&lt;/p&gt;&lt;/div&gt;
</mattext></material></flow_mat></response_label></flow_label><flow_label class="Block"><response_label ident="QUES_6441365_6450751_A23696446"><flow_mat><material><mattext texttype="text/html">&lt;div class="vtbegenerated inlineVtbegenerated"&gt;&lt;p&gt;None of the above&lt;/p&gt;&lt;/div&gt;
</mattext></material></flow_mat></response_label></flow_label></render_choice></response_lid></flow></presentation><resprocessing><respcondition title="Response Condition 1"><conditionvar><varequal respident="QUES_6441365_6450751_LID">QUES_6441365_6450751_A23696443</varequal></conditionvar><setvar action="Set">0.000000000</setvar><displayfeedback feedbacktype="Response" linkrefid="QUES_6441365_6450751_IF23696443" /></respcondition><respcondition title="Response Condition 2"><conditionvar><varequal respident="QUES_6441365_6450751_LID">QUES_6441365_6450751_A23696444</varequal></conditionvar><setvar action="Set">100.000000000</setvar><displayfeedback feedbacktype="Response" linkrefid="QUES_6441365_6450751_IF23696444" /></respcondition><respcondition title="Response Condition 3"><conditionvar><varequal respident="QUES_6441365_6450751_LID">QUES_6441365_6450751_A23696445</varequal></conditionvar><setvar action="Set">0.000000000</setvar><displayfeedback feedbacktype="Response" linkrefid="QUES_6441365_6450751_IF23696445" /></respcondition><respcondition title="Response Condition 4"><conditionvar><varequal respident="QUES_6441365_6450751_LID">QUES_6441365_6450751_A23696446</varequal></conditionvar><setvar action="Set">0.000000000</setvar><displayfeedback feedbacktype="Response" linkrefid="QUES_6441365_6450751_IF23696446" /></respcondition></resprocessing><itemfeedback ident="QUES_6441365_6450751_IF23696443"><material><mattext texttype="text/plain" /></material></itemfeedback><itemfeedback ident="QUES_6441365_6450751_IF23696444"><material><mattext texttype="text/plain" /></material></itemfeedback><itemfeedback ident="QUES_6441365_6450751_IF23696445"><material><mattext texttype="text/plain" /></material></itemfeedback><itemfeedback ident="QUES_6441365_6450751_IF23696446"><material><mattext texttype="text/plain" /></material></itemfeedback></item><item ident="OBJ_7506406" label="QUES_6441366_6450752" d2l_2p0:page="1"><itemmetadata><qtimetadata><qti_metadatafield><fieldlabel>qmd_computerscored</fieldlabel><fieldentry>yes</fieldentry></qti_metadatafield><qti_metadatafield><fieldlabel>qmd_questiontype</fieldlabel><fieldentry>Multiple Choice</fieldentry></qti_metadatafield><qti_metadatafield><fieldlabel>qmd_weighting</fieldlabel><fieldentry>0.200000000</fieldentry></qti_metadatafield><qti_metadatafield><fieldlabel>qmd_globalid</fieldlabel><fieldentry>8983e1d7-8fa5-4896-ac8c-823de66bcbc5</fieldentry></qti_metadatafield><qti_metadatafield><fieldlabel>qmd_displayid</fieldlabel><fieldentry>XLIST_SALAMAT_GAME3121_202201-39</fieldentry></qti_metadatafield></qtimetadata></itemmetadata><itemproc_extension><d2l_2p0:difficulty>1</d2l_2p0:difficulty><d2l_2p0:isbonus>no</d2l_2p0:isbonus><d2l_2p0:ismandatory>no</d2l_2p0:ismandatory></itemproc_extension><presentation><flow><material><mattext texttype="text/html">&lt;p&gt;What is the race condition in the concurrent programming?&lt;/p&gt;</mattext></material><response_extension><d2l_2p0:display_style>2</d2l_2p0:display_style><d2l_2p0:enumeration>6</d2l_2p0:enumeration><d2l_2p0:grading_type>0</d2l_2p0:grading_type></response_extension><response_lid ident="QUES_6441366_6450752_LID" rcardinality="Single"><render_choice shuffle="no"><flow_label class="Block"><response_label ident="QUES_6441366_6450752_A23696447"><flow_mat><material><mattext texttype="text/html">&lt;div class="vtbegenerated inlineVtbegenerated"&gt;&lt;p&gt;Two or more flows of control &amp;quot;compete&amp;quot; to be the first to read, modify and write a chunk of shared data.&lt;/p&gt;&lt;/div&gt;
</mattext></material></flow_mat></response_label></flow_label><flow_label class="Block"><response_label ident="QUES_6441366_6450752_A23696448"><flow_mat><material><mattext texttype="text/html">&lt;div class="vtbegenerated inlineVtbegenerated"&gt;&lt;p&gt;&lt;span style="font-size: small;font-family: arial, helvetica, sans-serif;color: #333333;"&gt; multiple hardware components operating simultaneously &lt;/span&gt;&lt;/p&gt;&lt;/div&gt;
</mattext></material></flow_mat></response_label></flow_label><flow_label class="Block"><response_label ident="QUES_6441366_6450752_A23696449"><flow_mat><material><mattext texttype="text/html">&lt;div class="vtbegenerated inlineVtbegenerated"&gt;&lt;p&gt;&lt;span style="font-size: small;font-family: arial, helvetica, sans-serif;color: #333333;"&gt; multiple flows of control operating on shared data &lt;/span&gt;&lt;/p&gt;&lt;/div&gt;
</mattext></material></flow_mat></response_label></flow_label><flow_label class="Block"><response_label ident="QUES_6441366_6450752_A23696450"><flow_mat><material><mattext texttype="text/html">&lt;div class="vtbegenerated inlineVtbegenerated"&gt;&lt;p&gt;Computer hardware is only capable of doing only one thing at a time.&lt;/p&gt;&lt;/div&gt;
</mattext></material></flow_mat></response_label></flow_label></render_choice></response_lid></flow></presentation><resprocessing><respcondition title="Response Condition 1"><conditionvar><varequal respident="QUES_6441366_6450752_LID">QUES_6441366_6450752_A23696447</varequal></conditionvar><setvar action="Set">100.000000000</setvar><displayfeedback feedbacktype="Response" linkrefid="QUES_6441366_6450752_IF23696447" /></respcondition><respcondition title="Response Condition 2"><conditionvar><varequal respident="QUES_6441366_6450752_LID">QUES_6441366_6450752_A23696448</varequal></conditionvar><setvar action="Set">0.000000000</setvar><displayfeedback feedbacktype="Response" linkrefid="QUES_6441366_6450752_IF23696448" /></respcondition><respcondition title="Response Condition 3"><conditionvar><varequal respident="QUES_6441366_6450752_LID">QUES_6441366_6450752_A23696449</varequal></conditionvar><setvar action="Set">0.000000000</setvar><displayfeedback feedbacktype="Response" linkrefid="QUES_6441366_6450752_IF23696449" /></respcondition><respcondition title="Response Condition 4"><conditionvar><varequal respident="QUES_6441366_6450752_LID">QUES_6441366_6450752_A23696450</varequal></conditionvar><setvar action="Set">0.000000000</setvar><displayfeedback feedbacktype="Response" linkrefid="QUES_6441366_6450752_IF23696450" /></respcondition></resprocessing><itemfeedback ident="QUES_6441366_6450752_IF23696447"><material><mattext texttype="text/plain" /></material></itemfeedback><itemfeedback ident="QUES_6441366_6450752_IF23696448"><material><mattext texttype="text/plain" /></material></itemfeedback><itemfeedback ident="QUES_6441366_6450752_IF23696449"><material><mattext texttype="text/plain" /></material></itemfeedback><itemfeedback ident="QUES_6441366_6450752_IF23696450"><material><mattext texttype="text/plain" /></material></itemfeedback></item><item ident="OBJ_7506407" label="QUES_6441367_6450753" d2l_2p0:page="1"><itemmetadata><qtimetadata><qti_metadatafield><fieldlabel>qmd_computerscored</fieldlabel><fieldentry>yes</fieldentry></qti_metadatafield><qti_metadatafield><fieldlabel>qmd_questiontype</fieldlabel><fieldentry>Multiple Choice</fieldentry></qti_metadatafield><qti_metadatafield><fieldlabel>qmd_weighting</fieldlabel><fieldentry>0.200000000</fieldentry></qti_metadatafield><qti_metadatafield><fieldlabel>qmd_globalid</fieldlabel><fieldentry>f6c8a29e-dab1-4994-b519-ccf05b7b2949</fieldentry></qti_metadatafield><qti_metadatafield><fieldlabel>qmd_displayid</fieldlabel><fieldentry>XLIST_SALAMAT_GAME3121_202201-42</fieldentry></qti_metadatafield></qtimetadata></itemmetadata><itemproc_extension><d2l_2p0:difficulty>1</d2l_2p0:difficulty><d2l_2p0:isbonus>no</d2l_2p0:isbonus><d2l_2p0:ismandatory>no</d2l_2p0:ismandatory></itemproc_extension><presentation><flow><material><mattext texttype="text/html">&lt;p&gt;According to Flynn&amp;#39;s Taxonomy,&amp;#160;what type of parallelism the following picture represents?&lt;/p&gt;  &lt;p&gt;&lt;img src="https://learn.georgebrown.ca/content/enforced/69643-XLIST_SALAMAT_GAME3121_202201/FlynnTaxonomy.png" width="885" height="895" style="max-width: 600px;"/&gt;&lt;/p&gt;  &lt;p&gt;&lt;br/&gt;&lt;/p&gt;</mattext></material><response_extension><d2l_2p0:display_style>2</d2l_2p0:display_style><d2l_2p0:enumeration>6</d2l_2p0:enumeration><d2l_2p0:grading_type>0</d2l_2p0:grading_type></response_extension><response_lid ident="QUES_6441367_6450753_LID" rcardinality="Single"><render_choice shuffle="no"><flow_label class="Block"><response_label ident="QUES_6441367_6450753_A23696451"><flow_mat><material><mattext texttype="text/html">&lt;div class="vtbegenerated inlineVtbegenerated"&gt;&lt;div class="O1" style="margin-top: 6.0pt;margin-bottom: 0pt;margin-left: .63in;text-indent: -.32in;text-align: left;direction: ltr;unicode-bidi: embed;word-break: normal;"&gt;  &lt;span style="font-size: 22.0pt;"&gt;&lt;span style="font-family: &amp;#39;Calisto MT&amp;#39;;"&gt;&lt;/span&gt;&lt;/span&gt;  &lt;span style="font-size: small;font-family: arial, helvetica, sans-serif;color: #333333;"&gt;Single instruction, single data (SISD)&lt;/span&gt; &lt;/div&gt;  &lt;p&gt;&lt;br/&gt;&lt;/p&gt;&lt;/div&gt;
</mattext></material></flow_mat></response_label></flow_label><flow_label class="Block"><response_label ident="QUES_6441367_6450753_A23696452"><flow_mat><material><mattext texttype="text/html">&lt;div class="vtbegenerated inlineVtbegenerated"&gt;&lt;p&gt;&lt;span style="font-size: small;font-family: arial, helvetica, sans-serif;color: #333333;"&gt; Multiple instruction, multiple data (MIMD) &lt;/span&gt;&lt;/p&gt;&lt;/div&gt;
</mattext></material></flow_mat></response_label></flow_label><flow_label class="Block"><response_label ident="QUES_6441367_6450753_A23696453"><flow_mat><material><mattext texttype="text/html">&lt;div class="vtbegenerated inlineVtbegenerated"&gt;&lt;div class="O1" style="margin-top: 6.0pt;margin-bottom: 0pt;margin-left: .63in;text-indent: -.32in;text-align: left;direction: ltr;unicode-bidi: embed;word-break: normal;"&gt;  &lt;span style="font-size: 22.0pt;"&gt;&lt;span style="font-family: &amp;#39;Calisto MT&amp;#39;;"&gt;&lt;/span&gt;&lt;/span&gt;  &lt;span style="font-size: small;font-family: arial, helvetica, sans-serif;color: #333333;"&gt;Single instruction, multiple data (SIMD)&lt;/span&gt; &lt;/div&gt;  &lt;p&gt;&lt;br/&gt;&lt;/p&gt;&lt;/div&gt;
</mattext></material></flow_mat></response_label></flow_label><flow_label class="Block"><response_label ident="QUES_6441367_6450753_A23696454"><flow_mat><material><mattext texttype="text/html">&lt;div class="vtbegenerated inlineVtbegenerated"&gt;&lt;p&gt;&lt;span style="font-size: small;font-family: arial, helvetica, sans-serif;color: #333333;"&gt; Multiple instruction, single data (MISD) &lt;/span&gt;&lt;/p&gt;&lt;/div&gt;
</mattext></material></flow_mat></response_label></flow_label></render_choice></response_lid></flow></presentation><resprocessing><respcondition title="Response Condition 1"><conditionvar><varequal respident="QUES_6441367_6450753_LID">QUES_6441367_6450753_A23696451</varequal></conditionvar><setvar action="Set">0.000000000</setvar><displayfeedback feedbacktype="Response" linkrefid="QUES_6441367_6450753_IF23696451" /></respcondition><respcondition title="Response Condition 2"><conditionvar><varequal respident="QUES_6441367_6450753_LID">QUES_6441367_6450753_A23696452</varequal></conditionvar><setvar action="Set">100.000000000</setvar><displayfeedback feedbacktype="Response" linkrefid="QUES_6441367_6450753_IF23696452" /></respcondition><respcondition title="Response Condition 3"><conditionvar><varequal respident="QUES_6441367_6450753_LID">QUES_6441367_6450753_A23696453</varequal></conditionvar><setvar action="Set">0.000000000</setvar><displayfeedback feedbacktype="Response" linkrefid="QUES_6441367_6450753_IF23696453" /></respcondition><respcondition title="Response Condition 4"><conditionvar><varequal respident="QUES_6441367_6450753_LID">QUES_6441367_6450753_A23696454</varequal></conditionvar><setvar action="Set">0.000000000</setvar><displayfeedback feedbacktype="Response" linkrefid="QUES_6441367_6450753_IF23696454" /></respcondition></resprocessing><itemfeedback ident="QUES_6441367_6450753_IF23696451"><material><mattext texttype="text/plain" /></material></itemfeedback><itemfeedback ident="QUES_6441367_6450753_IF23696452"><material><mattext texttype="text/plain" /></material></itemfeedback><itemfeedback ident="QUES_6441367_6450753_IF23696453"><material><mattext texttype="text/plain" /></material></itemfeedback><itemfeedback ident="QUES_6441367_6450753_IF23696454"><material><mattext texttype="text/plain" /></material></itemfeedback></item></section></assessment></questestinterop>