﻿<?xml version="1.0" encoding="UTF-8"?><questestinterop xmlns:d2l_2p0="http://desire2learn.com/xsd/d2lcp_v2p0"><assessment d2l_2p0:id="27" title="Lab Test5" ident="res_quiz_247302" d2l_2p0:resource_code="FCF4E421-A020-454B-979C-FE41E4E97EDB-2245084"><rubric><flow_mat><material><mattext d2l_2p0:isdisplayed="yes" texttype="text/html">&lt;div style="padding-left: 10px;padding-right: 10px"&gt;&lt;/div&gt;</mattext></material></flow_mat></rubric><assessmentcontrol hintswitch="no" solutionswitch="yes" feedbackswitch="no" /><presentation_material><flow_mat><material label="page header"><mattext d2l_2p0:isdisplayed="no" texttype="text/html" /></material><material label="page footer"><mattext d2l_2p0:isdisplayed="no" texttype="text/html" /></material></flow_mat></presentation_material><assess_procextension><d2l_2p0:intro_message d2l_2p0:isdisplayed="no" texttype="text/html" /><d2l_2p0:disable_right_click>no</d2l_2p0:disable_right_click><d2l_2p0:disable_pager_access>no</d2l_2p0:disable_pager_access><is_active>no</is_active><d2l_2p0:date_start><d2l_2p0:timestamp><d2l_2p0:month>10</d2l_2p0:month><d2l_2p0:day>18</d2l_2p0:day><d2l_2p0:year>2022</d2l_2p0:year><d2l_2p0:hour>19</d2l_2p0:hour><d2l_2p0:minutes>0</d2l_2p0:minutes><d2l_2p0:seconds>0</d2l_2p0:seconds></d2l_2p0:timestamp></d2l_2p0:date_start><d2l_2p0:date_end><d2l_2p0:timestamp><d2l_2p0:month>10</d2l_2p0:month><d2l_2p0:day>18</d2l_2p0:day><d2l_2p0:year>2022</d2l_2p0:year><d2l_2p0:hour>20</d2l_2p0:hour><d2l_2p0:minutes>0</d2l_2p0:minutes><d2l_2p0:seconds>0</d2l_2p0:seconds></d2l_2p0:timestamp></d2l_2p0:date_end><d2l_2p0:date_due /><d2l_2p0:has_schedule_event>yes</d2l_2p0:has_schedule_event><d2l_2p0:is_attempt_Rldb>no</d2l_2p0:is_attempt_Rldb><d2l_2p0:is_subview_Rldb>no</d2l_2p0:is_subview_Rldb><d2l_2p0:time_limit>60</d2l_2p0:time_limit><d2l_2p0:show_clock>no</d2l_2p0:show_clock><d2l_2p0:enforce_time_limit>no</d2l_2p0:enforce_time_limit><d2l_2p0:quiz_start_type>no</d2l_2p0:quiz_start_type><d2l_2p0:grace_period>1</d2l_2p0:grace_period><d2l_2p0:late_limit>0</d2l_2p0:late_limit><d2l_2p0:attempts_allowed>1</d2l_2p0:attempts_allowed><d2l_2p0:attempt_restrictions /><d2l_2p0:mark_calculation_type>1</d2l_2p0:mark_calculation_type><d2l_2p0:is_forward_only>no</d2l_2p0:is_forward_only></assess_procextension><assessfeedback title=""><rubric><flow_mat><material><mattext texttype="yes">Your quiz has been submitted successfully.</mattext></material></flow_mat></rubric><d2l_2p0:duration>0</d2l_2p0:duration><d2l_2p0:response_display_type_id>1</d2l_2p0:response_display_type_id><d2l_2p0:show_correct_answers>no</d2l_2p0:show_correct_answers><d2l_2p0:submission_restrictip>no</d2l_2p0:submission_restrictip><d2l_2p0:show_class_average>no</d2l_2p0:show_class_average><d2l_2p0:show_score_distribution>no</d2l_2p0:show_score_distribution></assessfeedback><section ident="CONTAINER_SECTION"><item ident="OBJ_7506446" label="QUES_6441406_6450792" d2l_2p0:page="1"><itemmetadata><qtimetadata><qti_metadatafield><fieldlabel>qmd_computerscored</fieldlabel><fieldentry>yes</fieldentry></qti_metadatafield><qti_metadatafield><fieldlabel>qmd_questiontype</fieldlabel><fieldentry>Multiple Choice</fieldentry></qti_metadatafield><qti_metadatafield><fieldlabel>qmd_weighting</fieldlabel><fieldentry>0.200000000</fieldentry></qti_metadatafield><qti_metadatafield><fieldlabel>qmd_globalid</fieldlabel><fieldentry>94307fcd-ac66-4574-a893-51f5e21f4c8c</fieldentry></qti_metadatafield><qti_metadatafield><fieldlabel>qmd_displayid</fieldlabel><fieldentry>XLIST_SALAMAT_GAME3121_202201-50</fieldentry></qti_metadatafield></qtimetadata></itemmetadata><itemproc_extension><d2l_2p0:difficulty>1</d2l_2p0:difficulty><d2l_2p0:isbonus>no</d2l_2p0:isbonus><d2l_2p0:ismandatory>no</d2l_2p0:ismandatory></itemproc_extension><presentation><flow><material><mattext texttype="text/html">&lt;p&gt;What is the problem with Euler Angles?&lt;/p&gt;</mattext></material><response_extension><d2l_2p0:display_style>2</d2l_2p0:display_style><d2l_2p0:enumeration>6</d2l_2p0:enumeration><d2l_2p0:grading_type>0</d2l_2p0:grading_type></response_extension><response_lid ident="QUES_6441406_6450792_LID" rcardinality="Single"><render_choice shuffle="no"><flow_label class="Block"><response_label ident="QUES_6441406_6450792_A23696606"><flow_mat><material><mattext texttype="text/html">&lt;div class="vtbegenerated inlineVtbegenerated"&gt;&lt;p&gt;&lt;span style="color: #000000;font-family: &amp;#39;Open Sans&amp;#39;, sans-serif;font-size: 13px;font-style: normal;font-weight: 400;letter-spacing: normal;text-align: start;text-indent: 0px;text-transform: none;white-space: normal;word-spacing: 0px;background-color: #ffffff;display: inline !important;float: none;"&gt;&lt;/span&gt;gimbal&lt;span style="color: #000000;font-family: &amp;#39;Open Sans&amp;#39;, sans-serif;font-size: 13px;font-style: normal;font-weight: 400;letter-spacing: normal;text-align: start;text-indent: 0px;text-transform: none;white-space: normal;word-spacing: 0px;background-color: #ffffff;display: inline !important;float: none;"&gt;&amp;#160;lock:&lt;/span&gt;&amp;#160;If you rotate by 90 degrees about the x-axis, the y-axis collapses onto the z-axis. This prevents any further rotations about the original y-axis, because rotations about y and z have effectively become equivalent .&lt;/p&gt;&lt;/div&gt;
</mattext></material></flow_mat></response_label></flow_label><flow_label class="Block"><response_label ident="QUES_6441406_6450792_A23696607"><flow_mat><material><mattext texttype="text/html">&lt;div class="vtbegenerated inlineVtbegenerated"&gt;&lt;p&gt;Euler angles consists of three scalar values: Yaw, Pitch and Roll. The order in which the rotations are performed around each axis matters. The order could be PYR, YPR, RYP and so on, and each ordering may produce a different composite rotation.&lt;/p&gt;&lt;/div&gt;
</mattext></material></flow_mat></response_label></flow_label><flow_label class="Block"><response_label ident="QUES_6441406_6450792_A23696608"><flow_mat><material><mattext texttype="text/html">&lt;div class="vtbegenerated inlineVtbegenerated"&gt;&lt;p&gt;They depend upon the mapping from the x-, y- and z-axes onto the natural front, left/right and up directions for the object being rotated. For example, yaw is always defined as rotation about the up axis, but without additional information we cannot tell whether this corresponds to a rotation about x, y or z.&lt;/p&gt;&lt;/div&gt;
</mattext></material></flow_mat></response_label></flow_label><flow_label class="Block"><response_label ident="QUES_6441406_6450792_A23696609"><flow_mat><material><mattext texttype="text/html">&lt;div class="vtbegenerated inlineVtbegenerated"&gt;&lt;p&gt;All of the above.&lt;/p&gt;&lt;/div&gt;
</mattext></material></flow_mat></response_label></flow_label></render_choice></response_lid></flow></presentation><resprocessing><respcondition title="Response Condition 1"><conditionvar><varequal respident="QUES_6441406_6450792_LID">QUES_6441406_6450792_A23696606</varequal></conditionvar><setvar action="Set">0.000000000</setvar><displayfeedback feedbacktype="Response" linkrefid="QUES_6441406_6450792_IF23696606" /></respcondition><respcondition title="Response Condition 2"><conditionvar><varequal respident="QUES_6441406_6450792_LID">QUES_6441406_6450792_A23696607</varequal></conditionvar><setvar action="Set">0.000000000</setvar><displayfeedback feedbacktype="Response" linkrefid="QUES_6441406_6450792_IF23696607" /></respcondition><respcondition title="Response Condition 3"><conditionvar><varequal respident="QUES_6441406_6450792_LID">QUES_6441406_6450792_A23696608</varequal></conditionvar><setvar action="Set">0.000000000</setvar><displayfeedback feedbacktype="Response" linkrefid="QUES_6441406_6450792_IF23696608" /></respcondition><respcondition title="Response Condition 4"><conditionvar><varequal respident="QUES_6441406_6450792_LID">QUES_6441406_6450792_A23696609</varequal></conditionvar><setvar action="Set">100.000000000</setvar><displayfeedback feedbacktype="Response" linkrefid="QUES_6441406_6450792_IF23696609" /></respcondition></resprocessing><itemfeedback ident="QUES_6441406_6450792_IF23696606"><material><mattext texttype="text/plain" /></material></itemfeedback><itemfeedback ident="QUES_6441406_6450792_IF23696607"><material><mattext texttype="text/plain" /></material></itemfeedback><itemfeedback ident="QUES_6441406_6450792_IF23696608"><material><mattext texttype="text/plain" /></material></itemfeedback><itemfeedback ident="QUES_6441406_6450792_IF23696609"><material><mattext texttype="text/plain" /></material></itemfeedback></item><item ident="OBJ_7506447" label="QUES_6441407_6450793" d2l_2p0:page="1"><itemmetadata><qtimetadata><qti_metadatafield><fieldlabel>qmd_computerscored</fieldlabel><fieldentry>yes</fieldentry></qti_metadatafield><qti_metadatafield><fieldlabel>qmd_questiontype</fieldlabel><fieldentry>Multiple Choice</fieldentry></qti_metadatafield><qti_metadatafield><fieldlabel>qmd_weighting</fieldlabel><fieldentry>0.200000000</fieldentry></qti_metadatafield><qti_metadatafield><fieldlabel>qmd_globalid</fieldlabel><fieldentry>e6e10dc3-b22b-48f4-aa97-842bc3d21c14</fieldentry></qti_metadatafield><qti_metadatafield><fieldlabel>qmd_displayid</fieldlabel><fieldentry>XLIST_SALAMAT_GAME3121_202201-51</fieldentry></qti_metadatafield></qtimetadata></itemmetadata><itemproc_extension><d2l_2p0:difficulty>1</d2l_2p0:difficulty><d2l_2p0:isbonus>no</d2l_2p0:isbonus><d2l_2p0:ismandatory>no</d2l_2p0:ismandatory></itemproc_extension><presentation><flow><material><mattext texttype="text/html">&lt;p&gt;when do game programmers&amp;#160;&amp;quot;not&amp;quot;&amp;#160;use dot products?&lt;/p&gt;</mattext></material><response_extension><d2l_2p0:display_style>2</d2l_2p0:display_style><d2l_2p0:enumeration>6</d2l_2p0:enumeration><d2l_2p0:grading_type>0</d2l_2p0:grading_type></response_extension><response_lid ident="QUES_6441407_6450793_LID" rcardinality="Single"><render_choice shuffle="no"><flow_label class="Block"><response_label ident="QUES_6441407_6450793_A23696610"><flow_mat><material><mattext texttype="text/html">&lt;div class="vtbegenerated inlineVtbegenerated"&gt;&lt;p&gt;To calculate the vector Projection&amp;#160;to find the height of a point above or below a plane&lt;/p&gt;&lt;/div&gt;
</mattext></material></flow_mat></response_label></flow_label><flow_label class="Block"><response_label ident="QUES_6441407_6450793_A23696611"><flow_mat><material><mattext texttype="text/html">&lt;div class="vtbegenerated inlineVtbegenerated"&gt;&lt;p&gt;if two vectors are collinear or perpendicular,or whether they point in roughly the same or roughly opposite directions&amp;#160;to find out whether an enemy is in front of the player character or behind him.&lt;/p&gt;&lt;/div&gt;
</mattext></material></flow_mat></response_label></flow_label><flow_label class="Block"><response_label ident="QUES_6441407_6450793_A23696612"><flow_mat><material><mattext texttype="text/html">&lt;div class="vtbegenerated inlineVtbegenerated"&gt;&lt;p&gt;&lt;span style="color: #000000;font-family: &amp;#39;Open Sans&amp;#39;, sans-serif;font-size: 13px;font-style: normal;font-weight: 400;letter-spacing: normal;text-align: start;text-indent: 0px;text-transform: none;white-space: normal;word-spacing: 0px;background-color: #ffffff;display: inline !important;float: none;"&gt;To calculate&amp;#160;&lt;/span&gt;&lt;span style="color: #000000;font-family: &amp;#39;Open Sans&amp;#39;, sans-serif;font-size: 13px;font-style: normal;font-weight: 400;letter-spacing: normal;text-align: start;text-indent: 0px;text-transform: none;white-space: normal;word-spacing: 0px;background-color: #ffffff;display: inline !important;float: none;"&gt;square&amp;#160;&lt;/span&gt;&lt;span style="color: #000000;font-family: &amp;#39;Open Sans&amp;#39;, sans-serif;font-size: 13px;font-style: normal;font-weight: 400;letter-spacing: normal;text-align: start;text-indent: 0px;text-transform: none;white-space: normal;word-spacing: 0px;background-color: #ffffff;display: inline !important;float: none;"&gt;magnitude&lt;/span&gt;&lt;span style="color: #000000;font-family: &amp;#39;Open Sans&amp;#39;, sans-serif;font-size: 13px;font-style: normal;font-weight: 400;letter-spacing: normal;text-align: start;text-indent: 0px;text-transform: none;white-space: normal;word-spacing: 0px;background-color: #ffffff;display: inline !important;float: none;"&gt;&lt;/span&gt;&lt;span style="color: #000000;font-family: &amp;#39;Open Sans&amp;#39;, sans-serif;font-size: 13px;font-style: normal;font-weight: 400;letter-spacing: normal;text-align: start;text-indent: 0px;text-transform: none;white-space: normal;word-spacing: 0px;background-color: #ffffff;display: inline !important;float: none;"&gt;&lt;/span&gt;&lt;span style="color: #000000;font-family: &amp;#39;Open Sans&amp;#39;, sans-serif;font-size: 13px;font-style: normal;font-weight: 400;letter-spacing: normal;text-align: start;text-indent: 0px;text-transform: none;white-space: normal;word-spacing: 0px;background-color: #ffffff;display: inline !important;float: none;"&gt; of a vector&lt;/span&gt;&amp;#160;for collision detection&lt;/p&gt;&lt;/div&gt;
</mattext></material></flow_mat></response_label></flow_label><flow_label class="Block"><response_label ident="QUES_6441407_6450793_A23696613"><flow_mat><material><mattext texttype="text/html">&lt;div class="vtbegenerated inlineVtbegenerated"&gt;&lt;p&gt;To calculate&amp;#160;the area of the parallelogram whose sides are two vectors&lt;/p&gt;&lt;/div&gt;
</mattext></material></flow_mat></response_label></flow_label></render_choice></response_lid></flow></presentation><resprocessing><respcondition title="Response Condition 1"><conditionvar><varequal respident="QUES_6441407_6450793_LID">QUES_6441407_6450793_A23696610</varequal></conditionvar><setvar action="Set">0.000000000</setvar><displayfeedback feedbacktype="Response" linkrefid="QUES_6441407_6450793_IF23696610" /></respcondition><respcondition title="Response Condition 2"><conditionvar><varequal respident="QUES_6441407_6450793_LID">QUES_6441407_6450793_A23696611</varequal></conditionvar><setvar action="Set">0.000000000</setvar><displayfeedback feedbacktype="Response" linkrefid="QUES_6441407_6450793_IF23696611" /></respcondition><respcondition title="Response Condition 3"><conditionvar><varequal respident="QUES_6441407_6450793_LID">QUES_6441407_6450793_A23696612</varequal></conditionvar><setvar action="Set">0.000000000</setvar><displayfeedback feedbacktype="Response" linkrefid="QUES_6441407_6450793_IF23696612" /></respcondition><respcondition title="Response Condition 4"><conditionvar><varequal respident="QUES_6441407_6450793_LID">QUES_6441407_6450793_A23696613</varequal></conditionvar><setvar action="Set">100.000000000</setvar><displayfeedback feedbacktype="Response" linkrefid="QUES_6441407_6450793_IF23696613" /></respcondition></resprocessing><itemfeedback ident="QUES_6441407_6450793_IF23696610"><material><mattext texttype="text/plain" /></material></itemfeedback><itemfeedback ident="QUES_6441407_6450793_IF23696611"><material><mattext texttype="text/plain" /></material></itemfeedback><itemfeedback ident="QUES_6441407_6450793_IF23696612"><material><mattext texttype="text/plain" /></material></itemfeedback><itemfeedback ident="QUES_6441407_6450793_IF23696613"><material><mattext texttype="text/plain" /></material></itemfeedback></item><item ident="OBJ_7506448" label="QUES_6441408_6450794" d2l_2p0:page="1"><itemmetadata><qtimetadata><qti_metadatafield><fieldlabel>qmd_computerscored</fieldlabel><fieldentry>yes</fieldentry></qti_metadatafield><qti_metadatafield><fieldlabel>qmd_questiontype</fieldlabel><fieldentry>Multiple Choice</fieldentry></qti_metadatafield><qti_metadatafield><fieldlabel>qmd_weighting</fieldlabel><fieldentry>0.200000000</fieldentry></qti_metadatafield><qti_metadatafield><fieldlabel>qmd_globalid</fieldlabel><fieldentry>954a7ab0-32ef-424f-a655-97f671081631</fieldentry></qti_metadatafield><qti_metadatafield><fieldlabel>qmd_displayid</fieldlabel><fieldentry>XLIST_SALAMAT_GAME3121_202201-55</fieldentry></qti_metadatafield></qtimetadata></itemmetadata><itemproc_extension><d2l_2p0:difficulty>1</d2l_2p0:difficulty><d2l_2p0:isbonus>no</d2l_2p0:isbonus><d2l_2p0:ismandatory>no</d2l_2p0:ismandatory></itemproc_extension><presentation><flow><material><mattext texttype="text/html">&lt;p&gt;Consider three distinct rotations&amp;#160;represented by the quaternions q1, q2 and q3. In order to rotate a vector v, we want to apply rotation 1 first, followed by rotation 2 and finally rotation 3. The composite rotation can be calculated as:&lt;/p&gt;</mattext></material><response_extension><d2l_2p0:display_style>2</d2l_2p0:display_style><d2l_2p0:enumeration>6</d2l_2p0:enumeration><d2l_2p0:grading_type>0</d2l_2p0:grading_type></response_extension><response_lid ident="QUES_6441408_6450794_LID" rcardinality="Single"><render_choice shuffle="no"><flow_label class="Block"><response_label ident="QUES_6441408_6450794_A23696614"><flow_mat><material><mattext texttype="text/html">&lt;div class="vtbegenerated inlineVtbegenerated"&gt;&lt;p&gt;q3q2q1vq-1q-2 q-3&lt;/p&gt;&lt;/div&gt;
</mattext></material></flow_mat></response_label></flow_label><flow_label class="Block"><response_label ident="QUES_6441408_6450794_A23696615"><flow_mat><material><mattext texttype="text/html">&lt;div class="vtbegenerated inlineVtbegenerated"&gt;&lt;p&gt;&lt;span style="color: #000000;font-family: &amp;#39;Open Sans&amp;#39;, sans-serif;font-size: 13px;font-style: normal;font-weight: 400;letter-spacing: normal;text-align: start;text-indent: 0px;text-transform: none;white-space: normal;word-spacing: 0px;background-color: #ffffff;display: inline !important;float: none;"&gt;q3q2q1v&lt;/span&gt;&lt;/p&gt;&lt;/div&gt;
</mattext></material></flow_mat></response_label></flow_label><flow_label class="Block"><response_label ident="QUES_6441408_6450794_A23696616"><flow_mat><material><mattext texttype="text/html">&lt;div class="vtbegenerated inlineVtbegenerated"&gt;&lt;p&gt;&lt;span style="color: #000000;font-family: &amp;#39;Open Sans&amp;#39;, sans-serif;font-size: 13px;font-style: normal;font-weight: 400;letter-spacing: normal;text-align: start;text-indent: 0px;text-transform: none;white-space: normal;word-spacing: 0px;background-color: #ffffff;display: inline !important;float: none;"&gt;vq-1q-2 q-3&lt;/span&gt;&lt;/p&gt;&lt;/div&gt;
</mattext></material></flow_mat></response_label></flow_label><flow_label class="Block"><response_label ident="QUES_6441408_6450794_A23696617"><flow_mat><material><mattext texttype="text/html">&lt;div class="vtbegenerated inlineVtbegenerated"&gt;&lt;p&gt;&lt;span style="color: #000000;font-family: &amp;#39;Open Sans&amp;#39;, sans-serif;font-size: 13px;font-style: normal;font-weight: 400;letter-spacing: normal;text-align: start;text-indent: 0px;text-transform: none;white-space: normal;word-spacing: 0px;background-color: #ffffff;display: inline !important;float: none;"&gt;q3&amp;#160;x&amp;#160;q2&amp;#160;x&amp;#160;q1&amp;#160;x&amp;#160;v&lt;/span&gt;&lt;/p&gt;&lt;/div&gt;
</mattext></material></flow_mat></response_label></flow_label></render_choice></response_lid></flow></presentation><resprocessing><respcondition title="Response Condition 1"><conditionvar><varequal respident="QUES_6441408_6450794_LID">QUES_6441408_6450794_A23696614</varequal></conditionvar><setvar action="Set">100.000000000</setvar><displayfeedback feedbacktype="Response" linkrefid="QUES_6441408_6450794_IF23696614" /></respcondition><respcondition title="Response Condition 2"><conditionvar><varequal respident="QUES_6441408_6450794_LID">QUES_6441408_6450794_A23696615</varequal></conditionvar><setvar action="Set">0.000000000</setvar><displayfeedback feedbacktype="Response" linkrefid="QUES_6441408_6450794_IF23696615" /></respcondition><respcondition title="Response Condition 3"><conditionvar><varequal respident="QUES_6441408_6450794_LID">QUES_6441408_6450794_A23696616</varequal></conditionvar><setvar action="Set">0.000000000</setvar><displayfeedback feedbacktype="Response" linkrefid="QUES_6441408_6450794_IF23696616" /></respcondition><respcondition title="Response Condition 4"><conditionvar><varequal respident="QUES_6441408_6450794_LID">QUES_6441408_6450794_A23696617</varequal></conditionvar><setvar action="Set">0.000000000</setvar><displayfeedback feedbacktype="Response" linkrefid="QUES_6441408_6450794_IF23696617" /></respcondition></resprocessing><itemfeedback ident="QUES_6441408_6450794_IF23696614"><material><mattext texttype="text/plain" /></material></itemfeedback><itemfeedback ident="QUES_6441408_6450794_IF23696615"><material><mattext texttype="text/plain" /></material></itemfeedback><itemfeedback ident="QUES_6441408_6450794_IF23696616"><material><mattext texttype="text/plain" /></material></itemfeedback><itemfeedback ident="QUES_6441408_6450794_IF23696617"><material><mattext texttype="text/plain" /></material></itemfeedback></item><item ident="OBJ_7506449" label="QUES_6441409_6450795" d2l_2p0:page="1"><itemmetadata><qtimetadata><qti_metadatafield><fieldlabel>qmd_computerscored</fieldlabel><fieldentry>yes</fieldentry></qti_metadatafield><qti_metadatafield><fieldlabel>qmd_questiontype</fieldlabel><fieldentry>Multiple Choice</fieldentry></qti_metadatafield><qti_metadatafield><fieldlabel>qmd_weighting</fieldlabel><fieldentry>0.200000000</fieldentry></qti_metadatafield><qti_metadatafield><fieldlabel>qmd_globalid</fieldlabel><fieldentry>691e34bf-f43d-454d-98aa-1a0e6500d010</fieldentry></qti_metadatafield><qti_metadatafield><fieldlabel>qmd_displayid</fieldlabel><fieldentry>XLIST_SALAMAT_GAME3121_202201-57</fieldentry></qti_metadatafield></qtimetadata></itemmetadata><itemproc_extension><d2l_2p0:difficulty>1</d2l_2p0:difficulty><d2l_2p0:isbonus>no</d2l_2p0:isbonus><d2l_2p0:ismandatory>no</d2l_2p0:ismandatory></itemproc_extension><presentation><flow><material><mattext texttype="text/html">&lt;p&gt;Why do we use&amp;#160;SLERP?&lt;/p&gt;</mattext></material><response_extension><d2l_2p0:display_style>2</d2l_2p0:display_style><d2l_2p0:enumeration>6</d2l_2p0:enumeration><d2l_2p0:grading_type>0</d2l_2p0:grading_type></response_extension><response_lid ident="QUES_6441409_6450795_LID" rcardinality="Single"><render_choice shuffle="no"><flow_label class="Block"><response_label ident="QUES_6441409_6450795_A23696618"><flow_mat><material><mattext texttype="text/html">&lt;div class="vtbegenerated inlineVtbegenerated"&gt;&lt;p&gt;With the help of quaternions, rotations can be easily interpolated just as vectors and points.&lt;/p&gt;&lt;/div&gt;
</mattext></material></flow_mat></response_label></flow_label><flow_label class="Block"><response_label ident="QUES_6441409_6450795_A23696619"><flow_mat><material><mattext texttype="text/html">&lt;div class="vtbegenerated inlineVtbegenerated"&gt;&lt;p&gt;Linear interpolation (LERP) between two quaternions qA and qB.&lt;/p&gt;&lt;/div&gt;
</mattext></material></flow_mat></response_label></flow_label><flow_label class="Block"><response_label ident="QUES_6441409_6450795_A23696620"><flow_mat><material><mattext texttype="text/html">&lt;div class="vtbegenerated inlineVtbegenerated"&gt;&lt;p&gt;To calculate the weighted average of two quaternions along a chrod.&lt;/p&gt;&lt;/div&gt;
</mattext></material></flow_mat></response_label></flow_label><flow_label class="Block"><response_label ident="QUES_6441409_6450795_A23696621"><flow_mat><material><mattext texttype="text/html">&lt;div class="vtbegenerated inlineVtbegenerated"&gt;&lt;p&gt;LERP effectively interpolates along a chord of the hypersphere, rather than along the surface of the hypersphere itself. This leads to rotation appear slower at the end points and faster in the middle of the animation.&lt;/p&gt;&lt;/div&gt;
</mattext></material></flow_mat></response_label></flow_label></render_choice></response_lid></flow></presentation><resprocessing><respcondition title="Response Condition 1"><conditionvar><varequal respident="QUES_6441409_6450795_LID">QUES_6441409_6450795_A23696618</varequal></conditionvar><setvar action="Set">0.000000000</setvar><displayfeedback feedbacktype="Response" linkrefid="QUES_6441409_6450795_IF23696618" /></respcondition><respcondition title="Response Condition 2"><conditionvar><varequal respident="QUES_6441409_6450795_LID">QUES_6441409_6450795_A23696619</varequal></conditionvar><setvar action="Set">0.000000000</setvar><displayfeedback feedbacktype="Response" linkrefid="QUES_6441409_6450795_IF23696619" /></respcondition><respcondition title="Response Condition 3"><conditionvar><varequal respident="QUES_6441409_6450795_LID">QUES_6441409_6450795_A23696620</varequal></conditionvar><setvar action="Set">0.000000000</setvar><displayfeedback feedbacktype="Response" linkrefid="QUES_6441409_6450795_IF23696620" /></respcondition><respcondition title="Response Condition 4"><conditionvar><varequal respident="QUES_6441409_6450795_LID">QUES_6441409_6450795_A23696621</varequal></conditionvar><setvar action="Set">100.000000000</setvar><displayfeedback feedbacktype="Response" linkrefid="QUES_6441409_6450795_IF23696621" /></respcondition></resprocessing><itemfeedback ident="QUES_6441409_6450795_IF23696618"><material><mattext texttype="text/plain" /></material></itemfeedback><itemfeedback ident="QUES_6441409_6450795_IF23696619"><material><mattext texttype="text/plain" /></material></itemfeedback><itemfeedback ident="QUES_6441409_6450795_IF23696620"><material><mattext texttype="text/plain" /></material></itemfeedback><itemfeedback ident="QUES_6441409_6450795_IF23696621"><material><mattext texttype="text/plain" /></material></itemfeedback></item><item ident="OBJ_7506450" label="QUES_6441410_6450796" d2l_2p0:page="1"><itemmetadata><qtimetadata><qti_metadatafield><fieldlabel>qmd_computerscored</fieldlabel><fieldentry>yes</fieldentry></qti_metadatafield><qti_metadatafield><fieldlabel>qmd_questiontype</fieldlabel><fieldentry>Multiple Choice</fieldentry></qti_metadatafield><qti_metadatafield><fieldlabel>qmd_weighting</fieldlabel><fieldentry>0.200000000</fieldentry></qti_metadatafield><qti_metadatafield><fieldlabel>qmd_globalid</fieldlabel><fieldentry>55ef3bc1-ab17-48ee-aea5-bf5ba012db15</fieldentry></qti_metadatafield><qti_metadatafield><fieldlabel>qmd_displayid</fieldlabel><fieldentry>XLIST_SALAMAT_GAME3121_202201-66</fieldentry></qti_metadatafield></qtimetadata></itemmetadata><itemproc_extension><d2l_2p0:difficulty>1</d2l_2p0:difficulty><d2l_2p0:isbonus>no</d2l_2p0:isbonus><d2l_2p0:ismandatory>no</d2l_2p0:ismandatory></itemproc_extension><presentation><flow><material><mattext texttype="text/html">&lt;p&gt;Why&amp;#160;a matrix is not always an ideal representation of axis?&lt;/p&gt;</mattext></material><response_extension><d2l_2p0:display_style>2</d2l_2p0:display_style><d2l_2p0:enumeration>6</d2l_2p0:enumeration><d2l_2p0:grading_type>0</d2l_2p0:grading_type></response_extension><response_lid ident="QUES_6441410_6450796_LID" rcardinality="Single"><render_choice shuffle="no"><flow_label class="Block"><response_label ident="QUES_6441410_6450796_A23696622"><flow_mat><material><mattext texttype="text/html">&lt;div class="vtbegenerated inlineVtbegenerated"&gt;&lt;p&gt;We need nine floating-point values to represent a rotation, which seems excessive considering that we only have three degrees of freedom—pitch, yaw and roll.&lt;/p&gt;  &lt;div style="position: absolute;left: -10000px;"&gt;&lt;/div&gt;  &lt;div style="position: absolute;left: -10000px;"&gt;&lt;/div&gt;&lt;/div&gt;
</mattext></material></flow_mat></response_label></flow_label><flow_label class="Block"><response_label ident="QUES_6441410_6450796_A23696623"><flow_mat><material><mattext texttype="text/html">&lt;div class="vtbegenerated inlineVtbegenerated"&gt;&lt;p&gt;Rotating a vector requires a vector-matrix multiplication, which involves three dot products, or a total of nine multiplications and six additions. We would like to find a rotational representation that is less expensive to calculate, if possible.&lt;/p&gt;&lt;/div&gt;
</mattext></material></flow_mat></response_label></flow_label><flow_label class="Block"><response_label ident="QUES_6441410_6450796_A23696624"><flow_mat><material><mattext texttype="text/html">&lt;div class="vtbegenerated inlineVtbegenerated"&gt;&lt;p&gt;if we are to smoothly animate a camera from some starting orientation A to some final orientation B over the course of a few seconds, we need to be able to find lots of intermediate rotations between A and B over the course of the animation. It turns out to be difficult to do this when the A and B orientations are expressed as matrices&lt;/p&gt;&lt;/div&gt;
</mattext></material></flow_mat></response_label></flow_label><flow_label class="Block"><response_label ident="QUES_6441410_6450796_A23696625"><flow_mat><material><mattext texttype="text/html">&lt;div class="vtbegenerated inlineVtbegenerated"&gt;&lt;p&gt;All of the above&lt;/p&gt;&lt;/div&gt;
</mattext></material></flow_mat></response_label></flow_label></render_choice></response_lid></flow></presentation><resprocessing><respcondition title="Response Condition 1"><conditionvar><varequal respident="QUES_6441410_6450796_LID">QUES_6441410_6450796_A23696622</varequal></conditionvar><setvar action="Set">0.000000000</setvar><displayfeedback feedbacktype="Response" linkrefid="QUES_6441410_6450796_IF23696622" /></respcondition><respcondition title="Response Condition 2"><conditionvar><varequal respident="QUES_6441410_6450796_LID">QUES_6441410_6450796_A23696623</varequal></conditionvar><setvar action="Set">0.000000000</setvar><displayfeedback feedbacktype="Response" linkrefid="QUES_6441410_6450796_IF23696623" /></respcondition><respcondition title="Response Condition 3"><conditionvar><varequal respident="QUES_6441410_6450796_LID">QUES_6441410_6450796_A23696624</varequal></conditionvar><setvar action="Set">0.000000000</setvar><displayfeedback feedbacktype="Response" linkrefid="QUES_6441410_6450796_IF23696624" /></respcondition><respcondition title="Response Condition 4"><conditionvar><varequal respident="QUES_6441410_6450796_LID">QUES_6441410_6450796_A23696625</varequal></conditionvar><setvar action="Set">100.000000000</setvar><displayfeedback feedbacktype="Response" linkrefid="QUES_6441410_6450796_IF23696625" /></respcondition></resprocessing><itemfeedback ident="QUES_6441410_6450796_IF23696622"><material><mattext texttype="text/plain" /></material></itemfeedback><itemfeedback ident="QUES_6441410_6450796_IF23696623"><material><mattext texttype="text/plain" /></material></itemfeedback><itemfeedback ident="QUES_6441410_6450796_IF23696624"><material><mattext texttype="text/plain" /></material></itemfeedback><itemfeedback ident="QUES_6441410_6450796_IF23696625"><material><mattext texttype="text/plain" /></material></itemfeedback></item><item ident="OBJ_7506451" label="QUES_6441411_6450797" d2l_2p0:page="1"><itemmetadata><qtimetadata><qti_metadatafield><fieldlabel>qmd_computerscored</fieldlabel><fieldentry>yes</fieldentry></qti_metadatafield><qti_metadatafield><fieldlabel>qmd_questiontype</fieldlabel><fieldentry>Multiple Choice</fieldentry></qti_metadatafield><qti_metadatafield><fieldlabel>qmd_weighting</fieldlabel><fieldentry>0.200000000</fieldentry></qti_metadatafield><qti_metadatafield><fieldlabel>qmd_globalid</fieldlabel><fieldentry>e4a33ff6-1310-4883-9125-f8138bd8fe2b</fieldentry></qti_metadatafield><qti_metadatafield><fieldlabel>qmd_displayid</fieldlabel><fieldentry>XLIST_SALAMAT_GAME3121_202201-67</fieldentry></qti_metadatafield></qtimetadata></itemmetadata><itemproc_extension><d2l_2p0:difficulty>1</d2l_2p0:difficulty><d2l_2p0:isbonus>no</d2l_2p0:isbonus><d2l_2p0:ismandatory>no</d2l_2p0:ismandatory></itemproc_extension><presentation><flow><material><mattext texttype="text/html">&lt;p&gt;Which of the following&amp;#160;&amp;#160;&amp;quot;vector&amp;quot;&amp;#160;operations does &amp;quot;not&amp;quot;&amp;#160;make sense and will not be equal to a new direction?&lt;/p&gt;</mattext></material><response_extension><d2l_2p0:display_style>2</d2l_2p0:display_style><d2l_2p0:enumeration>6</d2l_2p0:enumeration><d2l_2p0:grading_type>0</d2l_2p0:grading_type></response_extension><response_lid ident="QUES_6441411_6450797_LID" rcardinality="Single"><render_choice shuffle="no"><flow_label class="Block"><response_label ident="QUES_6441411_6450797_A23696626"><flow_mat><material><mattext texttype="text/html">&lt;div class="vtbegenerated inlineVtbegenerated"&gt;&lt;p&gt;direction – direction&lt;/p&gt;&lt;/div&gt;
</mattext></material></flow_mat></response_label></flow_label><flow_label class="Block"><response_label ident="QUES_6441411_6450797_A23696627"><flow_mat><material><mattext texttype="text/html">&lt;div class="vtbegenerated inlineVtbegenerated"&gt;&lt;p&gt;point – point&lt;/p&gt;&lt;/div&gt;
</mattext></material></flow_mat></response_label></flow_label><flow_label class="Block"><response_label ident="QUES_6441411_6450797_A23696628"><flow_mat><material><mattext texttype="text/html">&lt;div class="vtbegenerated inlineVtbegenerated"&gt;&lt;p&gt;point + point&lt;/p&gt;&lt;/div&gt;
</mattext></material></flow_mat></response_label></flow_label><flow_label class="Block"><response_label ident="QUES_6441411_6450797_A23696629"><flow_mat><material><mattext texttype="text/html">&lt;div class="vtbegenerated inlineVtbegenerated"&gt;&lt;p&gt;direction + direction&lt;/p&gt;&lt;/div&gt;
</mattext></material></flow_mat></response_label></flow_label></render_choice></response_lid></flow></presentation><resprocessing><respcondition title="Response Condition 1"><conditionvar><varequal respident="QUES_6441411_6450797_LID">QUES_6441411_6450797_A23696626</varequal></conditionvar><setvar action="Set">0.000000000</setvar><displayfeedback feedbacktype="Response" linkrefid="QUES_6441411_6450797_IF23696626" /></respcondition><respcondition title="Response Condition 2"><conditionvar><varequal respident="QUES_6441411_6450797_LID">QUES_6441411_6450797_A23696627</varequal></conditionvar><setvar action="Set">0.000000000</setvar><displayfeedback feedbacktype="Response" linkrefid="QUES_6441411_6450797_IF23696627" /></respcondition><respcondition title="Response Condition 3"><conditionvar><varequal respident="QUES_6441411_6450797_LID">QUES_6441411_6450797_A23696628</varequal></conditionvar><setvar action="Set">100.000000000</setvar><displayfeedback feedbacktype="Response" linkrefid="QUES_6441411_6450797_IF23696628" /></respcondition><respcondition title="Response Condition 4"><conditionvar><varequal respident="QUES_6441411_6450797_LID">QUES_6441411_6450797_A23696629</varequal></conditionvar><setvar action="Set">0.000000000</setvar><displayfeedback feedbacktype="Response" linkrefid="QUES_6441411_6450797_IF23696629" /></respcondition></resprocessing><itemfeedback ident="QUES_6441411_6450797_IF23696626"><material><mattext texttype="text/plain" /></material></itemfeedback><itemfeedback ident="QUES_6441411_6450797_IF23696627"><material><mattext texttype="text/plain" /></material></itemfeedback><itemfeedback ident="QUES_6441411_6450797_IF23696628"><material><mattext texttype="text/plain" /></material></itemfeedback><itemfeedback ident="QUES_6441411_6450797_IF23696629"><material><mattext texttype="text/plain" /></material></itemfeedback></item><item ident="OBJ_7506452" label="QUES_6441412_6450798" d2l_2p0:page="1"><itemmetadata><qtimetadata><qti_metadatafield><fieldlabel>qmd_computerscored</fieldlabel><fieldentry>yes</fieldentry></qti_metadatafield><qti_metadatafield><fieldlabel>qmd_questiontype</fieldlabel><fieldentry>Multiple Choice</fieldentry></qti_metadatafield><qti_metadatafield><fieldlabel>qmd_weighting</fieldlabel><fieldentry>0.200000000</fieldentry></qti_metadatafield><qti_metadatafield><fieldlabel>qmd_globalid</fieldlabel><fieldentry>d57ba357-0841-4b6f-8f77-1130d89e9c16</fieldentry></qti_metadatafield><qti_metadatafield><fieldlabel>qmd_displayid</fieldlabel><fieldentry>XLIST_SALAMAT_GAME3121_202201-70</fieldentry></qti_metadatafield></qtimetadata></itemmetadata><itemproc_extension><d2l_2p0:difficulty>1</d2l_2p0:difficulty><d2l_2p0:isbonus>no</d2l_2p0:isbonus><d2l_2p0:ismandatory>no</d2l_2p0:ismandatory></itemproc_extension><presentation><flow><material><mattext texttype="text/html">&lt;p&gt;let&amp;#39;s say we have two spheres, and we want to know whether they intersect. Given that we know the center points of the two spheres, C1 and C2, we can find a direction vector. what should you use as a&amp;#160;game programmer to test the intersection?&lt;/p&gt;</mattext></material><response_extension><d2l_2p0:display_style>2</d2l_2p0:display_style><d2l_2p0:enumeration>6</d2l_2p0:enumeration><d2l_2p0:grading_type>0</d2l_2p0:grading_type></response_extension><response_lid ident="QUES_6441412_6450798_LID" rcardinality="Single"><render_choice shuffle="no"><flow_label class="Block"><response_label ident="QUES_6441412_6450798_A23696630"><flow_mat><material><mattext texttype="text/html">&lt;div class="vtbegenerated inlineVtbegenerated"&gt;&lt;p&gt;Subtract the points, d = C2 - C1. The magnitude of this vector d = |d| determines how far apart the spheres&amp;#39; centers are.&lt;/p&gt;&lt;/div&gt;
</mattext></material></flow_mat></response_label></flow_label><flow_label class="Block"><response_label ident="QUES_6441412_6450798_A23696631"><flow_mat><material><mattext texttype="text/html">&lt;div class="vtbegenerated inlineVtbegenerated"&gt;&lt;p&gt;Subtract&amp;#160;the points,&amp;#160;d&amp;#160;=&amp;#160;C2&amp;#160;-&amp;#160;C1.&amp;#160;Calculate the squared&amp;#160;magnitude of this vector |d|^2&amp;#160;and compare this to the squared sum of the radii, (r1 + r2)^2&lt;/p&gt;&lt;/div&gt;
</mattext></material></flow_mat></response_label></flow_label><flow_label class="Block"><response_label ident="QUES_6441412_6450798_A23696632"><flow_mat><material><mattext texttype="text/html">&lt;div class="vtbegenerated inlineVtbegenerated"&gt;&lt;p&gt;Add the points,&amp;#160;d&amp;#160;=&amp;#160;C2&amp;#160;+C1.&amp;#160;The magnitude of this vector d&amp;#160;=&amp;#160;|d|&amp;#160;determines how far apart the spheres&amp;#39; centers are.&lt;/p&gt;&lt;/div&gt;
</mattext></material></flow_mat></response_label></flow_label><flow_label class="Block"><response_label ident="QUES_6441412_6450798_A23696633"><flow_mat><material><mattext texttype="text/html">&lt;div class="vtbegenerated inlineVtbegenerated"&gt;&lt;p&gt;Add&amp;#160;the points,&amp;#160;&lt;span style="color: #000000;font-family: &amp;#39;Open Sans&amp;#39;, sans-serif;font-size: 13px;font-style: normal;font-weight: 400;letter-spacing: normal;text-align: start;text-indent: 0px;text-transform: none;white-space: normal;word-spacing: 0px;background-color: #ffffff;display: inline !important;float: none;"&gt;d&lt;/span&gt;&amp;#160;=&amp;#160;C2&amp;#160;+&amp;#160;C1.&amp;#160;Calculate the squared&amp;#160;magnitude of this vector&amp;#160;|d|^2&amp;#160;and compare this to&amp;#160;the squared subtraction of the radii,&amp;#160;(r1&amp;#160;-&amp;#160;r2)^2&lt;/p&gt;&lt;/div&gt;
</mattext></material></flow_mat></response_label></flow_label></render_choice></response_lid></flow></presentation><resprocessing><respcondition title="Response Condition 1"><conditionvar><varequal respident="QUES_6441412_6450798_LID">QUES_6441412_6450798_A23696630</varequal></conditionvar><setvar action="Set">0.000000000</setvar><displayfeedback feedbacktype="Response" linkrefid="QUES_6441412_6450798_IF23696630" /></respcondition><respcondition title="Response Condition 2"><conditionvar><varequal respident="QUES_6441412_6450798_LID">QUES_6441412_6450798_A23696631</varequal></conditionvar><setvar action="Set">100.000000000</setvar><displayfeedback feedbacktype="Response" linkrefid="QUES_6441412_6450798_IF23696631" /></respcondition><respcondition title="Response Condition 3"><conditionvar><varequal respident="QUES_6441412_6450798_LID">QUES_6441412_6450798_A23696632</varequal></conditionvar><setvar action="Set">0.000000000</setvar><displayfeedback feedbacktype="Response" linkrefid="QUES_6441412_6450798_IF23696632" /></respcondition><respcondition title="Response Condition 4"><conditionvar><varequal respident="QUES_6441412_6450798_LID">QUES_6441412_6450798_A23696633</varequal></conditionvar><setvar action="Set">0.000000000</setvar><displayfeedback feedbacktype="Response" linkrefid="QUES_6441412_6450798_IF23696633" /></respcondition></resprocessing><itemfeedback ident="QUES_6441412_6450798_IF23696630"><material><mattext texttype="text/plain" /></material></itemfeedback><itemfeedback ident="QUES_6441412_6450798_IF23696631"><material><mattext texttype="text/plain" /></material></itemfeedback><itemfeedback ident="QUES_6441412_6450798_IF23696632"><material><mattext texttype="text/plain" /></material></itemfeedback><itemfeedback ident="QUES_6441412_6450798_IF23696633"><material><mattext texttype="text/plain" /></material></itemfeedback></item><item ident="OBJ_7506453" label="QUES_6441413_6450799" d2l_2p0:page="1"><itemmetadata><qtimetadata><qti_metadatafield><fieldlabel>qmd_computerscored</fieldlabel><fieldentry>yes</fieldentry></qti_metadatafield><qti_metadatafield><fieldlabel>qmd_questiontype</fieldlabel><fieldentry>Multiple Choice</fieldentry></qti_metadatafield><qti_metadatafield><fieldlabel>qmd_weighting</fieldlabel><fieldentry>0.200000000</fieldentry></qti_metadatafield><qti_metadatafield><fieldlabel>qmd_globalid</fieldlabel><fieldentry>0c0d3e0d-2611-4c45-96ff-c83a3fccd7f7</fieldentry></qti_metadatafield><qti_metadatafield><fieldlabel>qmd_displayid</fieldlabel><fieldentry>XLIST_SALAMAT_GAME3121_202201-71</fieldentry></qti_metadatafield></qtimetadata></itemmetadata><itemproc_extension><d2l_2p0:difficulty>1</d2l_2p0:difficulty><d2l_2p0:isbonus>no</d2l_2p0:isbonus><d2l_2p0:ismandatory>no</d2l_2p0:ismandatory></itemproc_extension><presentation><flow><material><mattext texttype="text/html">&lt;p&gt;How are the Cartesian basis vectors related?&lt;/p&gt;</mattext></material><response_extension><d2l_2p0:display_style>2</d2l_2p0:display_style><d2l_2p0:enumeration>6</d2l_2p0:enumeration><d2l_2p0:grading_type>0</d2l_2p0:grading_type></response_extension><response_lid ident="QUES_6441413_6450799_LID" rcardinality="Single"><render_choice shuffle="no"><flow_label class="Block"><response_label ident="QUES_6441413_6450799_A23696634"><flow_mat><material><mattext texttype="text/html">&lt;div class="vtbegenerated inlineVtbegenerated"&gt;&lt;p&gt;By Cross Products&lt;/p&gt;&lt;/div&gt;
</mattext></material></flow_mat></response_label></flow_label><flow_label class="Block"><response_label ident="QUES_6441413_6450799_A23696635"><flow_mat><material><mattext texttype="text/html">&lt;div class="vtbegenerated inlineVtbegenerated"&gt;&lt;p&gt;By Dot Products&lt;/p&gt;&lt;/div&gt;
</mattext></material></flow_mat></response_label></flow_label><flow_label class="Block"><response_label ident="QUES_6441413_6450799_A23696636"><flow_mat><material><mattext texttype="text/html">&lt;div class="vtbegenerated inlineVtbegenerated"&gt;&lt;p&gt;By addition&lt;/p&gt;&lt;/div&gt;
</mattext></material></flow_mat></response_label></flow_label><flow_label class="Block"><response_label ident="QUES_6441413_6450799_A23696637"><flow_mat><material><mattext texttype="text/html">&lt;div class="vtbegenerated inlineVtbegenerated"&gt;&lt;p&gt;By subtraction&lt;/p&gt;&lt;/div&gt;
</mattext></material></flow_mat></response_label></flow_label></render_choice></response_lid></flow></presentation><resprocessing><respcondition title="Response Condition 1"><conditionvar><varequal respident="QUES_6441413_6450799_LID">QUES_6441413_6450799_A23696634</varequal></conditionvar><setvar action="Set">100.000000000</setvar><displayfeedback feedbacktype="Response" linkrefid="QUES_6441413_6450799_IF23696634" /></respcondition><respcondition title="Response Condition 2"><conditionvar><varequal respident="QUES_6441413_6450799_LID">QUES_6441413_6450799_A23696635</varequal></conditionvar><setvar action="Set">0.000000000</setvar><displayfeedback feedbacktype="Response" linkrefid="QUES_6441413_6450799_IF23696635" /></respcondition><respcondition title="Response Condition 3"><conditionvar><varequal respident="QUES_6441413_6450799_LID">QUES_6441413_6450799_A23696636</varequal></conditionvar><setvar action="Set">0.000000000</setvar><displayfeedback feedbacktype="Response" linkrefid="QUES_6441413_6450799_IF23696636" /></respcondition><respcondition title="Response Condition 4"><conditionvar><varequal respident="QUES_6441413_6450799_LID">QUES_6441413_6450799_A23696637</varequal></conditionvar><setvar action="Set">0.000000000</setvar><displayfeedback feedbacktype="Response" linkrefid="QUES_6441413_6450799_IF23696637" /></respcondition></resprocessing><itemfeedback ident="QUES_6441413_6450799_IF23696634"><material><mattext texttype="text/plain" /></material></itemfeedback><itemfeedback ident="QUES_6441413_6450799_IF23696635"><material><mattext texttype="text/plain" /></material></itemfeedback><itemfeedback ident="QUES_6441413_6450799_IF23696636"><material><mattext texttype="text/plain" /></material></itemfeedback><itemfeedback ident="QUES_6441413_6450799_IF23696637"><material><mattext texttype="text/plain" /></material></itemfeedback></item><item ident="OBJ_7506454" label="QUES_6441414_6450800" d2l_2p0:page="1"><itemmetadata><qtimetadata><qti_metadatafield><fieldlabel>qmd_computerscored</fieldlabel><fieldentry>yes</fieldentry></qti_metadatafield><qti_metadatafield><fieldlabel>qmd_questiontype</fieldlabel><fieldentry>Multiple Choice</fieldentry></qti_metadatafield><qti_metadatafield><fieldlabel>qmd_weighting</fieldlabel><fieldentry>0.200000000</fieldentry></qti_metadatafield><qti_metadatafield><fieldlabel>qmd_globalid</fieldlabel><fieldentry>569db9ba-c958-4941-83fd-7fd0d0b23c94</fieldentry></qti_metadatafield><qti_metadatafield><fieldlabel>qmd_displayid</fieldlabel><fieldentry>XLIST_SALAMAT_GAME3121_202201-76</fieldentry></qti_metadatafield></qtimetadata></itemmetadata><itemproc_extension><d2l_2p0:difficulty>1</d2l_2p0:difficulty><d2l_2p0:isbonus>no</d2l_2p0:isbonus><d2l_2p0:ismandatory>no</d2l_2p0:ismandatory></itemproc_extension><presentation><flow><material><mattext texttype="text/html">&lt;p&gt;What coordinate&amp;#160;system employs a pitch angle phi, a yaw angle theta and a radial measurement r to represent points by the triple of numbers?&lt;/p&gt;</mattext></material><response_extension><d2l_2p0:display_style>2</d2l_2p0:display_style><d2l_2p0:enumeration>6</d2l_2p0:enumeration><d2l_2p0:grading_type>0</d2l_2p0:grading_type></response_extension><response_lid ident="QUES_6441414_6450800_LID" rcardinality="Single"><render_choice shuffle="no"><flow_label class="Block"><response_label ident="QUES_6441414_6450800_A23696638"><flow_mat><material><mattext texttype="text/html">&lt;div class="vtbegenerated inlineVtbegenerated"&gt;&lt;p&gt;Spherical coordinates&lt;/p&gt;&lt;/div&gt;
</mattext></material></flow_mat></response_label></flow_label><flow_label class="Block"><response_label ident="QUES_6441414_6450800_A23696639"><flow_mat><material><mattext texttype="text/html">&lt;div class="vtbegenerated inlineVtbegenerated"&gt;&lt;p&gt;Cylindrical coordinates&lt;/p&gt;&lt;/div&gt;
</mattext></material></flow_mat></response_label></flow_label><flow_label class="Block"><response_label ident="QUES_6441414_6450800_A23696640"><flow_mat><material><mattext texttype="text/html">&lt;div class="vtbegenerated inlineVtbegenerated"&gt;&lt;p&gt;Cartesian coordinates&lt;/p&gt;&lt;/div&gt;
</mattext></material></flow_mat></response_label></flow_label><flow_label class="Block"><response_label ident="QUES_6441414_6450800_A23696641"><flow_mat><material><mattext texttype="text/html">&lt;div class="vtbegenerated inlineVtbegenerated"&gt;&lt;p&gt;&lt;span style="color: #111111;font-family: Roboto, sans-serif;font-size: 16px;font-style: normal;font-weight: 400;letter-spacing: normal;text-align: left;text-indent: 0px;text-transform: none;white-space: normal;word-spacing: 0px;background-color: #ffffff;display: inline !important;float: none;"&gt;Orthogonal coordinates&lt;/span&gt;&lt;/p&gt;&lt;/div&gt;
</mattext></material></flow_mat></response_label></flow_label></render_choice></response_lid></flow></presentation><resprocessing><respcondition title="Response Condition 1"><conditionvar><varequal respident="QUES_6441414_6450800_LID">QUES_6441414_6450800_A23696638</varequal></conditionvar><setvar action="Set">100.000000000</setvar><displayfeedback feedbacktype="Response" linkrefid="QUES_6441414_6450800_IF23696638" /></respcondition><respcondition title="Response Condition 2"><conditionvar><varequal respident="QUES_6441414_6450800_LID">QUES_6441414_6450800_A23696639</varequal></conditionvar><setvar action="Set">0.000000000</setvar><displayfeedback feedbacktype="Response" linkrefid="QUES_6441414_6450800_IF23696639" /></respcondition><respcondition title="Response Condition 3"><conditionvar><varequal respident="QUES_6441414_6450800_LID">QUES_6441414_6450800_A23696640</varequal></conditionvar><setvar action="Set">0.000000000</setvar><displayfeedback feedbacktype="Response" linkrefid="QUES_6441414_6450800_IF23696640" /></respcondition><respcondition title="Response Condition 4"><conditionvar><varequal respident="QUES_6441414_6450800_LID">QUES_6441414_6450800_A23696641</varequal></conditionvar><setvar action="Set">0.000000000</setvar><displayfeedback feedbacktype="Response" linkrefid="QUES_6441414_6450800_IF23696641" /></respcondition></resprocessing><itemfeedback ident="QUES_6441414_6450800_IF23696638"><material><mattext texttype="text/plain" /></material></itemfeedback><itemfeedback ident="QUES_6441414_6450800_IF23696639"><material><mattext texttype="text/plain" /></material></itemfeedback><itemfeedback ident="QUES_6441414_6450800_IF23696640"><material><mattext texttype="text/plain" /></material></itemfeedback><itemfeedback ident="QUES_6441414_6450800_IF23696641"><material><mattext texttype="text/plain" /></material></itemfeedback></item><item ident="OBJ_7506455" label="QUES_6441415_6450801" d2l_2p0:page="1"><itemmetadata><qtimetadata><qti_metadatafield><fieldlabel>qmd_computerscored</fieldlabel><fieldentry>yes</fieldentry></qti_metadatafield><qti_metadatafield><fieldlabel>qmd_questiontype</fieldlabel><fieldentry>Multiple Choice</fieldentry></qti_metadatafield><qti_metadatafield><fieldlabel>qmd_weighting</fieldlabel><fieldentry>0.200000000</fieldentry></qti_metadatafield><qti_metadatafield><fieldlabel>qmd_globalid</fieldlabel><fieldentry>953461a9-706b-4a6f-ae3d-204d211f2577</fieldentry></qti_metadatafield><qti_metadatafield><fieldlabel>qmd_displayid</fieldlabel><fieldentry>XLIST_SALAMAT_GAME3121_202201-79</fieldentry></qti_metadatafield></qtimetadata></itemmetadata><itemproc_extension><d2l_2p0:difficulty>1</d2l_2p0:difficulty><d2l_2p0:isbonus>no</d2l_2p0:isbonus><d2l_2p0:ismandatory>no</d2l_2p0:ismandatory></itemproc_extension><presentation><flow><material><mattext texttype="text/html">&lt;p&gt;How do you rotate a vector v by a quaternion q?&lt;/p&gt;</mattext></material><response_extension><d2l_2p0:display_style>2</d2l_2p0:display_style><d2l_2p0:enumeration>6</d2l_2p0:enumeration><d2l_2p0:grading_type>0</d2l_2p0:grading_type></response_extension><response_lid ident="QUES_6441415_6450801_LID" rcardinality="Single"><render_choice shuffle="no"><flow_label class="Block"><response_label ident="QUES_6441415_6450801_A23696642"><flow_mat><material><mattext texttype="text/html">&lt;div class="vtbegenerated inlineVtbegenerated"&gt;&lt;p&gt;rotate(q,v)&amp;#160;=&amp;#160;qvq* where q* is the conjugate&lt;/p&gt;&lt;/div&gt;
</mattext></material></flow_mat></response_label></flow_label><flow_label class="Block"><response_label ident="QUES_6441415_6450801_A23696643"><flow_mat><material><mattext texttype="text/html">&lt;div class="vtbegenerated inlineVtbegenerated"&gt;&lt;p&gt;rotate(q, v) = vq-1&amp;#160; where q-1 is the inverse of q&lt;/p&gt;&lt;/div&gt;
</mattext></material></flow_mat></response_label></flow_label><flow_label class="Block"><response_label ident="QUES_6441415_6450801_A23696644"><flow_mat><material><mattext texttype="text/html">&lt;div class="vtbegenerated inlineVtbegenerated"&gt;&lt;p&gt;&lt;span style="color: #000000;font-family: &amp;#39;Open Sans&amp;#39;, sans-serif;font-size: 13px;font-style: normal;font-weight: 400;letter-spacing: normal;text-align: start;text-indent: 0px;text-transform: none;white-space: normal;word-spacing: 0px;background-color: #ffffff;display: inline !important;float: none;"&gt;rotate(q, v) =&amp;#160;&lt;/span&gt;q&lt;span style="color: #000000;font-family: &amp;#39;Open Sans&amp;#39;, sans-serif;font-size: 13px;font-style: normal;font-weight: 400;letter-spacing: normal;text-align: start;text-indent: 0px;text-transform: none;white-space: normal;word-spacing: 0px;background-color: #ffffff;display: inline !important;float: none;"&gt;-1&amp;#160;X&amp;#160;v&amp;#160; where q-1 is the inverse of q&lt;/span&gt;&lt;/p&gt;&lt;/div&gt;
</mattext></material></flow_mat></response_label></flow_label><flow_label class="Block"><response_label ident="QUES_6441415_6450801_A23696645"><flow_mat><material><mattext texttype="text/html">&lt;div class="vtbegenerated inlineVtbegenerated"&gt;&lt;p&gt;&lt;span style="color: #000000;font-family: &amp;#39;Open Sans&amp;#39;, sans-serif;font-size: 13px;font-style: normal;font-weight: 400;letter-spacing: normal;text-align: start;text-indent: 0px;text-transform: none;white-space: normal;word-spacing: 0px;background-color: #ffffff;display: inline !important;float: none;"&gt;rotate(q,v)&lt;/span&gt;&lt;span style="color: #000000;font-family: &amp;#39;Open Sans&amp;#39;, sans-serif;font-size: 13px;font-style: normal;font-weight: 400;letter-spacing: normal;text-align: start;text-indent: 0px;text-transform: none;white-space: normal;word-spacing: 0px;background-color: #ffffff;display: inline !important;float: none;"&gt;&amp;#160;=&lt;/span&gt;&lt;span style="color: #000000;font-family: &amp;#39;Open Sans&amp;#39;, sans-serif;font-size: 13px;font-style: normal;font-weight: 400;letter-spacing: normal;text-align: start;text-indent: 0px;text-transform: none;white-space: normal;word-spacing: 0px;background-color: #ffffff;display: inline !important;float: none;"&gt;&amp;#160;&lt;/span&gt;v&amp;#160;X&amp;#160;q&lt;span style="color: #000000;font-family: &amp;#39;Open Sans&amp;#39;, sans-serif;font-size: 13px;font-style: normal;font-weight: 400;letter-spacing: normal;text-align: start;text-indent: 0px;text-transform: none;white-space: normal;word-spacing: 0px;background-color: #ffffff;display: inline !important;float: none;"&gt;* where q* is the conjugate&lt;/span&gt;&lt;/p&gt;&lt;/div&gt;
</mattext></material></flow_mat></response_label></flow_label></render_choice></response_lid></flow></presentation><resprocessing><respcondition title="Response Condition 1"><conditionvar><varequal respident="QUES_6441415_6450801_LID">QUES_6441415_6450801_A23696642</varequal></conditionvar><setvar action="Set">100.000000000</setvar><displayfeedback feedbacktype="Response" linkrefid="QUES_6441415_6450801_IF23696642" /></respcondition><respcondition title="Response Condition 2"><conditionvar><varequal respident="QUES_6441415_6450801_LID">QUES_6441415_6450801_A23696643</varequal></conditionvar><setvar action="Set">0.000000000</setvar><displayfeedback feedbacktype="Response" linkrefid="QUES_6441415_6450801_IF23696643" /></respcondition><respcondition title="Response Condition 3"><conditionvar><varequal respident="QUES_6441415_6450801_LID">QUES_6441415_6450801_A23696644</varequal></conditionvar><setvar action="Set">0.000000000</setvar><displayfeedback feedbacktype="Response" linkrefid="QUES_6441415_6450801_IF23696644" /></respcondition><respcondition title="Response Condition 4"><conditionvar><varequal respident="QUES_6441415_6450801_LID">QUES_6441415_6450801_A23696645</varequal></conditionvar><setvar action="Set">0.000000000</setvar><displayfeedback feedbacktype="Response" linkrefid="QUES_6441415_6450801_IF23696645" /></respcondition></resprocessing><itemfeedback ident="QUES_6441415_6450801_IF23696642"><material><mattext texttype="text/plain" /></material></itemfeedback><itemfeedback ident="QUES_6441415_6450801_IF23696643"><material><mattext texttype="text/plain" /></material></itemfeedback><itemfeedback ident="QUES_6441415_6450801_IF23696644"><material><mattext texttype="text/plain" /></material></itemfeedback><itemfeedback ident="QUES_6441415_6450801_IF23696645"><material><mattext texttype="text/plain" /></material></itemfeedback></item></section></assessment></questestinterop>